Unnamed: 0,cafe_id,cafe,address,addrbunho,image_url
0,1435079685,카페비글,제주특별자치도 제주시 조천읍 신촌리,2717-4,
1,13616943,동명다방,제주특별자치도 제주시 일도2동,1024-12,
2,1316013494,바바라코코,제주특별자치도 서귀포시 대포동,2270,
3,1080732845,팔롬비니 제주본점,제주특별자치도 제주시 오라삼동,2401-46,http://t1.daumcdn.net/place/658D1988C8384F2EAE26314D39CEB530
4,21473253,파크관광호텔다방,제주특별자치도 서귀포시 서귀동,674-2,
5,15991302,카페여유,제주특별자치도 제주시 노형동,915-2,http://t1.daumcdn.net/place/3233968389A445538BC3E70ED0E33FC8
6,27447046,재게재게옵서카페,제주특별자치도 제주시 한림읍 협재리,2974,http://t1.daumcdn.net/localfiy/14B891442090445E9FF4EA982BBC109B
7,1365500111,정원이있는마네,제주특별자치도 서귀포시 안덕면 사계리,2294-13,http://t1.daumcdn.net/localfiy/F0D8B2013FE94833A969FEA381A1ECAC
8,23025179,곰탱이,제주특별자치도 제주시 연동,680-26,
9,812451551,제3공간,제주특별자치도 제주시 연동,1535,http://t1.daumcdn.net/localfiy/32453D02D8704871B7C52BB06971DC67
10,315505226,평화꽃섬,제주특별자치도 제주시 삼도2동,108-16,
11,1247747156,사계리2033,제주특별자치도 서귀포시 안덕면 사계리,2033,http://t1.daumcdn.net/localfiy/58BE5089355D4A6991B1F7FA2BA774DA
12,1150352609,노마스,제주특별자치도 서귀포시 안덕면 서광리,1418-1,http://t1.daumcdn.net/localfiy/C7FD162C24714F1F97984F27FC9EB29F
13,1645145228,수지네카페,제주특별자치도 서귀포시 안덕면 덕수리,2117,
14,1802810168,세탁쏘,제주특별자치도 서귀포시 동홍동,91-1,http://t1.daumcdn.net/place/0A8726700357419197F57504C781D68E
15,10785507,진주다방,제주특별자치도 제주시 삼도1동,538-3,
16,905387561,말깡쥬스,제주특별자치도 제주시 조천읍 함덕리,270-6,http://t1.daumcdn.net/localfiy/14763BFB4E904C1A8F7E343E627CA776
17,338325866,카페루팡,제주특별자치도 제주시 연동,271-39,http://t1.daumcdn.net/place/E173212A53334E57AE1005AACB555DE8
18,2089041330,테오도라,제주특별자치도 제주시 아라이동,1145-6,
19,526568146,제주함덕카페 라라떼,제주특별자치도 제주시 조천읍 함덕리,1231,http://t1.daumcdn.net/localfiy/searchregister_1436536655
20,12546827,몽드,제주특별자치도 제주시 연동,283-46,http://t1.daumcdn.net/place/E2362A37467744FB85853C0E578D021B
21,1392519675,라또알블랑쉬,제주특별자치도 제주시 구좌읍 하도리,3078-4,http://t1.daumcdn.net/place/6A9C65E700264B209F3CC4E516E12126
22,480010152,앤,제주특별자치도 서귀포시 대정읍 보성리,2468,
23,9781097,립스틱,제주특별자치도 서귀포시 서귀동,292-21,
24,27483377,제주위미동백골,제주특별자치도 서귀포시 남원읍 위미리,890-4,
25,21469423,로타리쉼터,제주특별자치도 제주시 삼도2동,203-2,
26,1915394502,피플카페,제주특별자치도 제주시 조천읍 신촌리,2405-8,
27,1706278496,원더샌드위치카페,제주특별자치도 제주시 도남동,64-3,http://t1.daumcdn.net/place/7E02781757134A4E86FDB99B484F7868
28,26591021,달달카페,제주특별자치도 제주시 한림읍 월령리,348-2,http://t1.daumcdn.net/place/0A71AA02E8F94E7585EEDB5C0D08C246
29,21524936,숑,제주특별자치도 서귀포시 남원읍 신례리,27-6,http://t1.daumcdn.net/place/40D6A986B32A4D02869898F1166E2949
30,1475505222,소담카페,제주특별자치도 서귀포시 표선면 토산리,439-5,
31,27491844,이웃집마나까페,제주특별자치도 제주시 일도2동,48-2,http://t1.daumcdn.net/cfile/2154234C5767857202
32,1779867565,쁘띠뚜아,제주특별자치도 제주시 오라이동,130,
33,8359940,새벽이슬,제주특별자치도 제주시 해안동,22-13,
34,27237634,쓰담뜨담,제주특별자치도 서귀포시 안덕면 창천리,794-2,http://t1.daumcdn.net/place/5FF9C5D6AEFC412FB7EE92B2547473CA
35,389424248,펫소풍,제주특별자치도 서귀포시 안덕면 서광리,2188-1,http://t1.daumcdn.net/localfiy/B99771AFF9284BEC929EEFB849E814E2
36,447419247,오늘종달,제주특별자치도 제주시 구좌읍 종달리,477-1,
37,1892181316,타임,제주특별자치도 서귀포시 서귀동,301-20,
38,849201874,쏘셜클럽,제주특별자치도 서귀포시 대정읍 보성리,2372,http://t1.daumcdn.net/localfiy/1C1700F4A70641F88B755410D9C969A4
39,1903840341,요거프레소 제주성산점,제주특별자치도 서귀포시 성산읍 오조리,634,http://t1.daumcdn.net/localfiy/D532A20B44F34D9BBDEC93077A7ED4E9
40,27517565,에프터글로우,제주특별자치도 제주시 아라이동,1200-2,http://t1.daumcdn.net/place/D83AF53BC23240C795696EB33AE0C2F3
41,1546033095,카페360,제주특별자치도 제주시 이도이동,2007-4,http://t1.daumcdn.net/place/B08BEE12E25845D19F098CACF5B485B8
42,481425144,골목카페옥수,제주특별자치도 제주시 애월읍 소길리,652-1,http://t1.daumcdn.net/place/CE7188D9F08B404BBBC28E799C8ADFB4
43,1932644689,피터펫카페 제주세종점,제주특별자치도 제주시 도두일동,1241-2,
44,928680139,종종캐주얼다이닝앤카페,제주특별자치도 제주시 연동,1496-4,http://t1.daumcdn.net/place/A30D94D0270C43C6BA9F92877D4C8874
45,1890308440,카페올띠,제주특별자치도 제주시 노형동,914-10,http://t1.daumcdn.net/place/F8267D425B394E54BF79EFCFFA060EAD
46,1775803460,고운동,제주특별자치도 제주시 구좌읍 월정리,470,
47,26950133,카페힐섬,제주특별자치도 제주시 조천읍 조천리,1209-8,
48,131787039,놀멍쉬멍고르멍,제주특별자치도 서귀포시 서홍동,136-1,http://t1.daumcdn.net/localfiy/263412557B3949FCBD165B900F63362E
49,18406830,뷰크레스트,제주특별자치도 서귀포시 호근동,411,http://t1.daumcdn.net/place/4375999D1685440B90358B35DEBA1940
50,1490425231,쿠킹클래스어썸,제주특별자치도 서귀포시 동홍동,620,
51,490695595,제주도그녀,제주특별자치도 제주시 이도이동,1953-3,
52,940055123,엔조이커피앤비어,제주특별자치도 제주시 도련일동,1976-7,
53,113890301,시마에스프레소,제주특별자치도 제주시 노형동,3434-3,
54,17086100,카페세바,제주특별자치도 제주시 조천읍 선흘리,1093-1,http://t1.daumcdn.net/place/D3A7551D65A34FD59530465581E3C1A9
55,27128687,바람이분다당신이좋다,제주특별자치도 제주시 용담일동,432,http://t1.daumcdn.net/place/C64C9C573B9542FABC1C556070E65D49
56,26906049,벤츠,제주특별자치도 서귀포시 서귀동,432-4,
57,9496555,채플린,제주특별자치도 서귀포시 정방동,204-18,
58,22676403,가인,제주특별자치도 제주시 한림읍 한림리,1328-11,
59,4241227,교래팥이랑카페,제주특별자치도 제주시 조천읍 교래리,417,
60,1115019463,델문도 로스터스,제주특별자치도 제주시 도남동,61-4,http://t1.daumcdn.net/place/D3096971543B4FD1B553D21B61A8D724
61,2144722432,밝은방,제주특별자치도 서귀포시 호근동,1787-1,http://t1.daumcdn.net/place/916569062349445F8FCD518DC10A16DF
62,27413848,카페움,제주특별자치도 서귀포시 호근동,630-2,http://t1.daumcdn.net/place/E52399D7E5194C238668AF0FC3C7E575
63,16977836,문구까페,제주특별자치도 제주시 도남동,54-6,
64,27127929,귤하르방 삼성혈점,제주특별자치도 제주시 일도2동,1034-16,http://t1.daumcdn.net/place/4D9144B892E94CA990C54BA994156DC8
65,72822449,더치박스,제주특별자치도 제주시 노형동,2578-4,http://t1.daumcdn.net/localfiy/A1756CF6FB044D2FAABD9595308C8896
66,1436757802,카페두모리에,제주특별자치도 제주시 한경면 두모리,2611,http://t1.daumcdn.net/localfiy/2F9F644D2CE24B21979F54C60D916AFA
67,121125177,카페비아,제주특별자치도 제주시 삼양삼동,2560-1,
68,8749783,곰탱이카페,제주특별자치도 제주시 이도2동,1068-11,
69,13582475,빠리 스토리,제주특별자치도 제주시 이도2동,1766-1,
70,1620756271,이디야커피 제주화북점,제주특별자치도 제주시 화북일동,1221-2,http://t1.daumcdn.net/localfiy/85FEBF0F2E614F488BA3FE0E299CE30A
71,1372265134,제주헌치카페,제주특별자치도 제주시 구좌읍 송당리,2148-10,http://t1.daumcdn.net/localfiy/searchregister_472055186
72,604757802,월정541,제주특별자치도 제주시 구좌읍 월정리,541,
73,730657517,카페더문,제주특별자치도 제주시 내도동,640-1,http://t1.daumcdn.net/place/AFBFB3FC1A764B279C6E20DD4CB31A14
74,429668433,봄봄삼양점,제주특별자치도 제주시 도련일동,2009,
75,20064837,라이브카페해비치,제주특별자치도 서귀포시 표선면 표선리,40-46,
76,2005952850,더모아,제주특별자치도 제주시 오라이동,130-10,
77,2081719694,달리다방,제주특별자치도 제주시 구좌읍 종달리,572-10,
78,24709681,뜨락,제주특별자치도 서귀포시 성산읍 고성리,298-14,
79,681007689,넥스트시티,제주특별자치도 제주시 연동,490-7,
80,1039947224,오라디오라,제주특별자치도 서귀포시 안덕면 사계리,238-1,
81,21687549,고팡갤러리,제주특별자치도 제주시 한림읍 금능리,2068,
82,551162440,다만프레르 제주신화월드점,제주특별자치도 서귀포시 안덕면 서광리,산 24,http://t1.daumcdn.net/place/93B87CF28C04449EA1800CCC4D63BFAD
83,2074427441,허브마세리아,제주특별자치도 서귀포시 성산읍 수산리,1676-5,
84,17766795,코나빈스 제주점,제주특별자치도 제주시 연동,490-7,http://t1.daumcdn.net/place/FEF37F0F3BD3499EAAD07EFF298EA86E
85,15452116,원,제주특별자치도 제주시 도남동,74-2,
86,620864833,카페다온,제주특별자치도 제주시 노형동,1065-4,http://t1.daumcdn.net/place/24B5CF3E765045DC8427E37DEB254DB9
87,27508442,불란지북카페,제주특별자치도 서귀포시 상예동,1281-2,
88,1365000504,카페38,제주특별자치도 제주시 노형동,1534,http://t1.daumcdn.net/localfiy/DB700DE3662D4354A5E9D86E03F2FE6A
89,1216705871,백패커스홈카페,제주특별자치도 서귀포시 서귀동,315-2,
90,13608624,흙집사랑,제주특별자치도 서귀포시 동홍동,1316-3,
91,9538169,펀,제주특별자치도 제주시 이도2동,1772-19,
92,1778286667,갤러리카페부동산컨설팅,제주특별자치도 서귀포시 대정읍 보성리,2476-11,http://t1.daumcdn.net/localfiy/08D98C54A10F4604BB9C95AB89EA6C51
93,760301938,더커피브루,제주특별자치도 서귀포시 강정동,208-7,http://t1.daumcdn.net/place/AEECDAAB0413490BA96DA7C02AEE77A7
94,27578710,엠츄로 제원점,제주특별자치도 제주시 연동,273-58,http://t1.daumcdn.net/place/AF7D8D04F47B47EAA284A9823B2FF671
95,1879913674,더리터 서귀포중앙점,제주특별자치도 서귀포시 서귀동,284-3,
96,1337328227,카페도두,제주특별자치도 제주시 도두이동,705-1,http://t1.daumcdn.net/place/9251E927D8E74789976F19A11C03D070
97,1458477147,디저트팩토리 쇠소깍점,제주특별자치도 서귀포시 하효동,951-1,http://t1.daumcdn.net/localfiy/B46CA1BDD59F44E892DEAECDBEEE4BD7
98,701108705,보드스페이스,제주특별자치도 제주시 이도2동,1768-27,http://t1.daumcdn.net/localfiy/searchregister_678653682
99,11053335,비밀,제주특별자치도 제주시 노형동,725-2,
0,1009227539,웨딩카페나비인,제주특별자치도 제주시 애월읍 고성리,138,
1,645692816,곽지스테이션,제주특별자치도 제주시 애월읍 곽지리,1575-4,http://t1.daumcdn.net/place/BAA1BD9566A043139C452E8546A50793
2,21543202,채식카페 작은부엌,제주특별자치도 제주시 조천읍 선흘리,1123,http://t1.daumcdn.net/place/FF3587BC3E344BB9A51AE0F4E13DECC8
3,702688492,파스쿠찌 제주삼화지구점,제주특별자치도 제주시 도련일동,1939-3,http://t1.daumcdn.net/localfiy/searchregister_77718696
4,862316721,바담하우스카페,제주특별자치도 서귀포시 성산읍 신산리,1177-3,
5,26593247,제주웰컴비앤비앤카페,제주특별자치도 제주시 조천읍 북촌리,611-1,
6,408753122,리치망고 천진항점,제주특별자치도 제주시 우도면 연평리,1748,
7,26098534,에이팩토리 베이커리카페,제주특별자치도 제주시 삼도이동,1192-17,http://t1.daumcdn.net/place/1342090C0AAB4633BA50C1F1EB8C253D
8,24662330,카페클라츠,제주특별자치도 제주시 이도2동,1990-10,
9,204842289,트라몬토,제주특별자치도 서귀포시 대정읍 하모리,770-59,
10,27199017,마노르블랑,제주특별자치도 서귀포시 안덕면 덕수리,2952,http://t1.daumcdn.net/place/7F80000431DE4C9F81A5BAD94F96B15C
11,450395323,썸,제주특별자치도 제주시 한림읍 한수리,912-1,
12,454474337,레이지리자드,제주특별자치도 제주시 조천읍 와산리,1559-1,http://t1.daumcdn.net/localfiy/42905A8F36F84EE69C7B92A917D09669
13,875047975,우연히그곳,제주특별자치도 제주시 구좌읍 송당리,1370-3,http://t1.daumcdn.net/place/75D46194139D4677BD6E70919516F6A6
14,1797528035,바바오럼,제주특별자치도 제주시 이도2동,1991-2,http://t1.daumcdn.net/place/497B13BD50BB4DFDB7E7A5E7A2B3674E
15,1351245165,카페소바니,제주특별자치도 제주시 노형동,2590-3,http://t1.daumcdn.net/localfiy/searchregister_1338091425
16,973503549,바왕,제주특별자치도 제주시 우도면 연평리,1200-6,
17,27225933,아파치라이브호프,제주특별자치도 서귀포시 서귀동,316-7,http://t1.daumcdn.net/localfiy/825BE4D3C1BA424FBEB6C49FAA3B5DCD
18,775734317,허니문하우스,제주특별자치도 서귀포시 토평동,511,http://t1.daumcdn.net/localfiy/2B8CD0EA56A04C3E906420BA00D36024
19,27222177,빽다방 제주노형뜨란채점,제주특별자치도 제주시 노형동,2615-5,
20,26784906,project064다방,제주특별자치도 제주시 연동,261-59,http://t1.daumcdn.net/place/80FF1046A8404EC9AE846CDE63467E05
21,26512178,라인강커피호프,제주특별자치도 서귀포시 성산읍 고성리,325-10,
22,2074003249,필&라이프제주,제주특별자치도 제주시 노형동,3800-11,
23,497123240,아잘리아 WE 호텔,제주특별자치도 서귀포시 회수동,30,
24,27058025,쭌카페,제주특별자치도 제주시 연동,291-129,
25,652742008,장미카페,제주특별자치도 제주시 이도1동,1414-4,
26,1983315941,바다다,제주특별자치도 서귀포시 대포동,2384,http://t1.daumcdn.net/place/27A0510D9C6B4630A9FCA9FEF65D436A
27,573133854,카페바나나 함덕점,제주특별자치도 제주시 조천읍 함덕리,1020-2,http://t1.daumcdn.net/localfiy/331AA166E92F4663BB7554026D321BB1
28,1630441900,소담카페소담하우스,제주특별자치도 서귀포시 대정읍 하모리,612-3,
29,11003199,다솔산방,제주특별자치도 서귀포시 회수동,571,
30,1809400616,파리스라운지,제주특별자치도 서귀포시 강정동,923-1,
31,162122149,아일랜드빈티지커피 제주점,제주특별자치도 제주시 용담삼동,2572,http://t1.daumcdn.net/place/90B5176AA47D4F46B7513D47529AD0D0
32,17698044,선흘반못,제주특별자치도 제주시 조천읍 선흘리,산 22,
33,27464469,과일아삭 중앙로점,제주특별자치도 제주시 이도1동,1452-4,http://t1.daumcdn.net/cfile/223FAE4356C0267124
34,1338197965,카페희스토리,제주특별자치도 제주시 도두일동,2581,http://t1.daumcdn.net/localfiy/CD49C6ED834249538EE4D2B3BBB9AF54
35,1812243909,커피타는야옹이,제주특별자치도 제주시 한림읍 협재리,2469-1,http://t1.daumcdn.net/localfiy/70D36FB8F74C4E558076FB44DF1562FA
36,778794593,고성리안,제주특별자치도 서귀포시 성산읍 고성리,1195-1,
37,19637598,슬로우벗커피로스터스,제주특별자치도 제주시 용담이동,439,http://t1.daumcdn.net/cfile/211880425588F27321
38,1828484014,투썸플레이스 제주오라우정점,제주특별자치도 제주시 오라이동,3300,http://t1.daumcdn.net/place/C836BDC6640346238E5EDBA6A9801C0A
39,166846769,남쪽창고,제주특별자치도 서귀포시 남원읍 남원리,2336-4,
40,614072112,힐링브이알카페꿀곰허니베어,제주특별자치도 제주시 건입동,886-9,
41,897536273,플라이오조,제주특별자치도 서귀포시 성산읍 오조리,792-4,http://t1.daumcdn.net/place/AD9AE7D7920C4B2A8E62BFEB4CBBF1CC
42,474067457,낙낙커피,제주특별자치도 제주시 이도1동,1258-17,
43,638371572,페이보리오리,제주특별자치도 서귀포시 하효동,848,http://t1.daumcdn.net/localfiy/F1F74C13E1B84E9E85A403D1B68DAD79
44,22673337,코너,제주특별자치도 제주시 이도2동,1771-12,
45,203853018,파스쿠찌 제주서사라점,제주특별자치도 제주시 삼도일동,565-4,
46,1791921485,아도록,제주특별자치도 제주시 구좌읍 평대리,2025-4,http://t1.daumcdn.net/place/64B51BF870AD4D8491CF710F0D1F0172
47,624719590,오가닉제주,제주특별자치도 제주시 구좌읍 세화리,1467-2,
48,27411422,꿈꾸는고양이,제주특별자치도 제주시 애월읍 하가리,297-5,http://t1.daumcdn.net/cfile/245D084E5762456523
49,1566841942,피트카페,제주특별자치도 제주시 이호이동,258-11,
50,1382558769,삐끄니끄,제주특별자치도 제주시 연동,314-88,http://t1.daumcdn.net/place/0E5761560F6546B1A01AC7C0927B5E06
51,1182742651,간세다리족욕카페,제주특별자치도 서귀포시 서귀동,318-23,http://t1.daumcdn.net/place/12FDE59C541F48B7ACB2A49EA958A824
52,300712547,소원성지카페,제주특별자치도 제주시 애월읍 광령리,2807-18,
53,924538990,생느행,제주특별자치도 제주시 일도1동,1298-6,http://t1.daumcdn.net/place/50627BDD5F4F423AB112DBF2AFD04C6B
54,20635890,미호카페,제주특별자치도 제주시 외도일동,643-12,http://t1.daumcdn.net/place/51ADFEFB1EFD4B1480CC2DD9D444D8B6
55,198008115,돌코돔살레,제주특별자치도 서귀포시 색달동,2950-4,
56,1771624099,인더오조,제주특별자치도 서귀포시 성산읍 오조리,325-1,http://t1.daumcdn.net/place/2095001C4E874E3DAE4213D75C226260
57,1458559946,카페비주앤주,제주특별자치도 제주시 건입동,111-5,http://t1.daumcdn.net/place/CCCA668E1BC6405198B5E7E95983AF88
58,20303654,숨비아일랜드,제주특별자치도 서귀포시 성산읍 신천리,353-16,http://t1.daumcdn.net/place/9E3C67683EF84775A7832CEDBB0301C1
59,608722673,코지오베르쥬,제주특별자치도 제주시 연동,1515-4,http://t1.daumcdn.net/place/23C9E66B5AFF4C60BB337D4AEE628721
60,483731623,스무디킹 제주신화월드점,제주특별자치도 서귀포시 안덕면 서광리,산 24,
61,1839104258,마린68,제주특별자치도 서귀포시 안덕면 사계리,2029-6,http://t1.daumcdn.net/localfiy/E01CEC2174F8420194481B811503FBC4
62,23309877,동성다방,제주특별자치도 제주시 일도2동,550-65,
63,526663833,연동커피,제주특별자치도 제주시 연동,256-4,http://t1.daumcdn.net/localfiy/35FB6602F04A410F8ACDBE4894031C94
64,378587552,서로,제주특별자치도 제주시 삼도2동,603-13,http://t1.daumcdn.net/place/C64D69B4D9EB4A48A7A8AB3BF7089676
65,100179467,더츠커피,제주특별자치도 제주시 삼양일동,1620,
66,1916613055,도그헤븐,제주특별자치도 제주시 연동,292-10,
67,1848820644,다낚아낚시카페 제주점,제주특별자치도 제주시 이도1동,1774-8,
68,1632912716,카페훤,제주특별자치도 제주시 한림읍 협재리,1717,http://t1.daumcdn.net/localfiy/searchregister_1756867299
69,1938789532,배롱정원,제주특별자치도 제주시 한림읍 협재리,2518,http://t1.daumcdn.net/place/0E457640252848B5A66742B482AE2B1B
70,474734030,곱닥헌,제주특별자치도 서귀포시 대정읍 상모리,3932,
71,1202641851,앤타르트,제주특별자치도 제주시 조천읍 함덕리,272-35,http://t1.daumcdn.net/localfiy/1DF38741E0D84252BA884376EDC0EEDD
72,863864368,뮤커피,제주특별자치도 제주시 외도일동,530-3,http://t1.daumcdn.net/localfiy/13CAD7A2A7604F5A854DFEAE7BBFE78E
73,8913622,동남다방,제주특별자치도 서귀포시 성산읍 고성리,1196-3,
74,293987431,곰막다방,제주특별자치도 제주시 구좌읍 동복리,667-2,
75,26900356,스타벅스 제주중문DT점,제주특별자치도 서귀포시 색달동,2476-1,http://t1.daumcdn.net/place/7ECECA88850B45F5A451C4DEE1DC568C
76,1717813496,푸르곤,제주특별자치도 제주시 애월읍 납읍리,1024-6,http://t1.daumcdn.net/localfiy/3F705564A45245E1BE69D903C29F5AC2
77,218148094,감성카페심지,제주특별자치도 제주시 일도일동,1416-2,
78,1032727268,바람이머무는곳,제주특별자치도 제주시 애월읍 애월리,1834-4,http://t1.daumcdn.net/localfiy/E39A04096B2B485683B6EC90016E948C
79,21025723,지구아이,제주특별자치도 제주시 이도1동,1690-5,
80,1478142962,선재다원,제주특별자치도 서귀포시 표선면 표선리,631-1,
81,1926333996,건강한차이야기,제주특별자치도 제주시 노형동,3804-15,
82,645154188,라운딩,제주특별자치도 제주시 연동,1507-10,
83,384390280,제이2019,제주특별자치도 제주시 노형동,1054-6,
84,27264016,꺼멍싸바,제주특별자치도 제주시 구좌읍 세화리,1477-15,
85,501338844,미미다방,제주특별자치도 서귀포시 대정읍 하모리,1029-4,
86,258584774,그리울땐제주,제주특별자치도 서귀포시 남원읍 신흥리,125-6,http://t1.daumcdn.net/place/C210EA41D1B74302BE2BB3C84F9F9607
87,787781146,비온뒤맑게갠하늘,제주특별자치도 제주시 애월읍 유수암리,617-1,
88,18752674,최마담네 빵다방,제주특별자치도 제주시 한림읍 협재리,1494-1,http://t1.daumcdn.net/place/A5795FE37001463A8AC52C802EC5E5A6
89,22377388,파스쿠찌 제주이도점,제주특별자치도 제주시 이도2동,1986-20,
90,17414223,딕시,제주특별자치도 서귀포시 동홍동,116-7,http://t1.daumcdn.net/place/7C2CB3D80714417ABEAFCB61379A789E
91,914471105,바람과바다,제주특별자치도 제주시 조천읍 신흥리,870,http://t1.daumcdn.net/localfiy/searchregister_599397133
92,842997984,인샵카페,제주특별자치도 제주시 연동,261-6,
93,924582450,스쿠버스,제주특별자치도 제주시 구좌읍 월정리,278,http://t1.daumcdn.net/place/36D8240118144734828F24CEF8BFBD8E
94,1852818326,가수박시은커피,제주특별자치도 제주시 한경면 판포리,2881-3,
95,317398947,한형수정원,제주특별자치도 제주시 한림읍 협재리,1352,http://t1.daumcdn.net/localfiy/07DEB512D52944929A9C3E46334255AD
96,26948116,망고레이 송악산점,제주특별자치도 서귀포시 대정읍 상모리,133-1,http://t1.daumcdn.net/place/F1C29F69139A4159B42396B48ED84D7F
97,2117009564,씨리얼제주,제주특별자치도 제주시 한림읍 협재리,1034-1,
98,1746264127,공예가있는찻집하늘,제주특별자치도 제주시 이도1동,1260-38,http://t1.daumcdn.net/place/DC4019035648480E95653F973EF8DE58
99,1765370336,구름제과,제주특별자치도 제주시 이도이동,1770-14,
0,661112233,영심이랑커피랑,제주특별자치도 제주시 조천읍 함덕리,3215-5,
1,1148988883,숙이네찻집,제주특별자치도 제주시 애월읍 애월리,1584-1,
2,1609679154,서귀당,제주특별자치도 서귀포시 서귀동,172-4,http://t1.daumcdn.net/place/C6ECB9080BC64FA5A9AA9487E421CFA6
3,1093583021,더베이커피,제주특별자치도 서귀포시 하예동,1730-1,http://t1.daumcdn.net/localfiy/6C101061E5F74A74952373ED67059BBB
4,1766276489,도리화과,제주특별자치도 제주시 오라이동,696-7,http://t1.daumcdn.net/place/44DBE97016244BB7B61EBE43C8680015
5,14507777,엘리엇스체어,제주특별자치도 제주시 이도2동,1979-22,http://t1.daumcdn.net/place/96131450CA6B488AA66905CBBB7D33EC
6,182270139,투썸플레이스 제주신화빌라스점,제주특별자치도 서귀포시 안덕면 서광리,2518,
7,26787548,마시클,제주특별자치도 제주시 노형동,936-2,http://t1.daumcdn.net/place/015186BB53694165B18D7684206C1972
8,8922176,대성다방,제주특별자치도 서귀포시 서귀동,204-8,
9,112645244,손제주,제주특별자치도 제주시 한림읍 한림리,1457-8,
10,9901772,양지다방,제주특별자치도 서귀포시 대정읍 하모리,919-9,
11,26618465,카페아프리카,제주특별자치도 제주시 삼양일동,1622-3,http://t1.daumcdn.net/place/19E339E773D446B7BEEEE4A7F95C9A39
12,1130988432,그린페블,제주특별자치도 제주시 한림읍 월림리,440,http://t1.daumcdn.net/localfiy/5144FB6E87AE453B9F6D6DB2DA916174
13,518058733,초가시월,제주특별자치도 서귀포시 표선면 표선리,987,
14,872497091,카페 결,제주특별자치도 제주시 우도면 연평리,1289,http://t1.daumcdn.net/localfiy/67F4A396DBD94CBDB1E4C025E44E07DC
15,1230584692,청춘다방,제주특별자치도 제주시 연동,311-17,http://t1.daumcdn.net/place/E7986AD5D5AE4BE2ADEAC45EBA9B66F1
16,1715429899,카페그레이스,제주특별자치도 서귀포시 토평동,665,
17,15864461,버터플라이,제주특별자치도 제주시 오라일동,2444-4,
18,9649100,피오레,제주특별자치도 제주시 연동,281-28,http://t1.daumcdn.net/place/960B822764724C4480FA3E7A084790F0
19,27459317,꽃담팥집,제주특별자치도 서귀포시 성산읍 성산리,111,http://t1.daumcdn.net/place/2DFF050438654D3399A9CCDC465FBC98
20,709238394,종이비행기,제주특별자치도 제주시 구좌읍 세화리,1477-3,http://t1.daumcdn.net/localfiy/searchregister_1901809240
21,21473483,신장미다방,제주특별자치도 서귀포시 대정읍 하모리,873-1,
22,422560248,카페스위티,제주특별자치도 제주시 노형동,711-5,
23,1469540771,에이바우트커피종합경기장점,제주특별자치도 제주시 오라일동,2451-6,
24,27590133,도둑고양이,제주특별자치도 제주시 노형동,730-5,
25,24879322,조랑말체험공원 마음카페,제주특별자치도 서귀포시 표선면 가시리,3149-33,
26,24561272,올레요커피,제주특별자치도 서귀포시 강정동,2498-3,http://t1.daumcdn.net/cfile/217CAD365363B0AB16
27,693016371,윈드스톤,제주특별자치도 제주시 애월읍 광령리,1227-2,http://t1.daumcdn.net/place/C0D9E22A47F34999A5178882AC9ECB9B
28,21473781,산책,제주특별자치도 제주시 애월읍 고내리,1155,http://t1.daumcdn.net/place/2A800FFF2021448095E333B2ECAD0BD6
29,10556350,수월다방,제주특별자치도 제주시 한경면 고산리,2203-2,
30,24907533,카페잇브레드 삼화점,제주특별자치도 제주시 화북일동,1152-5,
31,21511066,60빈스,제주특별자치도 서귀포시 호근동,405-1,http://t1.daumcdn.net/place/055BBCE372F14E3884433184815C1160
32,2057401857,안녕육지사람 2호점,제주특별자치도 제주시 우도면 연평리,1200-7,http://t1.daumcdn.net/place/62988A1645C141ACB84FB3FAF9408AC0
33,1571948116,삼도,제주특별자치도 제주시 노형동,2615-1,
34,1196799335,벨롱벨롱,제주특별자치도 제주시 외도일동,645-8,http://t1.daumcdn.net/cfile/24482438573577BA1B
35,10370769,생음악라이브,제주특별자치도 제주시 용담삼동,516-2,
36,1655451199,해픈,제주특별자치도 제주시 이도2동,1766-18,http://t1.daumcdn.net/place/83A9DE01A2254E0195B481392AF41ECE
37,1961583981,바람의 향기가 전해주는 하루는,제주특별자치도 제주시 일도1동,1055-7,
38,974630164,달비치펜션,제주특별자치도 제주시 구좌읍 월정리,13,
39,671421361,톨쌀롱,제주특별자치도 제주시 이호이동,109-15,
40,17749788,루이,제주특별자치도 제주시 오라이동,776,
41,22581047,스윗하우스,제주특별자치도 제주시 노형동,720-1,
42,11051406,사계절다방,제주특별자치도 서귀포시 표선면 표선리,653,
43,835239739,바끄레카페,제주특별자치도 서귀포시 서홍동,440-1,
44,1435156167,블루밍제이,제주특별자치도 제주시 한림읍 명월리,1729-1,http://t1.daumcdn.net/place/B6EEB118FC5E4C6F8829517DAE7B9D37
45,25665611,살롱드라방,제주특별자치도 제주시 애월읍 하가리,1415,http://t1.daumcdn.net/place/8E13AD68CFFD4702BA6E08A3CE7B170E
46,26635265,빽다방 제주중앙여고점,제주특별자치도 제주시 이도이동,1981-2,http://t1.daumcdn.net/cfile/2743C450555098B601
47,2108983746,카페콧수염,제주특별자치도 제주시 구좌읍 월정리,670,http://t1.daumcdn.net/place/08F344A6EE00455FAB4080CD4E5D9C1E
48,1766579218,빌리엔젤 제주노형점,제주특별자치도 제주시 노형동,677-2,http://t1.daumcdn.net/localfiy/searchregister_1800350230
49,649431482,하도1940,제주특별자치도 제주시 구좌읍 하도리,1940,
50,822705610,초가시월,제주특별자치도 서귀포시 표선면 성읍리,987,
51,440151517,룰루랄라,제주특별자치도 제주시 도두일동,2626-5,
52,21483779,가름다방,제주특별자치도 서귀포시 표선면 표선리,692,
53,821064310,플레이스엉물,제주특별자치도 제주시 구좌읍 종달리,756,http://t1.daumcdn.net/place/BA906BB03A004FEE91A3EA974B8C19CB
54,20399392,봉봉,제주특별자치도 제주시 우도면 연평리,763,http://t1.daumcdn.net/place/81C5C41E14014864825887ABBFCF8F49
55,13305584,델라,제주특별자치도 제주시 연동,292-65,http://t1.daumcdn.net/place/2CA18727899A47538A1E9EE3143C5650
56,1527163571,히아담,제주특별자치도 제주시 연동,1365-1,
57,8124559,플로리체,제주특별자치도 제주시 이도2동,1185-12,http://t1.daumcdn.net/place/AC1F5F573764442CBE0D1DFD983F42A7
58,2144604088,가베또롱,제주특별자치도 제주시 조천읍 조천리,3253-13,http://t1.daumcdn.net/place/201B29A1E0F1434DA565839E2516680F
59,24977889,바람코지 게스트하우스&카페,제주특별자치도 서귀포시 하효동,1052-3,http://t1.daumcdn.net/place/CF6E7CF0B7754485BBBC2C7B29A01F29
60,1368445762,하늘문카페,제주특별자치도 서귀포시 서호동,930-1,
61,20013713,피카소,제주특별자치도 제주시 노형동,2579-1,http://t1.daumcdn.net/place/A14F6ECD13754E5E93577322CE5287C2
62,26810675,엔제리너스 제주애월D/I점,제주특별자치도 제주시 애월읍 고내리,463,
63,1828289100,카페빈스,제주특별자치도 제주시 노형동,3811-4,
64,11227640,토르토니 서귀포점,제주특별자치도 서귀포시 천지동,299-4,
65,24925007,몬스터살롱,제주특별자치도 제주시 애월읍 곽지리,1669-1,http://t1.daumcdn.net/place/70AED3E76E654B33B9BA77AC2CA02C10
66,615740956,오엘이에프,제주특별자치도 제주시 조천읍 와흘리,1912-3,http://t1.daumcdn.net/localfiy/902CB1857B6C4450AE92076E611939D3
67,1382675450,제주신화월드 랜딩델리,제주특별자치도 서귀포시 안덕면 서광리,산 24,http://t1.daumcdn.net/place/EA1B36D4AA2244BAA2B4894FD2ECDF76
68,18550490,카페더브릿지,제주특별자치도 제주시 이도2동,1773-26,http://t1.daumcdn.net/place/67BE3BCF93754169A183F004B7AB7212
69,9227908,여우비,제주특별자치도 제주시 연동,1488-1,http://t1.daumcdn.net/place/858F13328463414C95CCF395D97F7D38
70,799505447,파스쿠찌 제주한라병원점,제주특별자치도 제주시 연동,1964-3,
71,609715748,라리저브,제주특별자치도 제주시 구좌읍 하도리,1091-50,
72,366257367,커피에반하다 서귀포올레시장점,제주특별자치도 서귀포시 서귀동,272-51,
73,27510157,노고록전통찻집,제주특별자치도 제주시 애월읍 유수암리,3040,
74,1694795313,DP513,제주특별자치도 제주시 화북일동,15-2,
75,20620491,카페마체베트제주KT,제주특별자치도 제주시 이도1동,1643-1,
76,19237965,카페베네 제주중앙병원점,제주특별자치도 제주시 이호이동,22,
77,25161792,테라로사 제주서귀포점,제주특별자치도 서귀포시 하효동,1306-1,http://t1.daumcdn.net/place/EF2E744904F7478D9052F04F91FD544E
78,617793541,감저,제주특별자치도 서귀포시 대정읍 동일리,2916,http://t1.daumcdn.net/localfiy/58B69A714F8046DE824C646A0F5880C2
79,1278387873,쏠레일베이커리카페,제주특별자치도 제주시 봉개동,1904,
80,21572324,베이징,제주특별자치도 제주시 도남동,914-2,
81,104832990,외도339,제주특별자치도 제주시 외도이동,339,http://t1.daumcdn.net/place/70ED803972D04686929894B4EB0B856D
82,2017506919,보름코지,제주특별자치도 제주시 우도면 연평리,309,
83,172316363,유주씨,제주특별자치도 제주시 연동,294-7,http://t1.daumcdn.net/place/86741A665DEA440989EA6399947448F3
84,458775645,나비카페앤바,제주특별자치도 제주시 연동,282-21,
85,1931412508,블럭&비즈,제주특별자치도 서귀포시 강정동,208-8,
86,25922832,컴플리트커피,제주특별자치도 제주시 연동,1523-3,http://t1.daumcdn.net/place/D28E61A22EE94E8AA647AAB24F6C5A31
87,1637545673,러반로제 제주삼화지구점,제주특별자치도 제주시 화북일동,1019-2,
88,723636395,모앙,제주특별자치도 제주시 아라일동,6108-10,http://t1.daumcdn.net/place/9319B4DA078447C094556556B29C32DA
89,647397940,아리아커피,제주특별자치도 제주시 한경면 고산리,3605-2,http://t1.daumcdn.net/localfiy/22DFD160F2204E3DA6A8F90D2D7E8A99
90,26805894,코디,제주특별자치도 제주시 이도2동,2002-14,http://t1.daumcdn.net/cfile/251D214A557ED9CD20
91,11096340,더스카이,제주특별자치도 제주시 건입동,1397-1,http://t1.daumcdn.net/place/986A39FF942246FD87FC6871BDDA5114
92,16699906,모던룩,제주특별자치도 제주시 노형동,2615-2,
93,1266121660,카페덕수리2180,제주특별자치도 서귀포시 안덕면 덕수리,2180,
94,1888951831,마쁘띠알자스,제주특별자치도 제주시 한경면 저지리,1838-2,
95,986756578,콩툰 서귀포점,제주특별자치도 서귀포시 서귀동,408-3,http://t1.daumcdn.net/place/179C01477D394AC78E592855A01AD39D
96,1800146322,브루어스,제주특별자치도 제주시 아라이동,3003-1,http://t1.daumcdn.net/place/4575B76A36A149E6AFE4A394CC6EEBD5
97,58891985,바람커피,제주특별자치도 제주시 한경면 판포리,2916-1,
98,21491919,길을묻는그대에게,제주특별자치도 제주시 일도1동,1281-9,
99,884276488,소보리당로222,제주특별자치도 서귀포시 상예동,2850-5,http://t1.daumcdn.net/place/CD5B1C3661684367879A07C179F61F40
0,397550442,초연,제주특별자치도 서귀포시 서귀동,286-16,
1,25888529,얌얌카페,제주특별자치도 제주시 아라일동,6117-8,
2,562609054,호랑이와황금댕댕이,제주특별자치도 제주시 삼양일동,1654,
3,22892933,유,제주특별자치도 제주시 이도2동,408-10,
4,901554745,어반스톤,제주특별자치도 제주시 구좌읍 월정리,63,
5,783412126,올레길다방,제주특별자치도 서귀포시 서귀동,204-11,
6,1401542278,제주SUP카페&펍,제주특별자치도 제주시 삼양이동,1993,
7,363250260,카페이공오,제주특별자치도 서귀포시 도순동,758-1,
8,1235739767,차롱지에스엘,제주특별자치도 서귀포시 안덕면 서광리,288,
9,61083430,있다카페앤펍 함덕점,제주특별자치도 제주시 조천읍 함덕리,4152-4,
10,27393506,빽다방 제주서귀포시청점,제주특별자치도 서귀포시 서홍동,397-130,http://t1.daumcdn.net/place/E801E97F72B142C0AB683AF0427C4D8E
11,2066988354,모아카페,제주특별자치도 제주시 이도2동,1174-5,
12,11082627,락희다방,제주특별자치도 제주시 삼도2동,596-9,
13,400641476,제주신화월드 웨스트힐라운지,제주특별자치도 서귀포시 안덕면 서광리,24-6,
14,1064130599,고스란,제주특별자치도 서귀포시 안덕면 상창리,1202-4,http://t1.daumcdn.net/localfiy/searchregister_716177110
15,345266313,음식카페,제주특별자치도 제주시 연동,262-44,
16,1770500852,카페나팅,제주특별자치도 서귀포시 남원읍 신례리,856-1,
17,1299531543,리틀비틀키즈카페 서귀포점,제주특별자치도 서귀포시 서호동,27-1,http://t1.daumcdn.net/localfiy/searchregister_1263600492
18,1562616227,리우카페,제주특별자치도 제주시 삼양일동,1569-25,http://t1.daumcdn.net/place/0FDEA910CD104F79BEA689C4C3895E03
19,11389214,금호다방,제주특별자치도 서귀포시 서귀동,257-7,
20,1120305404,카페150화씨 이도점,제주특별자치도 제주시 이도2동,1990-12,
21,1369010276,아띠랑스,제주특별자치도 제주시 도남동,726-5,
22,1603626480,쉐프의뜰에커피나리다,제주특별자치도 제주시 한림읍 금능리,1293-1,
23,21477321,카페오름,제주특별자치도 서귀포시 성산읍 삼달리,258-1,http://t1.daumcdn.net/place/6B11E02DB0D84EB4BB94267CC20847CA
24,26413942,카페더메드 제주아라점,제주특별자치도 제주시 아라일동,2333-2,http://t1.daumcdn.net/place/322E3AEA2FF24F5FBA10CB6F1F56E241
25,1207320787,섬타르,제주특별자치도 제주시 노형동,1280-1,http://t1.daumcdn.net/localfiy/searchregister_1249336467
26,124449765,깐니네,제주특별자치도 제주시 삼도1동,529-9,http://t1.daumcdn.net/localfiy/EF8D453E9DB0424EB56F628FDD37A4F9
27,849791124,브레드앤리프,제주특별자치도 제주시 이도2동,2043-1,http://t1.daumcdn.net/place/0914313EC9D34B30844B98D7916C3FBB
28,14532930,달보드레,제주특별자치도 제주시 연동,274-50,
29,917328798,벨라위미,제주특별자치도 서귀포시 남원읍 위미리,1996-4,
30,859244724,쿠킹클래스카페어썸,제주특별자치도 서귀포시 동홍동,620,
31,328782649,카페7,제주특별자치도 제주시 용담2동,2678-2,http://t1.daumcdn.net/localfiy/searchregister_1087788211
32,1531257879,아트에이치,제주특별자치도 서귀포시 서귀동,482,
33,1525465944,교래카페,제주특별자치도 제주시 조천읍 교래리,552-2,http://t1.daumcdn.net/localfiy/70659556D83B472A9DBB661E68B0511D
34,861439854,커피프린스,제주특별자치도 제주시 이도1동,1775-4,
35,26783660,나무가꾸는꿈,제주특별자치도 제주시 일도일동,1303,
36,43273257,제제,제주특별자치도 제주시 노형동,945-20,
37,19814621,플로베,제주특별자치도 제주시 연동,2331-5,http://t1.daumcdn.net/place/04D6787756394BDB9A09F3CE899C40EE
38,27390788,삼춘다방,제주특별자치도 제주시 아라일동,6151,http://t1.daumcdn.net/cfile/257CBE415688F60313
39,1957800805,블루모모,제주특별자치도 제주시 이도이동,1030-21,http://t1.daumcdn.net/place/610B27693CD14333889C191E3B38C084
40,896264128,냠이와잡화점&카페,제주특별자치도 서귀포시 안덕면 덕수리,1262-6,http://t1.daumcdn.net/localfiy/252AFF6306684A5F9D6A1EDE58FADAB2
41,1351952768,제일떡집,제주특별자치도 제주시 건입동,1106-4,http://t1.daumcdn.net/place/55838CFCAEE9429F86600DFFD162CF6B
42,26919759,주네가네 키친앤카페,제주특별자치도 제주시 구좌읍 행원리,1482-2,http://t1.daumcdn.net/place/6CBB73DF019C405A9C57F8508D277412
43,483364635,아라카페,제주특별자치도 제주시 연동,292-9,
44,859869387,메가커피 함덕해수욕장점,제주특별자치도 제주시 조천읍 함덕리,1004-29,
45,12893116,노션커피,제주특별자치도 제주시 건입동,677-1,
46,1169938804,안녕과자야,제주특별자치도 제주시 노형동,2611-2,http://t1.daumcdn.net/place/CA90BC2ECA92404BB3E855248EA57C3F
47,1966575765,유루유루,제주특별자치도 서귀포시 안덕면 사계리,2668-2,http://t1.daumcdn.net/place/656660D84719457481721648F6FC86F5
48,1649148676,제주신화월드 엠라운지,제주특별자치도 서귀포시 안덕면 서광리,산 24,http://t1.daumcdn.net/place/E298CFC88B3243DAB2EA036879C496E1
49,1702038880,가을남자의커피향기,제주특별자치도 제주시 애월읍 고내리,1039-1,
50,679764708,과일아삭,제주특별자치도 제주시 아라일동,6095-14,http://t1.daumcdn.net/place/A831244E50904AD0A80A583A78DC4738
51,954583433,준스팜스토리앤카페,제주특별자치도 서귀포시 안덕면 덕수리,1520-6,http://t1.daumcdn.net/localfiy/50C864BA2CFE4DBF96F3E620C7DF9C20
52,27167180,카페마니,제주특별자치도 제주시 구좌읍 평대리,2033-1,http://t1.daumcdn.net/place/F058B71904BC477094EC86DF235234B0
53,9282158,외인다방,제주특별자치도 서귀포시 서귀동,289-23,
54,112520029,UDO1,제주특별자치도 제주시 우도면 연평리,1200-5,http://t1.daumcdn.net/localfiy/FC90713BB1884D5EB856324F09C27592
55,970358788,키즈카페더럭,제주특별자치도 서귀포시 중문동,2028-3,
56,25646910,미르빌카페,제주특별자치도 서귀포시 안덕면 사계리,846,http://t1.daumcdn.net/place/7624F2DD06E0485C9F9237540B90D8ED
57,1396414230,깡,제주특별자치도 서귀포시 표선면 가시리,1900-1,
58,2117293311,카페미트,제주특별자치도 제주시 애월읍 하귀1리,385-4,http://t1.daumcdn.net/localfiy/E87097A826BB4FF1B9A0B45F7F75E054
59,1609166877,지니어스키즈카페,제주특별자치도 제주시 일도2동,416-15,http://t1.daumcdn.net/localfiy/C86E004D60AE42FFA1ADE322ADD7CEB5
60,834428289,카페브로떼,제주특별자치도 서귀포시 성산읍 성산리,362-1,http://t1.daumcdn.net/localfiy/searchregister_1264659230
61,16266379,루머팡모슬포점,제주특별자치도 서귀포시 대정읍 하모리,770-2,http://t1.daumcdn.net/place/1737702D959540EE820FFDEA197AD826
62,500837796,뺄락,제주특별자치도 서귀포시 법환동,218,http://t1.daumcdn.net/cfile/27606B345789BF6010
63,1796711727,초이스폰카페,제주특별자치도 제주시 건입동,1045-8,
64,1614189965,조천틈,제주특별자치도 제주시 조천읍 조천리,2368,http://t1.daumcdn.net/place/F3B37C746B6F4CDFA56A48C9115763EB
65,276957303,카페브리프,제주특별자치도 제주시 애월읍 고성리,443,http://t1.daumcdn.net/localfiy/searchregister_1749345414
66,27127352,봉다방,제주특별자치도 제주시 일도1동,1484-9,http://t1.daumcdn.net/place/4AF50D5AB27B48A998D5D7EF1228D238
67,1304505019,풍양,제주특별자치도 제주시 용담2동,928-30,
68,616350321,파파모아,제주특별자치도 서귀포시 법환동,161-6,
69,11327203,정다운다방,제주특별자치도 제주시 구좌읍 세화리,1419,
70,1077012209,강원,제주특별자치도 제주시 일도1동,1476-47,
71,1970448148,카페소리,제주특별자치도 서귀포시 안덕면 서광리,1611-1,http://t1.daumcdn.net/cfile/2738314957E4EF4E26
72,26530095,미세스테라,제주특별자치도 제주시 아라이동,1394-11,
73,483523399,토니페퍼커피,제주특별자치도 제주시 노형동,1054-6,
74,153768001,더벌브,제주특별자치도 제주시 삼도일동,799,
75,1247991740,카페무보,제주특별자치도 제주시 한림읍 금능리,1472-1,
76,1570250119,해브어싯,제주특별자치도 서귀포시 호근동,1851-3,http://t1.daumcdn.net/localfiy/searchregister_1361843876
77,1572291358,노을코지,제주특별자치도 제주시 용담삼동,2572-6,http://t1.daumcdn.net/place/1A73ED0CEE754BC3A357B10A824DA70B
78,26867476,카페델문도,제주특별자치도 제주시 조천읍 함덕리,1008-1,http://t1.daumcdn.net/place/509299E8831E4E789074288A8201779F
79,1735739279,제주인에이에이 카페,제주특별자치도 제주시 구좌읍 한동리,8-8,http://t1.daumcdn.net/place/ECEE11033D684BE59B9325725407CA8D
80,25548687,유나카페,제주특별자치도 서귀포시 남원읍 신례리,57-1,http://t1.daumcdn.net/place/4560E2D7115643659B3DA6E99E7F36F1
81,1870077858,케이독서실스터디카페,제주특별자치도 제주시 이도이동,2018-3,
82,1453676427,더베이직커피,제주특별자치도 제주시 일도2동,409-7,
83,970092472,노을카페,제주특별자치도 서귀포시 대정읍 하모리,848-16,
84,1535905073,카페자리,제주특별자치도 서귀포시 강정동,779,http://t1.daumcdn.net/localfiy/searchregister_1418227931
85,1144598364,올리제리수,제주특별자치도 제주시 연동,1510-3,
86,9062785,뱅크다방,제주특별자치도 서귀포시 서귀동,257-5,
87,10395144,베트로커피,제주특별자치도 서귀포시 정방동,420-5,
88,1170785054,제레미,제주특별자치도 제주시 애월읍 애월리,1549,http://t1.daumcdn.net/place/EAC00E923FDC4415A1EA02230F9136AD
89,11186789,오다방,제주특별자치도 제주시 건입동,674-48,
90,1723598209,토템오어,제주특별자치도 제주시 한경면 조수리,1365-5,http://t1.daumcdn.net/place/286053DC6FBB4E648201DD2414D71499
91,981451981,플로우,제주특별자치도 서귀포시 상예동,592-1,http://t1.daumcdn.net/localfiy/FFE4DEB74DAB4D74BA221C4DA8F4D262
92,26596609,뷔쏭,제주특별자치도 서귀포시 동홍동,476-6,http://t1.daumcdn.net/place/A717EEED4FF74A60A9F9CA1CBDEE6863
93,24266478,매기의추억,제주특별자치도 제주시 한림읍 귀덕리,4142-1,http://t1.daumcdn.net/place/5A825FFA4F9D4C14A2372BB108C7FE78
94,1444298172,수카사,제주특별자치도 제주시 구좌읍 행원리,701,http://t1.daumcdn.net/place/092DC4FEA3A9498EA9584EF62D430476
95,1667909845,미어,제주특별자치도 서귀포시 하효동,999-9,http://t1.daumcdn.net/localfiy/searchregister_54746227
96,1545530268,복카페,제주특별자치도 서귀포시 성산읍 온평리,625-1,http://t1.daumcdn.net/localfiy/08882961C5AD4CCD8DBFC44DC785AB5A
97,555396252,슬랩,제주특별자치도 제주시 한림읍 협재리,1740-2,
98,20457359,늘봄커피편의점,제주특별자치도 제주시 노형동,2343-3,
99,456977594,카페아르,제주특별자치도 제주시 이도2동,1030-21,http://t1.daumcdn.net/localfiy/960C445C01504C3A95DD4538941E8D3F
0,609663252,송당나무가드닝센터,제주특별자치도 제주시 구좌읍 송당리,874-4,http://t1.daumcdn.net/place/F2D4A47ADB164ABE98A4A4C38E812DF5
1,21464869,스프링데일골프앤리조트 통나무카페,제주특별자치도 서귀포시 남원읍 위미리,4625,
2,1244234773,커피에반하다 제주강정점,제주특별자치도 서귀포시 강정동,208-5,
3,692595658,자전거빵카페스캇,제주특별자치도 제주시 연동,1537-8,
4,1206631846,마가렛펜션,제주특별자치도 서귀포시 상예동,506,
5,46385338,전통란찻집,제주특별자치도 서귀포시 서귀동,427-14,
6,21455816,까페물고기,제주특별자치도 서귀포시 안덕면 창천리,804,http://t1.daumcdn.net/place/82DF0F85A29B45A5BA7EA17076343607
7,8335689,동백다방,제주특별자치도 제주시 한림읍 한림리,1314-109,
8,25147552,그러므로,제주특별자치도 제주시 이도2동,2026-11,http://t1.daumcdn.net/place/7DF881D562494648ABC44CB08AA46925
9,1216416117,진브루어스,제주특별자치도 제주시 이호일동,365,
10,25114893,카페머물다,제주특별자치도 제주시 조천읍 함덕리,산 272-33,http://t1.daumcdn.net/place/5B58CFA8DCEC4EEC84BB61A8FC768BAB
11,847261961,하얀산호카페,제주특별자치도 제주시 우도면 연평리,2649-1,
12,175437176,프롬더럭 노형점,제주특별자치도 제주시 노형동,3786-1,http://t1.daumcdn.net/place/5AB290400D8F401ABED484B1751BA960
13,27094256,레드노즈,제주특별자치도 서귀포시 안덕면 서광리,456,
14,1874799654,카페다락,제주특별자치도 서귀포시 상효동,1369,
15,25971741,카페 씨엘,제주특별자치도 제주시 용담삼동,2555,http://t1.daumcdn.net/cfile/220A894F543B3C5336
16,258547215,스타벅스 제주신화월드R점,제주특별자치도 서귀포시 안덕면 서광리,산 24,http://t1.daumcdn.net/place/83CA2D2165B2464F82FE62508A3DC151
17,1233788850,카페 오픈,제주특별자치도 제주시 이도이동,1183-33,
18,292772848,파구스소소,제주특별자치도 제주시 한경면 고산리,267-3,http://t1.daumcdn.net/localfiy/74C47EC1FA1C4241A7DFF5F410B1921B
19,2106887048,흙먹는고양이,제주특별자치도 제주시 구좌읍 세화리,1-9,
20,2035112788,뚜르셀프카페,제주특별자치도 서귀포시 표선면 가시리,1877-6,http://t1.daumcdn.net/localfiy/864D996CBF8D464598D8450C31E22D71
21,1076824196,타이완슈가 제주시청점,제주특별자치도 제주시 이도이동,1768-16,http://t1.daumcdn.net/localfiy/64543CCD9BBF48758A0C0FC42C63F0E7
22,19331827,해원커피숍,제주특별자치도 제주시 한림읍 한림리,1587-2,
23,26303937,마이마더카페,제주특별자치도 제주시 용담삼동,517-4,http://t1.daumcdn.net/cfile/242D1F3D5461CDB308
24,1461897927,달콤커피 볼륨1603 제주하귀점,제주특별자치도 제주시 애월읍 하귀1리,1603-2,http://t1.daumcdn.net/localfiy/912B84A3B22A4622AB86B8DF5B33A21B
25,1571910152,스물다섯,제주특별자치도 제주시 노형동,1275-11,http://t1.daumcdn.net/place/D1A0C46ABDF64B638D272E88F9D6288A
26,1693045837,비엔광양지점,제주특별자치도 제주시 이도일동,1245-5,
27,1891544316,알리바바 이도일점,제주특별자치도 제주시 이도일동,1248-1,http://t1.daumcdn.net/localfiy/7E4A317D920849309928E860A348B6E4
28,1915903142,울트라마린,제주특별자치도 제주시 한경면 판포리,1611,http://t1.daumcdn.net/place/242779CD00D2483DB7D656DDD8BCC1D0
29,676716331,카페평화쉼터,제주특별자치도 제주시 봉개동,275,
30,26336425,알라스카인제주 용담점,제주특별자치도 제주시 용담삼동,2378,http://t1.daumcdn.net/place/DE41FAEA7B564AEDA6FD612D20A744B8
31,1867906481,베터플랫,제주특별자치도 제주시 삼도이동,1260-1,
32,21522585,블랙스톤 협재지점,제주특별자치도 제주시 한림읍 협재리,1416-1,
33,24873832,제대가는길,제주특별자치도 제주시 아라일동,358-6,http://t1.daumcdn.net/cfile/2753D33853916EDA0A
34,1455842682,평대우유차,제주특별자치도 제주시 구좌읍 평대리,2031-2,
35,25458704,제주몽,제주특별자치도 서귀포시 중문동,2026,http://t1.daumcdn.net/place/480F45CFE096417089702E45E649233C
36,22459788,커피림,제주특별자치도 제주시 연동,1315,http://t1.daumcdn.net/cfile/224B464A55C487DF1D
37,27528954,갤러리이니앤카페,제주특별자치도 제주시 애월읍 유수암리,2999,http://t1.daumcdn.net/place/36940AB967504443B99543D50BAD7E2F
38,380586209,혜밀,제주특별자치도 제주시 구좌읍 하도리,1759,http://t1.daumcdn.net/localfiy/searchregister_186582036
39,2027455892,배배커피,제주특별자치도 서귀포시 서귀동,418-28,
40,20648195,문즈,제주특별자치도 제주시 오라일동,2447-28,
41,1916449850,마커스카페,제주특별자치도 제주시 구좌읍 행원리,1537-5,
42,166623372,언리미티드 이스케이프,제주특별자치도 제주시 일도2동,392-21,
43,15788593,오렌지,제주특별자치도 제주시 한림읍 한림리,1350-1,
44,1356521728,카페주파수,제주특별자치도 제주시 이도2동,1049-7,
45,915606273,아르크애월,제주특별자치도 제주시 애월읍 고성리,산 131,
46,26392726,커피99.9,제주특별자치도 제주시 노형동,103-5,http://t1.daumcdn.net/place/F1B848B2321745C184C76768CFFBB834
47,1003258874,플랜에이스터디라운지,제주특별자치도 제주시 아라일동,6091,http://t1.daumcdn.net/place/39DE84BFC9A74EE781860CB7B2109454
48,378533601,카페원웨이,제주특별자치도 제주시 한경면 금등리,652-4,http://t1.daumcdn.net/localfiy/searchregister_1502283331
49,1549929774,카페무스비,제주특별자치도 제주시 한림읍 귀덕리,1364-1,http://t1.daumcdn.net/localfiy/FE1E6A4D46904EF2A16A42A8F1C6DC5B
50,1884615180,한라궁카페,제주특별자치도 서귀포시 토평동,581-1,
51,176233189,수제꽃차제주고팡,제주특별자치도 제주시 도두일동,2619-15,http://t1.daumcdn.net/localfiy/7A6BCBE2DBD34E7B9D4AA2660B17BDEC
52,1788938617,반지마을 제주1호점,제주특별자치도 제주시 용담이동,2761-1,
53,622410128,조선드립480,제주특별자치도 서귀포시 표선면 성읍리,987,
54,224781021,예당,제주특별자치도 제주시 오라이동,1204-1,http://t1.daumcdn.net/place/2300B5EA66014456A5DA7147D209CDC3
55,1954151604,위미로와,제주특별자치도 서귀포시 남원읍 위미리,171-5,
56,1955021614,제주오리엔탈호텔 르시엘,제주특별자치도 제주시 삼도이동,1197,
57,27335460,에어그라운드,제주특별자치도 서귀포시 남원읍 태흥리,1145-1,
58,761104985,우드노트,제주특별자치도 서귀포시 남원읍 남원리,2406-3,http://t1.daumcdn.net/place/D71483D608474E4A89740D5E895ED133
59,1561006804,이디야커피 서귀포동홍점,제주특별자치도 서귀포시 동홍동,473-1,http://t1.daumcdn.net/localfiy/C3DE992889314605B803D28CBFDF2A35
60,1307831887,공차 제주한라대점,제주특별자치도 제주시 노형동,3813-5,
61,650335330,홍콩,제주특별자치도 제주시 노형동,3813-6,
62,1146640630,니모메,제주특별자치도 제주시 외도이동,341-2,http://t1.daumcdn.net/place/88459531E1A14639A675BC14586F0E5B
63,1191128222,베케,제주특별자치도 서귀포시 신효동,1137-1,http://t1.daumcdn.net/localfiy/EAA0AD37F7324BCCAA54A9D84A569C0E
64,1772131994,갤러리앤카페더몹시,제주특별자치도 제주시 외도이동,319-1,http://t1.daumcdn.net/localfiy/36F9617EA9054AA7A5900A2DD5F695A3
65,881686777,아인당구카페,제주특별자치도 제주시 외도일동,476-1,http://t1.daumcdn.net/localfiy/8314713C2D404977B7C9437E8B4B4536
66,1982450009,꽃이다,제주특별자치도 서귀포시 서호동,615,http://t1.daumcdn.net/localfiy/4E601746337047A0962A92C4BC9B5C3C
67,26320023,카페지니,제주특별자치도 서귀포시 남원읍 신례리,85-3,http://t1.daumcdn.net/place/F90A5536FB98458AB3559143F47824B3
68,955911892,건축카페,제주특별자치도 제주시 이도2동,1953-8,
69,534835771,자현사주카페,제주특별자치도 제주시 노형동,1288-5,http://t1.daumcdn.net/localfiy/51F86D53C6D94640ACF884475FFBA416
70,25130846,브런치노,제주특별자치도 제주시 애월읍 하귀2리,2675-3,
71,562394462,해비치바람의집 펜션&카페,제주특별자치도 서귀포시 표선면 표선리,1192,http://t1.daumcdn.net/cfile/2579E13F571DE8F213
72,26885582,플레이커피랩,제주특별자치도 서귀포시 서귀동,305-15,http://t1.daumcdn.net/place/CE9BA681757D4EC28851171DDE86EC9C
73,140584160,더오라,제주특별자치도 제주시 오라삼동,2267-1,
74,15584742,아띠마루커피랩,제주특별자치도 제주시 용담1동,2827-3,
75,9564207,패션다방,제주특별자치도 제주시 한림읍 한림리,1314-3,
76,1501515694,몰마농,제주특별자치도 서귀포시 성산읍 고성리,594-3,http://t1.daumcdn.net/localfiy/6E5D526BB56A48849677FF536C01E57D
77,2050296905,표선소담,제주특별자치도 서귀포시 표선면 토산리,439-5,
78,26834722,아로하,제주특별자치도 서귀포시 동홍동,645-1,
79,27125450,앙카페앤바,제주특별자치도 서귀포시 대정읍 하모리,1052-3,http://t1.daumcdn.net/place/1F4C6784616C42378AD2153B1E05FB5F
80,903911822,안녕세화씨,제주특별자치도 제주시 구좌읍 세화리,3644-2,http://t1.daumcdn.net/place/F8F26970AD2F423BAE669AD9D9438936
81,1244354127,커피의하루,제주특별자치도 서귀포시 동홍동,1312,
82,587086951,피디에스PC카페 제주외도점,제주특별자치도 제주시 외도일동,637-12,http://t1.daumcdn.net/localfiy/876290FFE76C439F85F816B53A6903AF
83,697235821,놀숲 서귀포신시가지점,제주특별자치도 서귀포시 강정동,208-1,http://t1.daumcdn.net/place/2AF0AB86520E457EAE278FDC97ABC5CA
84,613506337,해마루카페,제주특별자치도 제주시 노형동,2578-3,
85,15689205,모퉁이옆커피집,제주특별자치도 제주시 연동,311-1,http://t1.daumcdn.net/place/3222E66C9BDF4F948D03DC2BAA755945
86,1797467444,카페글렌코,제주특별자치도 제주시 구좌읍 송당리,2635-8,http://t1.daumcdn.net/place/9D6C2E2A0C124BFAB6658566594ED682
87,1610713371,etc,제주특별자치도 서귀포시 안덕면 화순리,1056-1,
88,26872633,쿠잉,제주특별자치도 제주시 노형동,1027-1,http://t1.daumcdn.net/localfiy/9AA5FC0649894658B873FCB2FF559FAC
89,1191127342,카페더불어,제주특별자치도 서귀포시 하효동,152,
90,1980286350,토투가커피,제주특별자치도 제주시 한림읍 귀덕리,3020-2,http://t1.daumcdn.net/place/046662409F2C4BB8AA745C5009A645C5
91,1131993961,오늘의바다,제주특별자치도 서귀포시 법환동,131,http://t1.daumcdn.net/place/A800813D00A347588993BD86AF48BA5C
92,24973813,제주무이,제주특별자치도 제주시 애월읍 수산리,965-1,http://t1.daumcdn.net/localfiy/F3528046E22347E2AEA4928B6DCDC0C7
93,727768810,헬렌앤마리,제주특별자치도 제주시 이도일동,1380,http://t1.daumcdn.net/localfiy/E751E26A58114E4FBAB79A250BB9D38D
94,26890243,동홍동제이제이하우스,제주특별자치도 서귀포시 동홍동,643-4,http://t1.daumcdn.net/cfile/2530B74D55CB01022E
95,17653387,유리다방,제주특별자치도 제주시 한림읍 한림리,1314-79,
96,1054808227,오도록커피,제주특별자치도 제주시 삼양이동,2181-30,
97,1247098851,감성커피,제주특별자치도 제주시 화북일동,1984-10,
98,1016652171,홍쓰팜,제주특별자치도 제주시 애월읍 고내리,415,http://t1.daumcdn.net/localfiy/5C3BCB38C3794ACD92BDFE3A0CC69C3A
99,23372722,에린,제주특별자치도 제주시 도남동,746-3,http://t1.daumcdn.net/place/5B2AC6CE2E7A48DDB35C6A8DE3FE3A7B
100,8797849,금호다방,제주특별자치도 제주시 용담1동,145-1,
101,10267331,다소니,제주특별자치도 제주시 오라일동,995-15,http://t1.daumcdn.net/place/88A2BB0A829144CEA0924EBE41EA80E5
102,1456765484,카페두가시,제주특별자치도 서귀포시 안덕면 창천리,870-1,http://t1.daumcdn.net/place/14AB3F5C2DFF477FADCFB0F006A07292
103,1849446475,달콤한상점,제주특별자치도 서귀포시 서호동,1476-3,http://t1.daumcdn.net/place/E0E6E69C660941C195A557BB52021D85
104,27608319,탐앤탐스 제주아라점,제주특별자치도 제주시 아라일동,2338-4,http://t1.daumcdn.net/place/8E2A1D049D3E4A4EA237C5E63DFF66B4
105,1499283160,길다방,제주특별자치도 제주시 구좌읍 세화리,3645-8,
106,1685946722,공산명월,제주특별자치도 제주시 애월읍 광령리,2611-1,http://t1.daumcdn.net/localfiy/C64CED5E63D44F5F9DCC8714C9E12D8B
107,282485932,진가커피,제주특별자치도 제주시 연동,251-66,http://t1.daumcdn.net/localfiy/C6E0646DEBA94C1C9250DA29C6DD8DAC
108,578523567,저지에,제주특별자치도 제주시 한경면 저지리,2073-1,
109,150410758,제주알마켓커피,제주특별자치도 제주시 이도이동,1064-1,http://t1.daumcdn.net/localfiy/CA5B21BC47114E33AD79B81F681BA773
110,746191857,보스코,제주특별자치도 서귀포시 대정읍 하모리,1567-7,
111,1721154114,주인의취향,제주특별자치도 서귀포시 서호동,1471-6,
112,1315710148,이올라니,제주특별자치도 제주시 용담1동,2814-12,http://t1.daumcdn.net/place/42B4CDACF2EB40EBA2CB4A0EB14F7355
113,484719553,달봉펜션&카페,제주특별자치도 제주시 우도면 연평리,762,
0,322555256,카페어떤오후,제주특별자치도 제주시 애월읍 상가리,1184,http://t1.daumcdn.net/place/3CCBAFCD3501448D8AE8104C5EB43908
1,21524009,하먼,제주특별자치도 서귀포시 대정읍 하모리,636-4,http://t1.daumcdn.net/place/CA1CBC0CB0CB45C18FBE3D9133F48217
2,18722453,카페월령,제주특별자치도 제주시 한림읍 월령리,317,http://t1.daumcdn.net/localfiy/searchregister_1861160966
3,1146670427,베라벨,제주특별자치도 서귀포시 신효동,705-4,
4,1488182287,꿈의요리카페드림,제주특별자치도 제주시 연동,322-2,
5,15918352,세계조가비박물관 커피숍,제주특별자치도 서귀포시 서홍동,557-1,
6,15894512,미송캔,제주특별자치도 제주시 일도1동,1146-19,
7,554478375,설빙 제주대병원점,제주특별자치도 제주시 아라일동,6082-2,
8,772855204,투썸플레이스 제주모슬포점,제주특별자치도 서귀포시 대정읍 하모리,2133-5,http://t1.daumcdn.net/place/44B9A83AB78C49479A158919DEEF38C9
9,170643412,한앤솜하우스,제주특별자치도 제주시 노형동,1576-10,
10,27581004,우리의세계,제주특별자치도 서귀포시 표선면 표선리,675,
11,21305070,아이비카페,제주특별자치도 제주시 노형동,912-3,
12,20621576,헬로커피,제주특별자치도 서귀포시 표선면 성읍리,3305-21,
13,1883569834,카페송키,제주특별자치도 제주시 삼도2동,1120-2,http://t1.daumcdn.net/localfiy/383D18261AD54F428DC67602EB8AF41C
14,1737738948,말로,제주특별자치도 제주시 조천읍 와산리,619,
15,520929796,보리다,제주특별자치도 제주시 이도이동,1055,http://t1.daumcdn.net/localfiy/searchregister_1006255170
16,1875081207,선물카페,제주특별자치도 서귀포시 안덕면 덕수리,2288-1,
17,1543761583,두두,제주특별자치도 제주시 한림읍 한림리,1199-3,
18,1675972774,여섯번의보름,제주특별자치도 서귀포시 호근동,1310-1,http://t1.daumcdn.net/localfiy/searchregister_1715000296
19,131220485,바다숨소리카페,제주특별자치도 제주시 조천읍 신촌리,2403-3,
20,24529553,카페뉴기니버드,제주특별자치도 서귀포시 상효동,25,
21,1628505523,금요일의아침 조금,제주특별자치도 제주시 이도이동,319-5,
22,1712625832,플로리안인제주,제주특별자치도 제주시 노형동,1049-4,http://t1.daumcdn.net/localfiy/1D8128F513D44D768260E320394C4145
23,21527083,머들,제주특별자치도 제주시 조천읍 교래리,342-2,
24,23347100,더커피,제주특별자치도 제주시 노형동,1278-9,
25,898585862,카페한라산,제주특별자치도 제주시 구좌읍 하도리,3200-12,http://t1.daumcdn.net/place/437EA3BC9D6A482CA95B21F6C98DD50F
26,1912871290,카페우도슈퍼경화민박,제주특별자치도 제주시 우도면 연평리,1875-4,
27,1945525281,산노루,제주특별자치도 제주시 한경면 조수리,2098-4,http://t1.daumcdn.net/place/2CADABD145574BD98D029985524AFECA
28,1071240534,카페모먼트,제주특별자치도 서귀포시 표선면 가시리,1298-3,http://t1.daumcdn.net/localfiy/266D2F8DD74940B39650EE36FC425EE1
29,725259605,크런치오븐제주점,제주특별자치도 제주시 도남동,191-1,
30,292695574,락,제주특별자치도 제주시 연동,292-9,
31,582214423,커뮤니티라운지,제주특별자치도 제주시 일도일동,1148-2,
32,418652493,카페이시도르,제주특별자치도 제주시 한림읍 금악리,117,http://t1.daumcdn.net/place/B6FC885A5AF6490EAD9FADED75DC8BE5
33,24962250,뽀르또,제주특별자치도 서귀포시 남원읍 위미리,1767-4,
34,9392074,이야기 카페,제주특별자치도 제주시 건입동,709-1,
35,539630510,도깨비방망이,제주특별자치도 제주시 한림읍 대림리,1774-2,http://t1.daumcdn.net/localfiy/searchregister_208120114
36,1704706310,수다,제주특별자치도 서귀포시 대정읍 하모리,1450,
37,20467548,상록수다방,제주특별자치도 제주시 한림읍 한림리,1073,
38,39080316,위더스트래블 칠성점,제주특별자치도 제주시 일도1동,1298-22,http://t1.daumcdn.net/place/60E0D3D97DE642B2BAD6A0EC348BFC3F
39,14819318,코끼리안장에앉아,제주특별자치도 제주시 노형동,741-2,
40,1404318388,하도록,제주특별자치도 제주시 구좌읍 하도리,1488-1,http://t1.daumcdn.net/localfiy/CE4DB5B60ED9459FB856FEF87AD7E9D7
41,26942351,마실디,제주특별자치도 서귀포시 서귀동,271-28,http://t1.daumcdn.net/place/26229D800F644F13B08FCB3133BF97CA
42,1222986397,갬성드사계,제주특별자치도 서귀포시 안덕면 사계리,396-2,http://t1.daumcdn.net/localfiy/3E95B7F9BF4941C58380AF0850F112F1
43,21604056,원테이블 커피가게,제주특별자치도 서귀포시 법환동,237,http://t1.daumcdn.net/cfile/23029C4E559F446F39
44,1109621404,키스더티라미수,제주특별자치도 제주시 애월읍 고내리,473,
45,27369024,주노마드레,제주특별자치도 제주시 우도면 연평리,1190,http://t1.daumcdn.net/place/8E2C8011812B46F6835D5BF047147F8F
46,1044241358,하루비커피,제주특별자치도 서귀포시 서귀동,23-4,http://t1.daumcdn.net/localfiy/F5849C687B44475D91616A0DAE865236
47,25782035,카페베네 제주아라지구점,제주특별자치도 제주시 아라일동,6127,
48,1271201305,알베로,제주특별자치도 서귀포시 성산읍 수산리,2797-13,http://t1.daumcdn.net/place/C7BDF647A98E453691A966745D1B81EF
49,2072114149,더디퍼,제주특별자치도 서귀포시 서호동,1553-9,
50,8535503,이디야커피 서귀포이마트점,제주특별자치도 서귀포시 법환동,841-2,
51,1649274768,동감,제주특별자치도 제주시 노형동,750-1,
52,10308612,돌다방,제주특별자치도 서귀포시 성산읍 고성리,1132-13,
53,9024564,명가헌,제주특별자치도 제주시 애월읍 광령리,2010-11,
54,239978643,여기308,제주특별자치도 제주시 구좌읍 월정리,308,http://t1.daumcdn.net/localfiy/0349B8E1253342EB88A83AF833DACB2E
55,263044374,미스틱3도,제주특별자치도 제주시 노형동,291-10,
56,2054852388,엔제리너스 롯데시네제주삼화점,제주특별자치도 제주시 삼양이동,1477-8,
57,26926093,블루마운틴예약실,제주특별자치도 서귀포시 성산읍 삼달리,1510-1,
58,27327675,고래아트커피,제주특별자치도 제주시 애월읍 구엄리,600-1,
59,251191929,카페베네 제주봄그리고가을리조트점,제주특별자치도 서귀포시 성산읍 시흥리,208-3,http://t1.daumcdn.net/localfiy/EF48ED1108E14CD69DCC2A9EEAB23AAF
60,2062083931,드롭탑 제주삼성점,제주특별자치도 제주시 이도일동,1289-18,http://t1.daumcdn.net/localfiy/DD108FE4864B4B90BD98AD04E57E3C39
61,19637817,모드락572,제주특별자치도 서귀포시 표선면 가시리,1965-1,http://t1.daumcdn.net/place/815ABDAA073D40DBB76C0F7756958F04
62,1360363074,칼디의선물,제주특별자치도 제주시 용담2동,707-2,http://t1.daumcdn.net/localfiy/62A1BE5D238A403F926639BA509E93CD
63,552481804,알맞은시간,제주특별자치도 서귀포시 남원읍 신흥리,274-1,http://t1.daumcdn.net/place/EFE018CFDB7C48C989E56B485A94FFD2
64,191520632,오로지커피,제주특별자치도 제주시 도두이동,707,
65,1066023028,그레이플라워,제주특별자치도 제주시 구좌읍 월정리,593,http://t1.daumcdn.net/localfiy/searchregister_1242970423
66,1489290700,찰스커피,제주특별자치도 서귀포시 서귀동,209-10,http://t1.daumcdn.net/place/D8179BD015574BFE8C87F53D1673CE99
67,21354131,더치스타일,제주특별자치도 서귀포시 동홍동,359-2,
68,1223163581,지중해커피,제주특별자치도 서귀포시 서호동,1550-9,
69,2145589981,지상에별두개,제주특별자치도 제주시 애월읍 하귀2리,2675-5,http://t1.daumcdn.net/localfiy/4B8ACEA6814F4C24A7AEF70273951859
70,11214924,한림다방,제주특별자치도 제주시 한림읍 한림리,1314-65,
71,1918075858,애월맛차,제주특별자치도 제주시 애월읍 하귀1리,1112-2,http://t1.daumcdn.net/localfiy/EC6F74AA5C234905A963B369D3AF888B
72,1006540981,허니퍼프 성산일출봉점,제주특별자치도 서귀포시 성산읍 성산리,102-1,
73,795878887,드르쿰다인성산,제주특별자치도 서귀포시 성산읍 고성리,372-1,http://t1.daumcdn.net/place/3D461E50569A4A32BEAA8242FF4637CF
74,517527024,놀숲 제주삼화점,제주특별자치도 제주시 도련일동,1938-3,http://t1.daumcdn.net/place/FB5A3C6C005146A3ABB854202CF22856
75,387005914,씽씽씽카페,제주특별자치도 서귀포시 성산읍 고성리,313-1,
76,155761835,피아노,제주특별자치도 제주시 연동,1496-3,
77,17449648,샐리가든커피 법원점,제주특별자치도 제주시 이도2동,1080-1,http://t1.daumcdn.net/place/7E6A10E20DB547CBA941526AA5861554
78,15779952,모카,제주특별자치도 제주시 이도이동,1180-3,
79,1673353275,플로르떼플라워카페,제주특별자치도 제주시 이도2동,2026-3,
80,16729584,종이시계,제주특별자치도 제주시 애월읍 하귀2리,2724-9,http://t1.daumcdn.net/place/CDE7662FB2DA48218EC4771E12E362AD
81,21463645,비원다방,제주특별자치도 제주시 일도1동,1171-6,
82,19831358,파인땡큐,제주특별자치도 제주시 이도2동,1772-37,http://t1.daumcdn.net/cfile/2201923D51C6D8D246
83,396403026,CUTIE PIE 카페&호텔,제주특별자치도 제주시 애월읍 신엄리,963,http://t1.daumcdn.net/place/E5AF522A250F469E8C3328452AB2FC40
84,722011726,김녕별담길,제주특별자치도 제주시 구좌읍 김녕리,2214,http://t1.daumcdn.net/place/622AAD12FCC941AA91662020BD7CD56E
85,2009040177,무아시스,제주특별자치도 제주시 아라일동,6053-1,http://t1.daumcdn.net/localfiy/70E056488DCD4EEB995008ED015514D5
86,826924991,쏭스라이브,제주특별자치도 제주시 연동,272-39,
87,1547960522,귤낭,제주특별자치도 제주시 노형동,2237-1,
88,9510988,파랑도 다방,제주특별자치도 서귀포시 대정읍 하모리,772,
89,1878148134,본죽&비빔밥cafe 제주강정점,제주특별자치도 서귀포시 강정동,208-1,http://t1.daumcdn.net/place/4D1F388EE3F34C7DB878FCEDBF09562A
90,266260346,엄블랑호다,제주특별자치도 제주시 연동,304-14,http://t1.daumcdn.net/place/460903803D5244ADB49A30E1E822BC3C
91,23382997,귀인,제주특별자치도 제주시 삼도1동,534-11,
92,1891548585,꼬닥꼬닥,제주특별자치도 제주시 한경면 판포리,2599-1,http://t1.daumcdn.net/localfiy/AB7BECB10C144449AB52333932915697
93,1705505338,유티피커피,제주특별자치도 제주시 이도2동,408-6,http://t1.daumcdn.net/place/2420D21A078D4D11849C0ABDE8D49A4C
94,956734211,요석원,제주특별자치도 제주시 애월읍 유수암리,1014,
95,1807578595,브레이브독스,제주특별자치도 제주시 한림읍 대림리,428-13,http://t1.daumcdn.net/localad_thumb/t/69cda6e579c3798b4d9cb34d6445ccd846a6fd40
96,21455106,스위트호텔 커피숍,제주특별자치도 서귀포시 색달동,2812-10,
97,2109727843,아하비제주,제주특별자치도 제주시 노형동,940,
98,26885574,아이스크림연구소카페,제주특별자치도 제주시 우도면 연평리,343-2,http://t1.daumcdn.net/place/00CB8F9F060F4472ACD50A62BDBA8C59
0,1365247194,불란서식과자점 사계리,제주특별자치도 서귀포시 안덕면 사계리,2295,http://t1.daumcdn.net/place/9F9223D0174A4DCF8D82008E3FA3D7D0
1,1238343741,터치우드,제주특별자치도 제주시 조천읍 함덕리,2437,http://t1.daumcdn.net/place/88E74E4D4EDC4E38AB0E029F5073246B
2,1133585949,아르보,제주특별자치도 제주시 연동,263-10,http://t1.daumcdn.net/place/697283772BA2472D90224774F789B4BE
3,837567380,스위그커피,제주특별자치도 제주시 아라일동,368-15,http://t1.daumcdn.net/place/D894D8CCFA8A4DE58AF7442A5D50372E
4,26942242,카페요츠바,제주특별자치도 제주시 오라삼동,2610-7,http://t1.daumcdn.net/place/F3C542CB0CE54B3097DDCA65F529C72A
5,1601162920,메가커피 서귀포중앙점,제주특별자치도 서귀포시 서귀동,291-43,http://t1.daumcdn.net/place/56928C28FEBA4F219E519A76F77497EB
6,17060162,카페레몬테이블 제주점,제주특별자치도 제주시 노형동,728-1,http://t1.daumcdn.net/place/AF309523C79147A68CB87AB64ED8F04F
7,984381320,여우콩,제주특별자치도 제주시 아라이동,3003-3,http://t1.daumcdn.net/localfiy/searchregister_282732014
8,26307252,카페그림창고,제주특별자치도 서귀포시 성산읍 성산리,176-1,
9,22513555,카페엉클토니스,제주특별자치도 제주시 애월읍 하귀2리,2825-2,http://t1.daumcdn.net/cfile/261FC93E5399242C14
10,26910041,투썸플레이스 제주라온명품관점,제주특별자치도 제주시 한림읍 협재리,2838,
11,352665904,햇빛둥지,제주특별자치도 제주시 오등동,286-8,http://t1.daumcdn.net/localfiy/6CFFF759D8CA4591A6C07A2D84A5EC27
12,21492756,향다방,제주특별자치도 서귀포시 표선면 표선리,598-3,
13,9323646,이디야커피 서귀포점,제주특별자치도 서귀포시 서귀동,284-4,
14,9762406,모래시계다방,제주특별자치도 제주시 이도1동,1415-1,
15,17884787,스타벅스 제주중문점,제주특별자치도 서귀포시 색달동,2864-2,http://t1.daumcdn.net/place/04B0BB6ABB02454CA6ED05269C5FBD8F
16,1221602642,카페책자국,제주특별자치도 제주시 구좌읍 종달리,563,http://t1.daumcdn.net/localfiy/647910801FA74E51867E5960714B6E87
17,27075901,스타벅스 서귀포DT,제주특별자치도 서귀포시 강정동,231-6,http://t1.daumcdn.net/place/EA40DAE90D1A445DAEFBCD7A7A4BF8A9
18,24926480,가비,제주특별자치도 제주시 일도2동,321,http://t1.daumcdn.net/place/A3072A666187463786C0E3DCB308F956
19,169198683,비주비주,제주특별자치도 제주시 한림읍 협재리,2996,http://t1.daumcdn.net/localfiy/A9D1383676784E15BF2060D15BFECF97
20,27089875,제주스,제주특별자치도 제주시 일도1동,1479-1,http://t1.daumcdn.net/place/F42F79CE5E9F4D9297A541E49E356637
21,11253014,약속다방,제주특별자치도 서귀포시 성산읍 고성리,317-1,
22,1992606191,휴도자기공방카페,제주특별자치도 서귀포시 대정읍 구억리,1018-3,
23,1728172855,뮤렌,제주특별자치도 제주시 조천읍 와산리,1563-1,
24,300318160,붐붐 카페&펍,제주특별자치도 서귀포시 안덕면 창천리,785-2,http://t1.daumcdn.net/place/A85821C04CD848DC913994242DD53139
25,1691673222,더치앤빈 제주노형점,제주특별자치도 제주시 노형동,3786-6,
26,27423032,다다살롱,제주특별자치도 제주시 이도1동,1389-1,
27,1570047722,오로라정원,제주특별자치도 제주시 한림읍 금능리,455-4,http://t1.daumcdn.net/place/160F4EC3D8F34CB59CE44E1E217381C8
28,2039785579,르베일,제주특별자치도 제주시 도두이동,1645,http://t1.daumcdn.net/localfiy/searchregister_638836397
29,1377309150,카페 가드니아,제주특별자치도 서귀포시 표선면 표선리,1476-4,http://t1.daumcdn.net/cfile/22123F39585343AF08
30,1935870446,이디야커피 제주삼도점,제주특별자치도 제주시 삼도1동,786-7,http://t1.daumcdn.net/place/152B45063F104782997651853A7F7120
31,21482640,금호커피전문점,제주특별자치도 서귀포시 남원읍 남원리,2390,
32,25665541,벨롱,제주특별자치도 제주시 구좌읍 하도리,1893,http://t1.daumcdn.net/place/14330162DC37476CB49E06FDC3E9C415
33,26971517,해난디아장,제주특별자치도 제주시 구좌읍 행원리,1496-1,http://t1.daumcdn.net/place/D8B67054352F4088BEBE836665489397
34,1486047880,협재소소,제주특별자치도 제주시 한림읍 협재리,1087,http://t1.daumcdn.net/localfiy/FD8A3FFB407246B4A167280AC0229B80
35,25019123,투썸플레이스 제주오라점,제주특별자치도 제주시 오라일동,1063-5,http://t1.daumcdn.net/place/3DC6BAAF22AA4F24873403DA2A6AB654
36,1099481075,바다보는날,제주특별자치도 제주시 애월읍 구엄리,600-1,http://t1.daumcdn.net/place/52B06DB92D4D469AB6523982A2A9947F
37,12471329,지유명차 제주점,제주특별자치도 제주시 연동,456,
38,630048082,제주안,제주특별자치도 제주시 구좌읍 김녕리,3614,
39,10438735,산호다방,제주특별자치도 서귀포시 송산동,786-3,
40,1289031678,카페비앙,제주특별자치도 제주시 한림읍 금능리,1282-9,
41,1604209667,이뻬하우스카페,제주특별자치도 제주시 애월읍 애월리,2501-4,http://t1.daumcdn.net/place/61C9697A82B843D3B26981885DFFB5B9
42,24628316,빨간우체통,제주특별자치도 제주시 해안동,1851-3,
43,45532004,커피상가,제주특별자치도 제주시 애월읍 상가리,16,http://t1.daumcdn.net/place/384DD5F8089E4713BA2ACF512937B979
44,166400963,밀크유,제주특별자치도 제주시 노형동,3808-13,http://t1.daumcdn.net/localfiy/C38416C0943F45FAB403A9A243F64A91
45,1877134847,놀놀,제주특별자치도 제주시 구좌읍 평대리,3283-2,http://t1.daumcdn.net/localfiy/searchregister_1659199911
46,1530239554,그대가사는시간,제주특별자치도 서귀포시 토평동,634-4,
47,1865209776,제주소년블루스,제주특별자치도 제주시 삼도1동,569-25,
48,22658550,키즈팡팡 연동점,제주특별자치도 제주시 연동,1398-2,
49,1103074850,수국향,제주특별자치도 제주시 구좌읍 종달리,915,
50,26785455,망고식스 프시케점,제주특별자치도 제주시 애월읍 소길리,155-101,
51,526584167,플레이스꽃섬,제주특별자치도 제주시 노형동,571-5,
52,825851613,우유부단,제주특별자치도 제주시 한림읍 금악리,142-2,http://t1.daumcdn.net/place/F8BA6A4F7DD441AF860660AC1F040893
53,16495294,찻잔속에,제주특별자치도 제주시 이도2동,1081-23,
54,1106707328,공차 제주연동신시가지점,제주특별자치도 제주시 연동,1371-5,http://t1.daumcdn.net/localfiy/A51E40613549422F8F0B334B28C26374
55,27391585,흔한남자의커피이야기,제주특별자치도 서귀포시 대정읍 하모리,860-14,http://t1.daumcdn.net/place/6CDB03AE755740AF91B07CEBF8E15F83
56,124229950,토프레소 제주연동점,제주특별자치도 제주시 연동,1536-3,http://t1.daumcdn.net/localfiy/A1BAD7C70C2F400287A47389789E94A7
57,8899585,대현커피전문점,제주특별자치도 제주시 한림읍 한림리,1328-60,
58,625609046,우도부릉이,제주특별자치도 제주시 우도면 연평리,966,
59,593789734,바람샤워,제주특별자치도 제주시 구좌읍 행원리,1537-11,
60,1061357752,에피소드 베이커리카페,제주특별자치도 제주시 한경면 고산리,2115-5,
61,271069239,카페몽,제주특별자치도 제주시 아라이동,830-4,http://t1.daumcdn.net/place/44D34A44E70249CF97747B7AC2841803
62,1308571099,더로그,제주특별자치도 제주시 아라일동,362-80,http://t1.daumcdn.net/localfiy/E53B2B4774884D059C6AB5FCE6BB0F3A
0,26849911,소설속에,제주특별자치도 제주시 외도일동,495-6,
1,1511151880,차뜨락,제주특별자치도 서귀포시 대정읍 하모리,1082-9,
2,1091874655,언타이틀드2017 제주신화월드점,제주특별자치도 서귀포시 안덕면 서광리,산 24,http://t1.daumcdn.net/place/FA060E3E40B149D3B5482340EB1B139C
3,11266063,탐앤탐스 제주시청점,제주특별자치도 제주시 이도이동,1768-13,http://t1.daumcdn.net/place/7F64D6AA7AF0453781D6417201A8646D
4,26626980,바당봉봉,제주특별자치도 제주시 구좌읍 평대리,1945-5,http://t1.daumcdn.net/place/278BDCAAD79A4A86809AF829429BB572
5,11877497,여정다방,제주특별자치도 서귀포시 서귀동,294-24,
