,Unnamed: 0,Unnamed: 0.1,cafe_id,cafe,address,addrbunho,image_url
0,0,0,11877497,여정다방,제주특별자치도 서귀포시 서귀동,294-24,
1,1,1,1263620627,아장아장 베이비카페,제주특별자치도 제주시 외도일동,475-8,http://t1.daumcdn.net/place/83909D95B967478D8024DC12AB200F22
2,2,2,368243275,소소희,제주특별자치도 서귀포시 대정읍 보성리,175-6,http://t1.daumcdn.net/place/8395E365EA5B4F04BB9B12AAA3B0F4BF
3,3,3,1571310600,항구다방,제주특별자치도 제주시 건입동,1325,
4,4,4,13571332,두모악무인찻집,제주특별자치도 서귀포시 성산읍 삼달리,437-5,http://t1.daumcdn.net/place/2535E720C72A4A5B9D06BF6EBCC9831D
5,5,5,1343252834,24,제주특별자치도 제주시 한경면 고산리,2162-12,http://t1.daumcdn.net/localfiy/7A4F353282924D72B79662A317278564
6,6,6,18756214,템푸스,제주특별자치도 제주시 구좌읍 월정리,27,http://t1.daumcdn.net/place/385683FE6034429AB09767D980F3DC28
7,7,7,1082954673,나포리카페,제주특별자치도 제주시 우도면 연평리,5,
8,8,8,23933670,커피가게쉬고가게,제주특별자치도 서귀포시 표선면 표선리,40-71,http://t1.daumcdn.net/place/8C1542130B1E4DA2B686606B1C00D8CE
9,9,9,15521226,슬로우,제주특별자치도 제주시 이도2동,1766-1,
10,10,10,969286213,방방파티 제주삼화점,제주특별자치도 제주시 삼양이동,2176-12,
11,11,11,27495099,뽀요요카페,제주특별자치도 제주시 우도면 연평리,2652,http://t1.daumcdn.net/place/CF76BFDD3BA743C29334DA163C7E6D01
12,12,12,25127127,행복한차실,제주특별자치도 서귀포시 성산읍 오조리,398-10,
13,13,13,26423460,카페아꼬떼,제주특별자치도 제주시 조천읍 선흘리,468-2,
14,14,14,1411458986,카페일상,제주특별자치도 제주시 아라일동,6126-13,http://t1.daumcdn.net/localfiy/8933047E9B6842C785770C8AC71B79CB
15,15,15,1776764094,제주신화월드 풀사이드카페,제주특별자치도 서귀포시 안덕면 서광리,산 24,
16,16,16,1569358885,오스모시스,제주특별자치도 제주시 구좌읍 한동리,1338-8,http://t1.daumcdn.net/place/3A185A49B53F4602A9A674E9D947ABBE
17,17,17,29367180,르카페하도,제주특별자치도 제주시 구좌읍 종달리,1422-2,http://t1.daumcdn.net/localfiy/EF3F22B234E546D487290B0E6E33479E
18,18,18,523593877,제주이도작심스페이스,제주특별자치도 제주시 아라이동,3012-3,
19,19,19,1734125423,탑동로17,제주특별자치도 제주시 삼도이동,1192-14,
20,20,20,14794664,하늘정원,제주특별자치도 서귀포시 서홍동,445-11,http://t1.daumcdn.net/place/9228276A2A98437D975BC2488A159BFC
21,21,21,2146177384,이디야커피 제주성읍점,제주특별자치도 서귀포시 표선면 성읍리,2381,
22,22,22,423785095,런던아이,제주특별자치도 제주시 영평동,2169-3,http://t1.daumcdn.net/place/9F1ED7D7CE4E46DEB87096446B1E5C1F
23,23,23,1763917939,아라커피,제주특별자치도 제주시 아라일동,2605-8,
24,24,24,899167314,언니앤누나,제주특별자치도 서귀포시 성산읍 고성리,557-9,http://t1.daumcdn.net/localfiy/searchregister_1947480252
25,25,25,77169837,카페8길,제주특별자치도 서귀포시 하예동,706-12,http://t1.daumcdn.net/place/9BA0B34F4A6746EDA48FB9CA705B3AC7
26,26,26,21500110,세유카페,제주특별자치도 제주시 이도2동,1009,
27,27,27,10529356,신데렐라,제주특별자치도 제주시 연동,262-33,
28,28,28,2019227130,달보드레,제주특별자치도 제주시 조천읍 와흘리,385-1,
29,29,29,243570162,미닝풀모먼츠,제주특별자치도 제주시 노형동,3801-10,
30,30,30,1566296022,분홍분홍해,제주특별자치도 서귀포시 표선면 성읍리,2045-1,
31,31,31,450635424,블루오션,제주특별자치도 서귀포시 안덕면 사계리,2166-3,
32,32,32,221879692,망고홀릭 애월해안도로점,제주특별자치도 제주시 애월읍 고내리,459,http://t1.daumcdn.net/place/6C09B8E7B1084BCC8485977A7D7E25A2
33,33,33,23680552,제주 다이어트카페,제주특별자치도 서귀포시 남원읍 남원리,92-2,
34,34,34,2048608010,함와로580,제주특별자치도 제주시 조천읍 와산리,905-1,
35,35,35,15609127,술탄왕자,제주특별자치도 제주시 연동,303-8,http://t1.daumcdn.net/place/C8575D115CB24E4F8A3365F29E235699
36,36,36,572095611,프레쉬모먼트,제주특별자치도 제주시 아라일동,6119-2,
37,37,37,1863718416,카페유블레스,제주특별자치도 제주시 조천읍 함덕리,1269-9,http://t1.daumcdn.net/localfiy/84C5441049B74E858E99FFE209B2408C
38,38,38,1041387920,사랑이머무는카페,제주특별자치도 서귀포시 강정동,1339,
39,39,39,1249506544,온도커피,제주특별자치도 제주시 노형동,937-5,http://t1.daumcdn.net/localfiy/28AF64D6581E4A93917B0425562F2B07
40,40,40,1574963073,커피산책,제주특별자치도 제주시 애월읍 광령리,1312,http://t1.daumcdn.net/place/99D0E3A66692477781AFA9508509681D
41,41,41,484703392,바라나시책골목,제주특별자치도 제주시 용담1동,406,http://t1.daumcdn.net/place/C855BF58E7934B93A9AD6E7ED4B83AFA
42,42,42,1874740851,베베맘이유식,제주특별자치도 서귀포시 색달동,1939-4,
43,43,43,1157034383,사닮과,제주특별자치도 제주시 아라일동,6102-1,http://t1.daumcdn.net/place/EE8574B21833428D9022DB24C874F48B
44,44,44,21521006,은주다방,제주특별자치도 제주시 조천읍 조천리,2211-4,
45,45,45,392583573,심심푸리만화카페 제주외도점,제주특별자치도 제주시 외도일동,476-1,http://t1.daumcdn.net/place/E04654C565E14FBEBEF19B3106E4BA69
46,46,46,565082614,오운커피,제주특별자치도 제주시 아라일동,6061-11,http://t1.daumcdn.net/localfiy/07D18875E521476AA275761FBA036513
47,47,47,1094176770,메가커피 제주서홍점,제주특별자치도 서귀포시 서홍동,285-3,
48,48,48,27417809,달아래팥,제주특별자치도 제주시 한경면 낙천리,1647-4,http://t1.daumcdn.net/place/8231213DC11449D287A17FEE1ECF59B0
49,49,49,27543508,바람코지무인카페,제주특별자치도 서귀포시 성산읍 신천리,351,
50,50,50,890539012,아이올라,제주특별자치도 제주시 삼도1동,529-7,
51,51,51,175627742,프로파간다,제주특별자치도 제주시 아라일동,6073-10,http://t1.daumcdn.net/localfiy/searchregister_1477486750
52,52,52,24858466,자유다방,제주특별자치도 서귀포시 서귀동,272-40,
53,53,53,669309474,세컨드하우스,제주특별자치도 제주시 아라일동,6119-1,
54,54,54,310541140,메가커피 서귀포효돈점,제주특별자치도 서귀포시 하효동,299-4,
55,55,55,128900657,누벨바그,제주특별자치도 제주시 이도이동,437-7,http://t1.daumcdn.net/localfiy/searchregister_1351307630
56,56,56,27446225,이성필커피,제주특별자치도 제주시 이도2동,1772-3,http://t1.daumcdn.net/place/4641CD3C01E34F83B25960A5B8F9203A
57,57,57,900010274,카페라능,제주특별자치도 제주시 이호일동,1927-1,http://t1.daumcdn.net/place/53417AB001D2489D8C421DFC24A6A13B
58,58,58,1464121620,듀블라썸,제주특별자치도 제주시 조천읍 조천리,2435,
59,59,59,1417482849,라이드원,제주특별자치도 제주시 오라이동,1552-5,
60,60,60,1787101427,1158족욕카페,제주특별자치도 제주시 애월읍 고내리,1158,http://t1.daumcdn.net/place/5678ABE30B67447184E5FD2804A4A2B7
61,61,61,695425663,카페무이,제주특별자치도 서귀포시 동홍동,103-9,
62,62,62,183413796,리틀비틀키즈카페 모슬포점,제주특별자치도 서귀포시 대정읍 하모리,1497-2,
63,63,63,437994854,쿠키키,제주특별자치도 제주시 애월읍 하귀2리,1436-5,http://t1.daumcdn.net/localfiy/searchregister_657448960
64,64,64,1372705165,커피다,제주특별자치도 제주시 삼도1동,518-12,
65,65,65,24122047,제주봄카페,제주특별자치도 서귀포시 토평동,329-1,
66,66,66,25081546,난장이공,제주특별자치도 제주시 애월읍 소길리,797-9,http://t1.daumcdn.net/place/AAFA87F418F44FD5B4C7BB5B824B8484
67,67,67,24995428,점프노리키즈카페 제주아라점,제주특별자치도 제주시 아라일동,6097-23,http://t1.daumcdn.net/place/061BCD1A9A694E07A6D1509AE2CC642F
68,68,68,17358222,이리와서네,제주특별자치도 서귀포시 성산읍 온평리,951-1,
69,69,69,1317904920,지니어스방탈출키즈카페,제주특별자치도 제주시 일도이동,416-15,
70,70,70,2063104773,퀸틸리스,제주특별자치도 서귀포시 대정읍 상모리,3975-2,http://t1.daumcdn.net/place/E638F32459D24BC2A0B38BED307D9AA8
71,71,71,1453089281,파라토도스 오션뷰카페,제주특별자치도 제주시 한림읍 금능리,1426-3,http://t1.daumcdn.net/place/1B13BB1CD5724121963EEA43464EB93B
72,72,72,425490754,카페무세띠,제주특별자치도 제주시 이도2동,1174-13,
73,73,73,646235382,까떼커피,제주특별자치도 서귀포시 표선면 표선리,44-9,http://t1.daumcdn.net/place/F53FF861D83845D39DF949190DED4B5F
74,74,74,1836523652,쉬젠,제주특별자치도 제주시 우도면 연평리,2512-1,
75,75,75,24545861,알라스카인제주,제주특별자치도 제주시 조천읍 함덕리,957-3,http://t1.daumcdn.net/place/B6D124FF622C4C689BFA17531F0C36EC
76,76,76,9060022,브라운카페,제주특별자치도 제주시 연동,1411-3,http://t1.daumcdn.net/place/216C407AB911401BA7916B5C0DE653D3
77,77,77,27184109,간이옥돔역,제주특별자치도 서귀포시 남원읍 태흥리,409-5,http://t1.daumcdn.net/place/19025A2212CF462E960DD42D82438F5B
78,78,78,27237081,카페콜라,제주특별자치도 제주시 한림읍 귀덕리,1028,http://t1.daumcdn.net/place/71943587F72F498485BC65F104755298
79,79,79,784765466,카페조아,제주특별자치도 제주시 오라삼동,2912-5,
80,80,80,11053803,빠빠라기 시청점,제주특별자치도 제주시 이도2동,1772-17,http://t1.daumcdn.net/place/672C6E28ED514094B1DAF008AA3293AC
81,81,81,537355719,오븐의일,제주특별자치도 제주시 애월읍 유수암리,1038-8,http://t1.daumcdn.net/localfiy/112AE0CFE9D04F2FBF9EE3C2134591DE
82,82,82,990327115,마리웨일237 제주일도점,제주특별자치도 제주시 일도2동,416-16,http://t1.daumcdn.net/cfile/222C164C574BC59911
83,83,83,237123710,티하우스 오온,제주특별자치도 제주시 이도이동,1965-15,http://t1.daumcdn.net/place/E2BAAAB9829D4E03B38AA7BA41707C23
84,84,84,1895306176,브런치카페론다,제주특별자치도 제주시 노형동,1062-5,
85,85,85,291795118,라그라스,제주특별자치도 서귀포시 표선면 세화리,353-2,
86,86,86,26974861,파스쿠찌 신제주점,제주특별자치도 제주시 오라이동,3100-3,
87,87,87,863489588,통큰아이카페,제주특별자치도 제주시 이도이동,1174-5,
88,88,88,603124678,요기나와,제주특별자치도 제주시 이호일동,1709,http://t1.daumcdn.net/place/0EC53D599A7F4E4A83EA654ACF242BD8
89,89,89,10925287,해당화다방,제주특별자치도 서귀포시 서귀동,256-25,
90,90,90,1505002027,커피파인더,제주특별자치도 제주시 이도이동,1766-7,http://t1.daumcdn.net/place/FA0ACE4375A34444A61FEDF013F58F28
91,91,91,1191527008,오버더윈도우,제주특별자치도 서귀포시 서귀동,446-3,http://t1.daumcdn.net/place/8BB9AE6050434C029CDE0422477A8887
92,92,92,12768122,빈스와플,제주특별자치도 서귀포시 중문동,2059-2,http://t1.daumcdn.net/place/F11364853ED14AD8B6B7B248E397266D
93,93,93,26943770,네스카페 제주성산리조트점,제주특별자치도 서귀포시 성산읍 시흥리,195-1,http://t1.daumcdn.net/place/88B1AB1B65A345B99BBA8A168835EFFA
94,94,94,23674179,차세상,제주특별자치도 제주시 아라일동,6038-5,http://t1.daumcdn.net/localfiy/16C2F73798344F8F8B2568606BA4824C
95,95,95,1233330231,메가엠지씨커피제주외도점,제주특별자치도 제주시 외도일동,498-9,
96,96,96,592590141,로이셀세화,제주특별자치도 제주시 구좌읍 세화리,1488-1,
97,97,97,24450561,포메르,제주특별자치도 제주시 애월읍 구엄리,555-6,http://t1.daumcdn.net/place/5A2CCEDF0A7449CF98971604C727B513
98,98,98,1184824906,슈가갤러리,제주특별자치도 제주시 일도1동,1338,http://t1.daumcdn.net/place/9AF23E6876774B6FBC9ED7109AB04B25
99,99,99,27048565,해인의정제,제주특별자치도 제주시 한림읍 한림리,1202-2,
100,100,100,2008653310,보리다방,제주특별자치도 서귀포시 대정읍 하모리,962-2,
101,101,0,1624310743,도바나,제주특별자치도 서귀포시 표선면 표선리,879,http://t1.daumcdn.net/localfiy/searchregister_33783479
102,102,1,1940356147,커피516,제주특별자치도 서귀포시 동홍동,417-13,
103,103,2,2002632309,커피스트릿16,제주특별자치도 제주시 용담2동,481-25,http://t1.daumcdn.net/localfiy/17A4C845E6E04F05B242D44DC234FFEB
104,104,3,25575534,달달구리,제주특별자치도 제주시 노형동,2588-8,http://t1.daumcdn.net/place/CDA6819735B540A1AA898DCC0BBBB60A
105,105,4,966859018,카페52,제주특별자치도 서귀포시 대정읍 하모리,1089-23,http://t1.daumcdn.net/place/B903C4D6AEB5491C8D78ED17404F607D
106,106,5,1087979655,김녕처럼,제주특별자치도 제주시 구좌읍 김녕리,4009,http://t1.daumcdn.net/localfiy/48380C65DBAC4834B84D55E292DD599A
107,107,6,21928334,미르,제주특별자치도 제주시 도남동,918-2,
108,108,7,56646187,로스크,제주특별자치도 제주시 건입동,1322,http://t1.daumcdn.net/place/5B697394204B43FA87DB59865A7F3B11
109,109,8,139556873,한라카페테리아,제주특별자치도 제주시 아라일동,1,
110,110,9,24766902,설빙 신제주직영점,제주특별자치도 제주시 연동,273-20,http://t1.daumcdn.net/place/C2927C983A1B4BC2A067F657B5FCCC67
111,111,10,1805030433,모래비커피팩토리,제주특별자치도 제주시 구좌읍 월정리,536-4,http://t1.daumcdn.net/place/0B73324B7D1A408BA39AB73EF540A928
112,112,11,1359144936,오르미,제주특별자치도 제주시 회천동,2969,
113,113,12,2097901839,비엔도두지점,제주특별자치도 제주시 도두일동,2547,
114,114,13,27549454,중문다방,제주특별자치도 서귀포시 색달동,2864-36,http://t1.daumcdn.net/place/15787C3A8BD14ADA9278BFDAB67C674C
115,115,14,773605588,사계카페2,제주특별자치도 제주시 조천읍 신촌리,212,
116,116,15,1081428596,카페나인,제주특별자치도 서귀포시 법환동,747-2,
117,117,16,21480873,다인다방,제주특별자치도 제주시 용담1동,144-8,
118,118,17,499698149,알라스카인제주,제주특별자치도 제주시 애월읍 하귀1리,156-1,
119,119,18,1351854455,더로맨틱 내생에가장아름다운날들,제주특별자치도 제주시 조천읍 교래리,476,http://t1.daumcdn.net/place/D9F6AD5520B44A34A1E93F4BC18AF16A
120,120,19,18775659,미오,제주특별자치도 서귀포시 성산읍 온평리,1119,
121,121,20,1890673842,하녹티하우스,제주특별자치도 제주시 애월읍 하귀1리,1112-4,http://t1.daumcdn.net/localfiy/B76429DB76784C46AA8D39F7319CC2E2
122,122,21,1294301255,쥬씨 올래시장점,제주특별자치도 서귀포시 서귀동,417-2,
123,123,22,544218596,돌카롱,제주특별자치도 제주시 조천읍 교래리,732-2,http://t1.daumcdn.net/place/EF7D728B337A40DF9845E27916D28748
124,124,23,26987151,돌토고리카페,제주특별자치도 서귀포시 표선면 표선리,40-32,http://t1.daumcdn.net/place/7CA4BB0206064F2EA0B7BAD8990D8A0E
125,125,24,14608191,더블디,제주특별자치도 서귀포시 서귀동,309-1,
126,126,25,2127711601,노셋플랜즈,제주특별자치도 제주시 용담2동,435,http://t1.daumcdn.net/place/50192689892F4B8CBE8E733CDECE5066
127,127,26,24211864,베네토,제주특별자치도 제주시 연동,291-101,http://t1.daumcdn.net/place/BFCE1FF4EFD747B58D1D3CE786BCA5F1
128,128,27,1679229749,날외15,제주특별자치도 서귀포시 대정읍 일과리,1308-2,http://t1.daumcdn.net/localfiy/4222BD47F4CA4FC3BCF339888536D7CB
129,129,28,26503933,파스쿠찌 제주종합청사점,제주특별자치도 제주시 도남동,694-3,http://t1.daumcdn.net/place/66547E013B5C46008C99A556E9D66568
130,130,29,1701458616,마스코트,제주특별자치도 제주시 용담삼동,2318-3,http://t1.daumcdn.net/localfiy/searchregister_1511418169
131,131,30,1820359262,오르다,제주특별자치도 서귀포시 성산읍 성산리,308,http://t1.daumcdn.net/place/98DAAB2CB28A46669FF0B142E2AA0B99
132,132,31,21748381,카페가뫼몰,제주특별자치도 서귀포시 남원읍 남원리,2140-6,
133,133,32,1073145800,애월청과,제주특별자치도 제주시 애월읍 유수암리,1041-1,
134,134,33,1768726452,밀로드,제주특별자치도 서귀포시 대정읍 상모리,3723-1,http://t1.daumcdn.net/localfiy/searchregister_375467146
135,135,34,18629995,채점석 베이커리&커피,제주특별자치도 서귀포시 강정동,172-3,http://t1.daumcdn.net/place/D904A96CFA1F4A058780777A7265A8E8
136,136,35,26854693,걷다워크인제주,제주특별자치도 제주시 구좌읍 행원리,594-4,http://t1.daumcdn.net/place/028CA9CA8D8D4CDF9B6CBD5AF011D5F0
137,137,36,1450044291,카페소금,제주특별자치도 제주시 애월읍 구엄리,1285-1,http://t1.daumcdn.net/place/0CF555B7381E4CF5A7384FF8D65BAA4F
138,138,37,24120254,프로젝트비,제주특별자치도 서귀포시 성산읍 수산리,641,http://t1.daumcdn.net/place/E9A39150B49F4443BB9B85F94D519790
139,139,38,1166708713,카페나오,제주특별자치도 제주시 애월읍 유수암리,2411,
140,140,39,1683690976,카페위더스,제주특별자치도 제주시 오라이동,3178-1,
141,141,40,2106909178,카페소해피,제주특별자치도 제주시 삼도1동,526-3,http://t1.daumcdn.net/place/26C2D77884C241F99C082AE60C6F310B
142,142,41,2025723267,케이엠엘리더갤러리카페(제주시청점),제주특별자치도 제주시 이도2동,1010-10,
143,143,42,1611754279,라마레,제주특별자치도 서귀포시 안덕면 사계리,2147-30,
144,144,43,1363724318,트라인커피,제주특별자치도 제주시 조천읍 와흘리,1908,http://t1.daumcdn.net/place/981C6990AED14130B457E98BAD94BEA1
145,145,44,713222734,네이처캔버스,제주특별자치도 서귀포시 남원읍 신례리,829-5,http://t1.daumcdn.net/place/C58E25F4E7DE437DA94156B4116B960E
146,146,45,184819082,카페인우도,제주특별자치도 제주시 우도면 연평리,290-9,
147,147,46,819891458,시루애월,제주특별자치도 제주시 애월읍 장전리,634-1,http://t1.daumcdn.net/localfiy/176E70BB7DD94CFDB85837E6597FFE03
148,148,47,10726823,장미다방,제주특별자치도 서귀포시 대정읍 하모리,873-1,
149,149,48,553133678,카페기억해,제주특별자치도 제주시 구좌읍 행원리,1518-2,http://t1.daumcdn.net/place/8EA54BFB293647E7A0D91E1452C4036A
150,150,49,1928995179,렛츠셀프,제주특별자치도 제주시 아라일동,6151-6,
151,151,50,14737236,아이스빈 일도점,제주특별자치도 제주시 이도2동,409,
152,152,51,1485843941,디저트39 제주S중앙병원점,제주특별자치도 제주시 이호이동,22,http://t1.daumcdn.net/localfiy/346E88627CFF49CBAD65050386CA3E0D
153,153,52,1434854624,카페수블리,제주특별자치도 제주시 조천읍 와산리,1642-1,http://t1.daumcdn.net/localfiy/3B35D2D2FCE64EBD8878E8C67616E63E
154,154,53,15097158,향까페,제주특별자치도 서귀포시 서귀동,271-37,
155,155,54,14828356,칼디와커피콩,제주특별자치도 제주시 이도2동,1080-1,
156,156,55,1556209480,컴플렉스,제주특별자치도 제주시 이도1동,1401-1,http://t1.daumcdn.net/localfiy/A81E068885F94160967A01FB1F4B3BEF
157,157,56,1630713791,온오프,제주특별자치도 제주시 우도면 연평리,690,http://t1.daumcdn.net/place/269AF2E572CF4D87987A523280C45F6D
158,158,57,23066705,스타벅스 제주서귀포점,제주특별자치도 서귀포시 서귀동,293-9,http://t1.daumcdn.net/place/202B56CF756D4AF1B964E5D8C309DE27
159,159,58,10328679,명다방,제주특별자치도 제주시 건입동,1136,
160,160,59,18619103,피어나,제주특별자치도 제주시 연동,1509-8,
161,161,60,556270938,미녀들의수다 아라스위첸점,제주특별자치도 제주시 아라일동,6093-7,
162,162,61,953763366,카페봄봄,제주특별자치도 제주시 일도2동,48-5,http://t1.daumcdn.net/place/913E1D726F3146618B770CC22FB3A940
163,163,62,43428286,블랑벨,제주특별자치도 제주시 구좌읍 송당리,2610,
164,164,63,192759249,STOP샷 사진카페,제주특별자치도 제주시 이호일동,313-2,
165,165,64,1838291163,작은쉼표,제주특별자치도 제주시 내도동,363-6,
166,166,65,12624890,애프터눈,제주특별자치도 서귀포시 서홍동,397-96,http://t1.daumcdn.net/cfile/1322040C4CA0B30934
167,167,66,890412207,카페 보몽드,제주특별자치도 서귀포시 보목동,663-4,http://t1.daumcdn.net/localfiy/searchregister_1573946066
168,168,67,32245485,돌코롬봉봉,제주특별자치도 서귀포시 표선면 세화리,195-1,
169,169,68,148780844,올디벗구디,제주특별자치도 서귀포시 도순동,904-1,
170,170,69,860516838,제주당,제주특별자치도 서귀포시 법환동,163,http://t1.daumcdn.net/place/CC99E821D6B34EFE9D388A3891D2AD37
171,171,70,501601035,큐타초코,제주특별자치도 제주시 한경면 저지리,3004-1,http://t1.daumcdn.net/localfiy/FB2DE9D727964A26AD74EAEE9F1579C3
172,172,71,1148534678,블랑드오조,제주특별자치도 서귀포시 성산읍 오조리,231,
173,173,72,769399654,인그리드,제주특별자치도 제주시 이호일동,371-1,http://t1.daumcdn.net/localfiy/59DA79DE4C6E47868AB9B50E127EF527
174,174,73,652229727,개다방,제주특별자치도 서귀포시 동홍동,1554-4,http://t1.daumcdn.net/place/FBE72978C4584942ABF1F782B89054E9
175,175,74,1050221982,모찌롱,제주특별자치도 제주시 용담이동,2681-29,http://t1.daumcdn.net/place/A3001EE1AD9D4C9BB9E4E162C9BAA24C
176,176,75,648061721,부띠크아바,제주특별자치도 제주시 용담1동,248-5,http://t1.daumcdn.net/localfiy/1229DFB3FEBB4AC4A4CBD850FC0412AA
177,177,76,320724600,종달이야기,제주특별자치도 제주시 구좌읍 종달리,611-2,
178,178,77,1832729921,어컵오브아일랜드,제주특별자치도 제주시 노형동,3794-4,http://t1.daumcdn.net/cfile/2774BB3A57AA7D7026
179,179,78,14490553,웰컴,제주특별자치도 제주시 연동,313-80,
180,180,79,27563856,지오,제주특별자치도 제주시 도남동,917-28,http://t1.daumcdn.net/cfile/2478AC3C570C591408
181,181,80,27577933,쥬씨 제주한라대점,제주특별자치도 제주시 노형동,755-2,
182,182,81,746168512,부엉이커피팔다,제주특별자치도 제주시 외도이동,304-1,
183,183,82,1598348098,우짜,제주특별자치도 서귀포시 안덕면 사계리,2126,http://t1.daumcdn.net/localfiy/5E54DB8B0F3C47188A2CED04C9F2E2E9
184,184,83,187594665,책다방,제주특별자치도 제주시 구좌읍 월정리,607,http://t1.daumcdn.net/place/498698E996F74DCFAA34990A4700476C
185,185,84,950853175,로즈인제주,제주특별자치도 제주시 한림읍 옹포리,469,
186,186,85,586961257,새콤달콤 애월점,제주특별자치도 제주시 애월읍 곽지리,1565-13,http://t1.daumcdn.net/place/D721995845C6452C8B00DEE2FA168C50
187,187,86,24974178,카페웨이브,제주특별자치도 제주시 이도2동,1188-6,
188,188,87,26885624,카페다금바리스타,제주특별자치도 제주시 한경면 고산리,3610-4,http://t1.daumcdn.net/place/45C3EBCB17884BF19DF7E56B761B9B6A
189,189,88,1165753785,감성커피화북점,제주특별자치도 제주시 화북일동,1984-10,http://t1.daumcdn.net/place/E1C727AC93D74CC0B242E9950B42A447
190,190,89,79350750,더기카페,제주특별자치도 제주시 애월읍 유수암리,1178-1,
191,191,90,19975311,리솔라무인카페,제주특별자치도 서귀포시 성산읍 수산리,2572,http://t1.daumcdn.net/place/D6B2AEFB5EF449B1894B867311C5A193
192,192,91,284718590,에이바우트커피 시청점,제주특별자치도 제주시 이도이동,1179-9,http://t1.daumcdn.net/place/81F07675A8DD489B86D6C894F8F1E4CA
193,193,92,598824664,한와담제주점 카페펌킨제주점,제주특별자치도 서귀포시 안덕면 서광리,1418-1,
194,194,93,1609450431,달밤솔숲에바람지나가는소리,제주특별자치도 제주시 삼도2동,303-1,
195,195,94,261523320,카페 캐로타,제주특별자치도 제주시 구좌읍 평대리,3351-2,http://t1.daumcdn.net/localfiy/searchregister_1655712619
196,196,95,27164221,카페산책,제주특별자치도 서귀포시 대정읍 보성리,산 1,http://t1.daumcdn.net/cfile/2768363C56AEC77D17
197,197,96,454445122,스타벅스 제주함덕점,제주특별자치도 제주시 조천읍 함덕리,1004-27,http://t1.daumcdn.net/place/9CD68DEC44F242F8B84C2BC480F9B5D8
198,198,97,17272985,해비치불턱,제주특별자치도 서귀포시 표선면 표선리,1194-4,http://t1.daumcdn.net/place/7B01349D5E6047CCB633FA99E49EE225
199,199,98,20330057,쉘리비치,제주특별자치도 제주시 애월읍 곽지리,1669-5,
200,200,99,1220270738,말리가,제주특별자치도 제주시 한림읍 협재리,1071-3,http://t1.daumcdn.net/localfiy/searchregister_1434799546
201,201,0,17624223,카페띠아모 제주북노형점,제주특별자치도 제주시 노형동,1054-6,
202,202,1,17360017,길,제주특별자치도 제주시 일도1동,1330-2,
203,203,2,1540027970,늘제과점,제주특별자치도 서귀포시 표선면 표선리,2424-2,http://t1.daumcdn.net/localfiy/877DA494C47948A4A1A18C557C4160F7
204,204,3,1985176121,카페그해여름,제주특별자치도 제주시 한경면 조수리,428-1,http://t1.daumcdn.net/place/46FA35091EF9461190A674C141671F74
205,205,4,18392685,카페블룸,제주특별자치도 제주시 오라이동,3103-1,
206,206,5,20966951,쓰담쓰담 게스트하우스,제주특별자치도 제주시 한경면 판포리,2881-1,
207,207,6,1566433967,네꼬야 티하우스,제주특별자치도 제주시 애월읍 하귀1리,138-13,http://t1.daumcdn.net/place/E4C86EBD61DD4A12AEEE5650F82AD796
208,208,7,27167127,재클린디저트 모슬포점,제주특별자치도 서귀포시 대정읍 하모리,2126-8,http://t1.daumcdn.net/place/4474E07C21E14B889447BADE8C48233D
209,209,8,27167283,테이카웃마씸,제주특별자치도 제주시 용담1동,129-6,
210,210,9,10056433,호수다방,제주특별자치도 서귀포시 성산읍 고성리,307-3,
211,211,10,407565533,제주의꿈,제주특별자치도 제주시 애월읍 납읍리,1021,
212,212,11,2065881844,아뽀밍고,제주특별자치도 서귀포시 성산읍 성산리,399-46,
213,213,12,51590542,이정의댁,제주특별자치도 서귀포시 중문동,1702-4,http://t1.daumcdn.net/place/0B5C65D9224148B3A1582A3BD88F7DDE
214,214,13,2064021817,감성커피 한라병원점,제주특별자치도 제주시 연동,1964-3,
215,215,14,345842015,이너피스,제주특별자치도 제주시 노형동,3796-9,http://t1.daumcdn.net/localfiy/8420F8D172564222BFCE8B5CE1931E15
216,216,15,19499624,커피팔레트,제주특별자치도 제주시 이도2동,1178-3,http://t1.daumcdn.net/localfiy/283531B8421A462B83C601F6B3DACD8B
217,217,16,9008202,미소다방,제주특별자치도 제주시 용담1동,33,
218,218,17,14522964,기원다방,제주특별자치도 서귀포시 대정읍 하모리,1029-10,
219,219,18,867356495,하귀1629,제주특별자치도 제주시 애월읍 하귀1리,1629-1,http://t1.daumcdn.net/place/C0B9326E61E6429F85097E579FC5DE01
220,220,19,756799226,동명리공간,제주특별자치도 제주시 한림읍 동명리,1591-4,http://t1.daumcdn.net/place/994668A5BAE14601862E066F53A81A04
221,221,20,31532171,델타커피,제주특별자치도 제주시 이도이동,1084-12,
222,222,21,371491242,윤재커피,제주특별자치도 제주시 이도1동,1403-2,http://t1.daumcdn.net/place/C26CDB1CF06E4CA8BBF33BA567EDECBC
223,223,22,1406958574,바당국수카페,제주특별자치도 제주시 구좌읍 행원리,85-3,http://t1.daumcdn.net/localfiy/59BB07167DAE49F4AA1D4294426E9F4C
224,224,23,434148127,만남카페,제주특별자치도 서귀포시 서귀동,271-16,
225,225,24,27167225,돌코롬허니,제주특별자치도 제주시 구좌읍 김녕리,1705,http://t1.daumcdn.net/place/E2A649465C4B4A92951FEFB935DC7B8A
226,226,25,127048653,마리웨일237 제주노형점,제주특별자치도 제주시 노형동,3779-3,
227,227,26,23440244,미녀들의수다,제주특별자치도 제주시 오라이동,1236-3,http://t1.daumcdn.net/cfile/24024C41556FE2D11B
228,228,27,1396941120,더블에스,제주특별자치도 제주시 연동,283-46,
229,229,28,535097779,혼디,제주특별자치도 제주시 노형동,739,http://t1.daumcdn.net/localfiy/7EE726FC86AB41B69BF0C136B674AC22
230,230,29,499863986,봄뜨랑,제주특별자치도 서귀포시 성산읍 고성리,1197-7,http://t1.daumcdn.net/localfiy/23C7CF8A2AE445E89C32AD55B5D5D585
231,231,30,1632499645,귀리공장,제주특별자치도 제주시 이도일동,1690-6,
232,232,31,1314653330,카페소소한,제주특별자치도 제주시 삼양일동,1580-1,
233,233,32,15995114,대지,제주특별자치도 제주시 건입동,1045-19,
234,234,33,25117847,칼디,제주특별자치도 제주시 아라일동,6050-1,
235,235,34,14515907,카페티맑은 연동점,제주특별자치도 제주시 연동,1533,
236,236,35,1642124500,조금만천천히,제주특별자치도 제주시 조천읍 조천리,3134,http://t1.daumcdn.net/place/648344B401DD452E8964F5AEAC083913
237,237,36,552093138,비브레이브 서호점,제주특별자치도 서귀포시 서호동,1470,http://t1.daumcdn.net/place/F9FE583C4AA1492298A7A2FCC53AB839
238,238,37,220356796,피시야 카페,제주특별자치도 제주시 조천읍 함덕리,215-6,http://t1.daumcdn.net/place/6793F81895054BF389D16B8FC04B78D3
239,239,38,1394100322,퍼펫,제주특별자치도 제주시 이도일동,1774-19,
240,240,39,1419063288,에바다웨이마린,제주특별자치도 제주시 애월읍 신엄리,2715,
241,241,40,1524395459,본태카페,제주특별자치도 서귀포시 안덕면 상천리,380,
242,242,41,806052506,달달한청춘,제주특별자치도 제주시 아라일동,6097-4,
243,243,42,1190668208,카페봄봄 연동점,제주특별자치도 제주시 노형동,726-1,
244,244,43,634457668,매일더탐나,제주특별자치도 서귀포시 표선면 토산리,426-6,http://t1.daumcdn.net/localfiy/676FA02EA9984747832107738A32002D
245,245,44,1086180376,샨티,제주특별자치도 서귀포시 중문동,2073-32,
246,246,45,1931938764,봉봉,제주특별자치도 서귀포시 남원읍 남원리,128-30,http://t1.daumcdn.net/localfiy/A7FB10422AF04E41AC51ABE50AB87428
247,247,46,791617298,더리트리브,제주특별자치도 서귀포시 안덕면 화순리,241,http://t1.daumcdn.net/place/11E4B57E327B46B39B8C6CE9AB729D19
248,248,47,1515077439,킨포크,제주특별자치도 제주시 노형동,3803-17,http://t1.daumcdn.net/place/3A776E7FF8EB4F0DBB69358F96282764
249,249,48,17016247,로티팜스,제주특별자치도 제주시 아라이동,1344-1,
250,250,49,2118086325,카페비고르,제주특별자치도 서귀포시 안덕면 사계리,2294-20,
251,251,50,1417581558,청춘감성쌀핫도그 한림점,제주특별자치도 제주시 한림읍 동명리,1597-7,http://t1.daumcdn.net/place/2C32504894EC412F87F34C10036C6E36
252,252,51,1191437352,까페 하,제주특별자치도 서귀포시 표선면 하천리,2011,http://t1.daumcdn.net/localfiy/A239DE6AB2D34D17BE4BEE372BB8A1CD
253,253,52,27401717,엔젤리쉬 삼화신촌점,제주특별자치도 제주시 조천읍 신촌리,2717-4,
254,254,53,21456492,콩,제주특별자치도 서귀포시 서홍동,397-96,
255,255,54,9465162,커피피플 시청점,제주특별자치도 제주시 이도2동,1180-2,http://t1.daumcdn.net/cfile/20385E0F4C3BB1695C
256,256,55,20032876,감성팥쥐,제주특별자치도 제주시 노형동,938-4,http://t1.daumcdn.net/place/345118C54666473AA70C581E6EC6CBF8
257,257,56,2117685418,쉬멍카페,제주특별자치도 서귀포시 서귀동,277-2,http://t1.daumcdn.net/place/7A78A800E1174607AB9BFDD1CD91F883
258,258,57,1362462523,제주봄카페&스테이 전기차충전소,제주특별자치도 서귀포시 토평동,329-1,
259,259,58,9963177,처음처럼,제주특별자치도 제주시 연동,253-46,
260,260,59,12757724,커피볶는집 e브엘세바 서귀포동홍본점,제주특별자치도 서귀포시 동홍동,135-4,http://t1.daumcdn.net/place/5A4DB7B7B17F4C48A765AE00CFBD7140
261,261,60,2007964275,에그프라이,제주특별자치도 제주시 일도2동,357-10,
262,262,61,2040765880,1004카페,제주특별자치도 서귀포시 대정읍 구억리,1004,http://t1.daumcdn.net/place/8CD9A3964D874126BF96FF99D4159DD6
263,263,62,24876533,레이지카페,제주특별자치도 서귀포시 색달동,2242,
264,264,63,27445546,달보드레카페,제주특별자치도 서귀포시 표선면 표선리,40-3,http://t1.daumcdn.net/place/6D6C4FE73A1C44B68B6CC75426F80C7B
265,265,64,22407333,가배,제주특별자치도 서귀포시 강정동,710,http://t1.daumcdn.net/place/D61FC67F67204C168FECD42E6B4A0529
266,266,65,19737274,꽃피는커피,제주특별자치도 제주시 노형동,2533-1,http://t1.daumcdn.net/place/11E4895CEE7347A59942B2A7704A7A20
267,267,66,1893805090,코코부코 제주본점,제주특별자치도 서귀포시 안덕면 사계리,2147-30,
268,268,67,1460475575,할리스커피 제주협재해수욕장점,제주특별자치도 제주시 한림읍 협재리,2514-2,http://t1.daumcdn.net/place/FA27280109E541CEB4BA1AA4ACAAB81A
269,269,68,1229685652,서홍정원,제주특별자치도 서귀포시 서홍동,449-8,http://t1.daumcdn.net/place/DEA2705B47FE4142B9380D97F94DD4E6
270,270,69,1658038483,로빙화,제주특별자치도 서귀포시 남원읍 남원리,1398-7,http://t1.daumcdn.net/localfiy/695259663D114D3CAEDD3595CB3143AD
271,271,70,27609926,까망고띠,제주특별자치도 제주시 조천읍 선흘리,2040-1,http://t1.daumcdn.net/place/04EBEB1A68E84E07B0D88D44B00FBB5F
272,272,71,623343843,커피니 제주공항국내선점,제주특별자치도 제주시 용담이동,2002,
273,273,72,973636144,금화다방,제주특별자치도 서귀포시 대정읍 하모리,931-10,
274,274,73,1945810138,윤비자,제주특별자치도 제주시 한림읍 협재리,1416-1,
275,275,74,1834770525,카페제드 본점,제주특별자치도 서귀포시 색달동,2864-10,http://t1.daumcdn.net/place/31EFA882201545BC9A9DE5B7423D4169
276,276,75,8961009,리베라떼,제주특별자치도 제주시 삼도1동,571-1,http://t1.daumcdn.net/place/40686B0678624A57A8731A9734A5295A
277,277,76,1337042932,작은토끼,제주특별자치도 제주시 외도이동,235-2,
278,278,77,21654712,담담,제주특별자치도 제주시 한경면 저지리,3263-2,http://t1.daumcdn.net/place/0ADDBE72B78A4984BAACF70DBCC68EC6
279,279,78,18394154,춤추는염소들,제주특별자치도 제주시 연동,287-14,http://t1.daumcdn.net/place/E036E4CD6A53474D81ADD6C10C965365
280,280,79,1091922425,툭탁,제주특별자치도 서귀포시 강정동,207-1,
281,281,80,23688005,대평에오면,제주특별자치도 서귀포시 안덕면 창천리,777-5,http://t1.daumcdn.net/place/6EE7EF56777942E2A373D59A145F9B14
282,282,81,547444722,프롬더힐,제주특별자치도 서귀포시 대정읍 구억리,1008,http://t1.daumcdn.net/place/4E9BB3009C7A46BFA475D4859468C898
283,283,82,1350133038,No Lone Zone,제주특별자치도 제주시 노형동,906-1,http://t1.daumcdn.net/place/EA6741EE03444C32B49A28DCC06AF094
284,284,83,16266441,미로,제주특별자치도 제주시 구좌읍 김녕리,3322,
285,285,84,999989618,더심플,제주특별자치도 서귀포시 서호동,1551-10,http://t1.daumcdn.net/place/519A349977D74992A1E114D278E40706
286,286,85,941345504,미스터힐링 중문점,제주특별자치도 서귀포시 중문동,2059-7,
287,287,86,17574018,제주아트랜드 커피숍,제주특별자치도 제주시 구좌읍 송당리,2764-1,
288,288,87,11277880,대림카페,제주특별자치도 제주시 한림읍 한림리,1584,
289,289,88,1006508481,봄길,제주특별자치도 제주시 조천읍 북촌리,626-1,
290,290,89,1166334921,슈퍼키즈스카이방방,제주특별자치도 서귀포시 강정동,208-4,http://t1.daumcdn.net/cfile/277F064057A9288722
291,291,90,703484233,빅웨이브,제주특별자치도 서귀포시 성산읍 오조리,13,
292,292,91,21510014,귤림,제주특별자치도 제주시 용담1동,231-8,
293,293,92,708892179,정낭까페,제주특별자치도 제주시 한림읍 상명리,1036,
294,294,93,738749385,커피버튼로스터즈,제주특별자치도 제주시 한경면 신창리,330-6,http://t1.daumcdn.net/localfiy/searchregister_1998252425
295,295,94,17672153,프라우스타 에스프레소,제주특별자치도 제주시 연동,262-34,
296,296,95,1307726606,모뉴에트,제주특별자치도 제주시 구좌읍 종달리,814-24,http://t1.daumcdn.net/place/FD63C1B68C4A406580E221AF5C9211BF
297,297,96,15639202,빠빠라기 신제주점,제주특별자치도 제주시 연동,272-19,http://t1.daumcdn.net/place/C79C450F795244958B80F428ECFCB335
298,298,97,1785500578,해맞이카페,제주특별자치도 제주시 구좌읍 월정리,3,http://t1.daumcdn.net/place/02072F0E55A44045BBDE3D5C0D91DABD
299,299,98,2104442505,펍 배솔트블루,제주특별자치도 제주시 용담삼동,1137-1,http://t1.daumcdn.net/place/49D1A1D2980D471BAEEBC1AD691C1DDA
300,300,99,1271261114,돌고래바다카페,제주특별자치도 서귀포시 대정읍 신도리,2413-3,http://t1.daumcdn.net/place/5E3D1EB158954727B9F2B8973EA23813
301,301,0,38151755,흑화당 제주제원점,제주특별자치도 제주시 연동,262-2,http://t1.daumcdn.net/place/8B7FB83D86764FF3BC07634BCAC21A8E
302,302,1,8730778,가야앤천국,제주특별자치도 제주시 연동,282-28,
303,303,2,9467890,중앙다방,제주특별자치도 서귀포시 대정읍 하모리,930-5,
304,304,3,419551632,쥬씨,제주특별자치도 제주시 도련일동,1940-1,
305,305,4,1685710455,쉬크카페,제주특별자치도 제주시 도남동,917-8,
306,306,5,27608618,레몬칸타타,제주특별자치도 제주시 이도2동,2025-7,http://t1.daumcdn.net/place/A3CD5FFDB5A043AE826BFB35BC369F61
307,307,6,1056724363,모루,제주특별자치도 서귀포시 표선면 표선리,40-76,
308,308,7,26950131,비아제주 카페엔스테이,제주특별자치도 제주시 연동,290-36,http://t1.daumcdn.net/localfiy/0FC6E6D6D2E64B5DBFBF48DE3BB6BDB9
309,309,8,9777310,리베,제주특별자치도 제주시 연동,292-9,
310,310,9,27464029,댕규리네 해수족욕카페,제주특별자치도 서귀포시 하예동,580,http://t1.daumcdn.net/place/BDB2F9DD6D5D41DEBD36CE7DD298C2E2
311,311,10,875974284,카페하이큐,제주특별자치도 제주시 도련일동,1938,
312,312,11,1987232437,하우스터디서귀포센터모임공간,제주특별자치도 서귀포시 서귀동,284-32,
313,313,12,20196364,봉쉡망고 월정점,제주특별자치도 제주시 구좌읍 월정리,541,http://t1.daumcdn.net/place/EE693B76A3A640768ACA9E2974D8C9C8
314,314,13,2067140104,띵꽁빵꽁,제주특별자치도 제주시 이도일동,1709-17,
315,315,14,1032776721,산들티카페,제주특별자치도 서귀포시 안덕면 화순리,1084-7,
316,316,15,1003992664,올록볼록 블럭놀이방,제주특별자치도 제주시 일도2동,357-12,http://t1.daumcdn.net/localfiy/D3A6A85716504A2388CD6FCEA5A9609B
317,317,16,871607839,샤인카페,제주특별자치도 제주시 이도2동,1148-16,
318,318,17,145451396,말랑제주,제주특별자치도 서귀포시 호근동,1821-7,http://t1.daumcdn.net/localfiy/E53C3F40C8814582BE7CD9ADB8D04C64
319,319,18,335320170,악단,제주특별자치도 제주시 외도일동,505-4,
320,320,19,1926302348,의귀리카페,제주특별자치도 서귀포시 남원읍 의귀리,971-9,http://t1.daumcdn.net/localfiy/searchregister_2036116489
321,321,20,21546157,소노벨제주 빠네쿠치나,제주특별자치도 제주시 조천읍 함덕리,274,
322,322,21,733510519,히든클리프호텔 앤 네이쳐 치치라운지,제주특별자치도 서귀포시 상예동,625,
323,323,22,732972914,에밀리파크,제주특별자치도 제주시 조천읍 신촌리,1615-2,http://t1.daumcdn.net/place/993AEAE7484541A9AC89BC55D9C02133
324,324,23,1006007716,더브릿지,제주특별자치도 제주시 용담2동,603-122,
325,325,24,10593342,아라다방,제주특별자치도 서귀포시 대정읍 하모리,1503-4,
326,326,25,1543843449,더롤,제주특별자치도 서귀포시 강정동,207-1,
327,327,26,814388114,에스테틱스오브슬로우,제주특별자치도 제주시 한경면 청수리,1368,
328,328,27,9159454,수궁다방,제주특별자치도 서귀포시 대정읍 하모리,938-17,http://t1.daumcdn.net/place/27557632E47F4AAA9419D362D9288872
329,329,28,14744377,다빈치커피 제주이도점,제주특별자치도 제주시 아라이동,3012-12,http://t1.daumcdn.net/place/2D3662B6776D4BCDA6D16F7018F666C4
330,330,29,27080594,간세라운지,제주특별자치도 제주시 일도일동,1448,http://t1.daumcdn.net/cfile/2154044055F1363A34
331,331,30,25118051,제스토리,제주특별자치도 서귀포시 법환동,209-3,http://t1.daumcdn.net/place/CDFA57011975454D99AA3FC92B4A3634
332,332,31,271841473,홀리데이시즌,제주특별자치도 제주시 삼양이동,2102-13,http://t1.daumcdn.net/localfiy/0C3B1BCD1A734F1F812F6A33F7A35514
333,333,32,1108568093,끌림,제주특별자치도 제주시 삼도일동,529-1,
334,334,33,474867094,디저트39 제주노형점,제주특별자치도 제주시 노형동,3794-5,
335,335,34,251816842,전통란찻집,제주특별자치도 서귀포시 서귀동,311-7,
336,336,35,21545833,로비라운지,제주특별자치도 제주시 이도1동,1691-9,
337,337,36,755265923,카페드숑,제주특별자치도 서귀포시 동홍동,108-5,http://t1.daumcdn.net/place/8624DC7F14D24C25A29C4647FA4948DB
338,338,37,1059256425,휴마루호스텔카페 전기차충전소,제주특별자치도 서귀포시 서홍동,1777-3,
339,339,38,59334207,그계절,제주특별자치도 제주시 구좌읍 한동리,2040,http://t1.daumcdn.net/place/1009C03AD794409E90ECAE5694987558
340,340,39,27598073,바위에서쉬다,제주특별자치도 제주시 한림읍 귀덕리,4141,http://t1.daumcdn.net/place/62724649A8434DAE89BAE6828DDC972F
341,341,40,391060169,트레블카페 제주지사,제주특별자치도 제주시 노형동,1152-10,
342,342,41,1011859675,M1971,제주특별자치도 서귀포시 대정읍 하모리,646-20,http://t1.daumcdn.net/place/9A6B07A636A24D10A27259FCC681F8EB
343,343,42,1799037921,위즈커피,제주특별자치도 제주시 외도일동,550-4,
344,344,43,9076865,칸타빌레,제주특별자치도 제주시 연동,1961-5,
345,345,44,27545188,모랑모랑,제주특별자치도 제주시 애월읍 소길리,650-1,http://t1.daumcdn.net/place/D8C9223F9541467AAA59EF7C92031263
346,346,45,2021835685,루코도모,제주특별자치도 제주시 구좌읍 평대리,687,
347,347,46,775745381,우주라이크앤 제주노형점,제주특별자치도 제주시 노형동,2579-1,
348,348,47,413368800,커피밸런스,제주특별자치도 제주시 월평동,747,http://t1.daumcdn.net/localfiy/DF223E3A22984FD7828FF149117D88E0
349,349,48,1044133186,농업회사법인한스,제주특별자치도 제주시 조천읍 함덕리,2255,http://t1.daumcdn.net/localfiy/1A6D33F69956415C91B7FE77104E042E
350,350,49,1347414054,W3075,제주특별자치도 제주시 구좌읍 하도리,3075,http://t1.daumcdn.net/place/AD4EDE9513A64D6A957B26D5DC924D97
351,351,50,27094314,림벅와플 제주점,제주특별자치도 서귀포시 성산읍 성산리,158-2,http://t1.daumcdn.net/place/38FAE8F7110A4E9AA2C1BA03C89B60DB
352,352,51,639029672,차차신창,제주특별자치도 제주시 한경면 신창리,1371-3,http://t1.daumcdn.net/place/A9BCAF4C2D59467482FB4567FDA6E03A
353,353,52,611667902,썬셋클리프,제주특별자치도 제주시 애월읍 애월리,2477,http://t1.daumcdn.net/place/99EEE4C723274F2786F1A3BC2690F21F
354,354,53,113696011,세성로영화인카페,제주특별자치도 서귀포시 표선면 세화리,2162-1,
355,355,54,1077807233,브라보유어라이프,제주특별자치도 제주시 아라일동,358-9,http://t1.daumcdn.net/localfiy/37B3FEF0860A4A7E97102B39357A5CCC
356,356,55,21501817,네스트힐,제주특별자치도 제주시 한림읍 협재리,598-1,
357,357,56,1680422322,망고홀릭성산일출봉점,제주특별자치도 서귀포시 성산읍 성산리,126-2,http://t1.daumcdn.net/place/9FE75978BADF41938D04AAEE371ED6EC
358,358,57,22284064,카페18번가,제주특별자치도 제주시 조천읍 신촌리,2303-1,
359,359,58,1497607830,하도조은펜션&카페,제주특별자치도 제주시 구좌읍 하도리,53-48,
360,360,59,159833969,황우럭만화카페,제주특별자치도 제주시 한림읍 한림리,1055,
361,361,60,21513011,현다방,제주특별자치도 제주시 조천읍 함덕리,963-1,
362,362,61,1586281697,과달루페,제주특별자치도 제주시 한림읍 협재리,1398,
363,363,62,26532312,쪼끌락,제주특별자치도 제주시 구좌읍 김녕리,1223-20,http://t1.daumcdn.net/place/5806758ECDDB4AE58B38C84C9329D72E
364,364,63,21513135,까페드메종,제주특별자치도 제주시 구좌읍 동복리,827,
365,365,64,734958063,노리파크 제주함덕점,제주특별자치도 제주시 조천읍 함덕리,2887-10,
366,366,65,1909855412,예당뜰카페,제주특별자치도 제주시 오라이동,1204-1,
367,367,66,9131916,소담,제주특별자치도 서귀포시 서귀동,648-13,http://t1.daumcdn.net/place/10A31DF519C140F592662B32228BC91C
368,368,67,10081492,지인,제주특별자치도 제주시 연동,274-35,
369,369,68,190369119,마로네,제주특별자치도 제주시 일도2동,149-21,http://t1.daumcdn.net/localfiy/E8DC6435FF6D4C4DAB7BBCB145DA62FE
370,370,69,1648639350,주르르커피,제주특별자치도 제주시 이도이동,2021-10,http://t1.daumcdn.net/place/ED1728CC84774E88BF7D9DBED8A66030
371,371,70,1055250555,트로피컬하이드어웨이 브런치카페,제주특별자치도 서귀포시 대정읍 상모리,77-2,http://t1.daumcdn.net/localfiy/2470683DCC21416A81B814247C769529
372,372,71,1103357890,플로리 카페,제주특별자치도 제주시 영평동,2689-1,http://t1.daumcdn.net/localfiy/searchregister_1856760841
373,373,72,1843991420,글라스믹,제주특별자치도 제주시 애월읍 하귀1리,192-9,
374,374,73,1587636406,조천끗집,제주특별자치도 제주시 조천읍 조천리,2769-2,
375,375,74,554718434,더시크릿하모니,제주특별자치도 제주시 노형동,3794-4,
376,376,75,646967712,오끼416갤러리,제주특별자치도 서귀포시 남원읍 의귀리,416,http://t1.daumcdn.net/place/16A271CBB8724703B1F822A1E6446E5C
377,377,76,17101568,해적카페,제주특별자치도 제주시 용담삼동,2378,http://t1.daumcdn.net/cfile/157B7B394F45C2D91B
378,378,77,818988612,월정리인카페,제주특별자치도 제주시 구좌읍 월정리,594,
379,379,78,25865205,카노푸스,제주특별자치도 서귀포시 중문동,2654-2,http://t1.daumcdn.net/place/50A286E78C964C1EBC6F7EE20608F21F
380,380,79,1362051346,카페이호동,제주특별자치도 제주시 이호일동,1665-1,http://t1.daumcdn.net/localfiy/searchregister_1356285136
381,381,80,27537304,엘가커피 제주연동점,제주특별자치도 제주시 연동,1372-3,http://t1.daumcdn.net/place/92D3550E2526433DA65B285113A0D8A9
382,382,81,1537748035,화용다방,제주특별자치도 서귀포시 서귀동,275-7,
383,383,82,1604142577,부러워커피,제주특별자치도 제주시 일도1동,1154-3,http://t1.daumcdn.net/localfiy/6988B0681960428B8C0C6905D51F99F6
384,384,83,23737547,로이셀,제주특별자치도 제주시 이도2동,1959-1,http://t1.daumcdn.net/place/336746AB1C3845528EECEC823BD4003F
385,385,84,24506425,카페바라기,제주특별자치도 서귀포시 하효동,1068,http://t1.daumcdn.net/cfile/230AC74A53830B9E06
386,386,85,1649787455,에이바우트커피아라초점,제주특별자치도 제주시 아라일동,6103-7,
387,387,86,13006148,비어박스,제주특별자치도 제주시 일도2동,392-5,
388,388,87,1710030150,한라산아래첫마을 영농조합법인,제주특별자치도 서귀포시 안덕면 광평리,211,http://t1.daumcdn.net/localfiy/0F758A0704B14185B3971E3D8F810C61
389,389,88,1337451103,커피바리카페,제주특별자치도 제주시 조천읍 교래리,276,http://t1.daumcdn.net/localfiy/searchregister_1503197954
390,390,89,841049510,데일리오아시스 제주공항점,제주특별자치도 제주시 용담삼동,993-16,http://t1.daumcdn.net/place/1AF19D35373240E795796E0D37E05637
391,391,90,27398681,빽다방 제주삼화부영점,제주특별자치도 제주시 삼양이동,2332-5,http://t1.daumcdn.net/place/939FC019273840C591A1D4050D56ADCE
392,392,91,37915239,카페코코,제주특별자치도 제주시 조천읍 함덕리,1010,
393,393,92,2032789771,커피팀버 노형점,제주특별자치도 제주시 노형동,1291-16,
394,394,93,172397542,제주의봄,제주특별자치도 서귀포시 서호동,1232-4,
395,395,94,1542447692,안녕구움,제주특별자치도 제주시 한경면 두모리,2726,
396,396,95,21497912,헤이데이,제주특별자치도 제주시 외도이동,334-5,http://t1.daumcdn.net/cfile/184F96044CB13D1B00
397,397,96,25644570,리치망고 대정점,제주특별자치도 서귀포시 대정읍 하모리,656,http://t1.daumcdn.net/place/4308A6EEAC1E4EE99103B9660CDAC380
398,398,97,830081272,열두달,제주특별자치도 제주시 한경면 용수리,4348-8,
399,399,98,1570389741,핑크핑크,제주특별자치도 제주시 연동,251-7,
400,400,99,1414456906,넘버138,제주특별자치도 서귀포시 하효동,996-1,http://t1.daumcdn.net/place/03B10AE7BA544E7398CA93BF663CCA9C
401,401,0,1989308227,모우카파,제주특별자치도 서귀포시 대정읍 영락리,1335-1,http://t1.daumcdn.net/localfiy/A1D5E542EBD8480489A6E1E6843E011D
402,402,1,1234666141,카페인링거,제주특별자치도 제주시 조천읍 조천리,2361,http://t1.daumcdn.net/place/B69662786BA24F1DB165FEDAC41D8DAC
403,403,2,10213366,금빛다화,제주특별자치도 제주시 내도동,475,
404,404,3,11788711,이브닝카페,제주특별자치도 제주시 이도2동,1179-14,
405,405,4,1172906738,이제이,제주특별자치도 제주시 용담이동,359-16,
406,406,5,1308664252,사뿐,제주특별자치도 제주시 도두일동,1249-7,
407,407,6,11643824,바바부단 신제주점,제주특별자치도 제주시 연동,261-9,
408,408,7,27391688,플레이케이팝 별이빛나는밤에,제주특별자치도 서귀포시 색달동,2864-36,
409,409,8,1795725103,디어마이퍼피,제주특별자치도 제주시 노형동,3702-2,http://t1.daumcdn.net/localfiy/06671CD495AC4F24B21E6797A615C4A1
410,410,9,780042001,모아다방,제주특별자치도 제주시 구좌읍 세화리,1419-2,
411,411,10,22512755,섬오름카페앤레스토랑,제주특별자치도 서귀포시 법환동,1514-1,http://t1.daumcdn.net/place/829506597AF64FF6BB645416B3A8B5EA
412,412,11,116654608,아지트,제주특별자치도 제주시 연동,274-22,
413,413,12,788239844,잼잼팩토리,제주특별자치도 제주시 조천읍 와산리,1559-18,http://t1.daumcdn.net/localfiy/searchregister_2006869266
414,414,13,9561505,파도다방,제주특별자치도 제주시 조천읍 함덕리,1002-45,
415,415,14,19048342,카페요기,제주특별자치도 제주시 용담1동,266-4,http://t1.daumcdn.net/place/F2B06FF9184D4FCE9BF8C4C19F26FA24
416,416,15,26940766,돌돌,제주특별자치도 제주시 애월읍 애월리,2527-3,http://t1.daumcdn.net/place/6CBB53B4F8D94F5C8791E2E4F5FB2FEC
417,417,16,132566301,모모제이,제주특별자치도 제주시 아라일동,6112-6,http://t1.daumcdn.net/place/791328ADF7AE4C2B9F0176C793F693C1
418,418,17,2080549056,북촌에 가면,제주특별자치도 제주시 조천읍 북촌리,1262-1,http://t1.daumcdn.net/place/1C8FCDF83A1942C5BF6A1EDB59C9947C
419,419,18,879217912,베디아올다,제주특별자치도 제주시 아라일동,6094-1,http://t1.daumcdn.net/localfiy/2DE1A279CD7C4D2BBB06F6E20F627880
420,420,19,83691382,수마,제주특별자치도 서귀포시 성산읍 성산리,142,http://t1.daumcdn.net/localfiy/2143D62C5F98405987C607618D166F6F
421,421,20,2055749024,구닮,제주특별자치도 서귀포시 안덕면 사계리,177-1,
422,422,21,2065132848,스테이솔티,제주특별자치도 제주시 구좌읍 월정리,33-11,http://t1.daumcdn.net/place/FB070C86B27E4EA18B7F23265A91C51E
423,423,22,2083642598,커피비,제주특별자치도 제주시 한림읍 옹포리,881,
424,424,23,27447806,홈카페앤,제주특별자치도 서귀포시 서귀동,644-10,
425,425,24,860479742,더벤티 서귀포신시가지점,제주특별자치도 서귀포시 서호동,1477-3,http://t1.daumcdn.net/localfiy/24860FC2911342CBA100346B463D2A47
426,426,25,14974263,시인의집,제주특별자치도 제주시 조천읍 조천리,3086-1,http://t1.daumcdn.net/place/F8B2F8F889654CD7A2D007F393E647D1
427,427,26,866481320,빵인,제주특별자치도 제주시 노형동,3798-12,http://t1.daumcdn.net/place/2E6FFFF6D47A47789530E8253BB3B604
428,428,27,1778985786,과일하다,제주특별자치도 제주시 애월읍 신엄리,3063-1,http://t1.daumcdn.net/localfiy/8CE88C67FF5F41968D0EB99ACB6911A2
429,429,28,1790483202,새소년,제주특별자치도 제주시 구좌읍 평대리,1989-1,
430,430,29,25507301,현대모비스카페 제주아쿠엠,제주특별자치도 제주시 오라이동,2147-3,
431,431,30,24987313,제주공감,제주특별자치도 서귀포시 성산읍 성산리,298-4,http://t1.daumcdn.net/place/059BD113065749959AEA3EC57566C649
432,432,31,307240389,이디,제주특별자치도 제주시 구좌읍 세화리,1476-5,
433,433,32,10297126,동신다방,제주특별자치도 제주시 이도1동,1789-10,
434,434,33,1884308278,몽니몽리,제주특별자치도 서귀포시 표선면 표선리,1469-4,
435,435,34,1317988879,제이카페,제주특별자치도 제주시 노형동,719-4,
436,436,35,539274828,토프레소 제주중문점,제주특별자치도 서귀포시 중문동,1665-5,
437,437,36,26826910,달빛머금은,제주특별자치도 제주시 건입동,1399-10,http://t1.daumcdn.net/place/DB75ABF3358648139B078159588D38B1
438,438,37,26041232,해그린까페,제주특별자치도 제주시 용담1동,232-8,
439,439,38,1679756496,꼬라지오,제주특별자치도 서귀포시 서홍동,1153-6,http://t1.daumcdn.net/place/ABEFDEA9447E4D0084270F019531C6EC
440,440,39,26309045,오델로,제주특별자치도 서귀포시 상효동,756-3,
441,441,40,2110820294,킹콩쥬스&커피 제주아라점,제주특별자치도 제주시 아라일동,6117-1,
442,442,41,1507788040,멍하니,제주특별자치도 제주시 삼도1동,500-5,http://t1.daumcdn.net/localfiy/07994041529942B68EAAED3BECCA7D70
443,443,42,657055154,가비오타카페,제주특별자치도 제주시 구좌읍 종달리,1419,http://t1.daumcdn.net/localfiy/D36FAF670F2D4608ACAD75BEF32531AD
444,444,43,1937894800,키친로브,제주특별자치도 서귀포시 성산읍 성산리,175-4,http://t1.daumcdn.net/place/453088955D5048139AC914F2D26CEAA6
445,445,44,418407294,메탈리코,제주특별자치도 제주시 애월읍 유수암리,1031-20,http://t1.daumcdn.net/localfiy/F8C8971C8A734614A5CC3888587E4AE0
446,446,45,9944858,이삭커피숍,제주특별자치도 서귀포시 정방동,417-17,
447,447,46,762783399,투썸플레이스 제주엠제이벤처오름점,제주특별자치도 제주시 영평동,2169-4,
448,448,47,19622998,어리석은물고기,제주특별자치도 서귀포시 남원읍 위미리,1883-12,
449,449,48,263132825,타임카페,제주특별자치도 제주시 도남동,54,
450,450,49,935880608,그시절그바다,제주특별자치도 제주시 구좌읍 평대리,1981,http://t1.daumcdn.net/localfiy/E1AEEB2CEC0A438494E2589E2131A481
451,451,50,1715239271,카페인,제주특별자치도 제주시 노형동,755-3,
452,452,51,1021606300,땡큐미 제주점,제주특별자치도 제주시 아라일동,6152-10,http://t1.daumcdn.net/place/E8DF4C04FD6149B4858004A861C110F7
453,453,52,295099561,그라시아스,제주특별자치도 서귀포시 서귀동,782-3,
454,454,53,18206749,타로스토리,제주특별자치도 제주시 이도2동,1180-3,
455,455,54,280371245,엘리,제주특별자치도 제주시 연동,1489-3,
456,456,55,26306984,팩토리카페,제주특별자치도 제주시 삼도2동,1192-17,
457,457,56,13566035,platanus,제주특별자치도 제주시 연동,680-7,
458,458,57,400946709,공백,제주특별자치도 제주시 구좌읍 김녕리,1568-1,
459,459,58,2077442456,커피동동사무소,제주특별자치도 서귀포시 서귀동,291-6,
460,460,59,26236036,모던다이브,제주특별자치도 제주시 도남동,698-5,
461,461,60,26792268,키친오즈,제주특별자치도 제주시 한림읍 협재리,958-1,http://t1.daumcdn.net/place/76D3D109F5724B898229F5F7F22814CC
462,462,61,1916858642,박지광헤어카페,제주특별자치도 제주시 한림읍 동명리,1594-10,http://t1.daumcdn.net/localfiy/130B1BBB544540C0B9935C1D240A14BC
463,463,62,738625487,사랑가게 옹기종기,제주특별자치도 제주시 우도면 연평리,92-2,
464,464,63,1062435894,어반가라지,제주특별자치도 서귀포시 성산읍 고성리,1547-1,http://t1.daumcdn.net/place/ECDE18C16C6748489B4E5649ECF21DA2
465,465,64,10229448,귀빈다방,제주특별자치도 서귀포시 남원읍 남원리,100-1,
466,466,65,9444065,천사다방,제주특별자치도 서귀포시 성산읍 고성리,1113-3,
467,467,66,627048284,알라카르테,제주특별자치도 제주시 도남동,384,
468,468,67,417118251,제이팩토리,제주특별자치도 서귀포시 토평동,1797,http://t1.daumcdn.net/place/4170022BD6994011BE3D2E72D4ED62AD
469,469,68,1813048818,오엘즈엘,제주특별자치도 제주시 아라일동,6066-9,
470,470,69,167921675,북촌카페,제주특별자치도 제주시 조천읍 북촌리,1656-5,
471,471,70,19392070,청춘다락,제주특별자치도 제주시 애월읍 신엄리,757-4,http://t1.daumcdn.net/place/578D843A686746089CD04D67982AC7E8
472,472,71,730563598,카페뉴욕빈티지샵,제주특별자치도 서귀포시 표선면 토산리,430-3,http://t1.daumcdn.net/localfiy/B2E41787381948B9A42F22F585914281
473,473,72,1305206409,제주맘C,제주특별자치도 제주시 애월읍 신엄리,2806-2,
474,474,73,1812567283,시작독서실앤스터디카페제주노형본점,제주특별자치도 제주시 노형동,3779-5,
475,475,74,1282696428,메가커피 연동점,제주특별자치도 제주시 연동,1495-1,http://t1.daumcdn.net/place/F645DF975C5940D9BA70EF67280E1824
476,476,75,1711116308,크레프트카페 가배,제주특별자치도 제주시 이도2동,1979-22,
477,477,76,2137039503,카페온,제주특별자치도 제주시 일도1동,1139-3,
478,478,77,1536403197,몽마르카부덴,제주특별자치도 서귀포시 안덕면 사계리,171,http://t1.daumcdn.net/localfiy/E7FF450505134081A3F42E64CAFC1775
479,479,78,1242750756,밀테이블가든,제주특별자치도 제주시 애월읍 수산리,965-1,http://t1.daumcdn.net/place/A19F14D68444459DB93668EBC822B618
480,480,79,1303257427,카사제주928,제주특별자치도 제주시 한경면 저지리,2965-3,http://t1.daumcdn.net/localfiy/searchregister_1193401869
481,481,80,23386394,고래성,제주특별자치도 제주시 연동,291-24,
482,482,81,25819115,끌림앤이룸,제주특별자치도 제주시 이도2동,2015-20,http://t1.daumcdn.net/cfile/2659CD35542A40142C
483,483,82,2066122038,향이좋은카페유리,제주특별자치도 제주시 한림읍 한림리,1328-57,
484,484,83,7857277,뜰방다방,제주특별자치도 제주시 삼도1동,516-10,
485,485,84,807371912,소이재,제주특별자치도 제주시 노형동,1068-3,http://t1.daumcdn.net/place/80A3240BD16E4132BBE1F8D06D822228
486,486,85,15891603,돌체커피,제주특별자치도 제주시 이도2동,1957-7,http://t1.daumcdn.net/place/5F0F48EB5E994588879FFBB2A135B4F8
487,487,86,18765095,데이앤나이트,제주특별자치도 제주시 연동,282-2,
488,488,87,1806440605,카페바티,제주특별자치도 서귀포시 서귀동,341,
489,489,88,1609989496,주민상회 서귀포동홍점,제주특별자치도 서귀포시 동홍동,107-10,
490,490,89,1975015812,뜨락,제주특별자치도 제주시 애월읍 하귀1리,214-1,
491,491,90,9406746,오젠,제주특별자치도 서귀포시 대정읍 상모리,6-6,http://t1.daumcdn.net/place/B928C95C08A844D0BE8E2F27026FC917
492,492,91,8225315,노을언덕,제주특별자치도 제주시 도두이동,697,http://t1.daumcdn.net/place/10B5F09CFDA5485BB8148FB7CD2386DA
493,493,92,310705633,영국찻집,제주특별자치도 제주시 애월읍 봉성리,3138,http://t1.daumcdn.net/localfiy/7188DA3273C3488198156E4AB4F8C90C
494,494,93,1943501358,희다방,제주특별자치도 제주시 건입동,1089-8,
495,495,94,1079119268,니나노제주,제주특별자치도 제주시 한림읍 수원리,658-2,http://t1.daumcdn.net/localfiy/searchregister_379656011
496,496,95,12135268,죽이야기 카페제주점,제주특별자치도 제주시 노형동,2615-10,
497,497,96,1133257853,그날,제주특별자치도 서귀포시 서귀동,251-5,
498,498,97,17818172,엔제리너스 천지연폭포점,제주특별자치도 서귀포시 서홍동,678,http://t1.daumcdn.net/place/37C9D1EFB5284FE2B1E21FCB9F31DE7D
499,499,98,1672946383,카페티유,제주특별자치도 제주시 이호일동,1820,
500,500,99,1622846474,풀가개비,제주특별자치도 서귀포시 성산읍 난산리,2945,
501,501,0,677411887,고고점프,제주특별자치도 제주시 일도2동,357-12,
502,502,1,1844506916,틴더타운,제주특별자치도 제주시 구좌읍 행원리,1518-2,
503,503,2,421825440,카페다바리스타학원,제주특별자치도 제주시 조천읍 신촌리,2268,
504,504,3,15913199,도서관가는길커피숍,제주특별자치도 제주시 오라이동,885-1,
505,505,4,1791532355,커피욜로,제주특별자치도 제주시 아라일동,6130-6,http://t1.daumcdn.net/place/68ED561E98F84166ACFACA616014E31A
506,506,5,16322301,현대모비스카페 모비스이도점한보상사,제주특별자치도 제주시 이도2동,1019-8,
507,507,6,749278855,인펀트몽키,제주특별자치도 제주시 도련일동,1995-6,http://t1.daumcdn.net/localfiy/DFB962C2B44D4071896914A7DEEE32FE
508,508,7,1744283951,파피용살롱드떼,제주특별자치도 서귀포시 표선면 표선리,880-2,http://t1.daumcdn.net/localfiy/57F9E120A36B469899765FE7B1E2E810
509,509,8,26353548,망고식스 신제주점,제주특별자치도 제주시 연동,272-46,http://t1.daumcdn.net/place/FB1FC442515849258EE1706AE934020C
510,510,9,26835700,루카,제주특별자치도 제주시 연동,279-1,http://t1.daumcdn.net/place/84D3FBA0B6D54614B2DF09262FF02F63
511,511,10,1585655885,카페데바,제주특별자치도 제주시 한림읍 수원리,249,http://t1.daumcdn.net/place/34B4C0C3A74942B688F022930E49FD70
512,512,11,1039795272,까사로마커피숍,제주특별자치도 서귀포시 서귀동,314-2,
513,513,12,162486547,브런치카페올레락,제주특별자치도 제주시 아라일동,2574,http://t1.daumcdn.net/localfiy/916D6F75E2294CC3ABB6F407467C3135
514,514,13,26590518,지유명차 제주이도점,제주특별자치도 제주시 이도2동,1022-6,http://t1.daumcdn.net/cfile/2553C644555F128125
515,515,14,27446173,하도리1091,제주특별자치도 제주시 구좌읍 하도리,1091-5,http://t1.daumcdn.net/place/88FBCE9EC4104CFDA185CFB0A34E8C03
516,516,15,26639829,더블루브리즈,제주특별자치도 제주시 봉개동,289-2,http://t1.daumcdn.net/cfile/2164403C554CE18C30
517,517,16,27149644,애월더선셋,제주특별자치도 제주시 애월읍 곽지리,1381,http://t1.daumcdn.net/place/AF64BE5EB61F4229B44B9F9265CF780B
518,518,17,529445079,다흰,제주특별자치도 제주시 한림읍 옹포리,588-2,
519,519,18,1224432904,깃든카페,제주특별자치도 제주시 구좌읍 한동리,1369,http://t1.daumcdn.net/localfiy/13A0DFBE1A3D4216977A538B41040532
520,520,19,1613854186,카페내콩가,제주특별자치도 제주시 애월읍 수산리,511,http://t1.daumcdn.net/place/805F9FBCDACF442B9A1C9C35716E1B82
521,521,20,445133179,에릭스에스프레소,제주특별자치도 제주시 구좌읍 세화리,1397-6,http://t1.daumcdn.net/place/B3C2924C190241359781DA77D9B80199
522,522,21,24351128,하이앤바이,제주특별자치도 제주시 구좌읍 월정리,537-1,http://t1.daumcdn.net/place/6C629795C3044DF7A15A6043468E785B
523,523,22,857327681,로타리다방,제주특별자치도 서귀포시 서귀동,335,
524,524,23,953331000,스테이굿무드,제주특별자치도 제주시 용담1동,252-13,http://t1.daumcdn.net/place/A7839718A83C44E3A43D0F27A50DB4D6
525,525,24,25068645,하나카페,제주특별자치도 서귀포시 동홍동,1485-25,
526,526,25,950182529,커피에반하다,제주특별자치도 서귀포시 강정동,208-2,
527,527,26,158772406,세피베이글,제주특별자치도 제주시 조천읍 함덕리,272-25,http://t1.daumcdn.net/place/7A403F8ABA484C999620B158757F3C94
528,528,27,8558014,커피쟁이,제주특별자치도 제주시 애월읍 하귀1리,213-8,
529,529,28,1568994799,호이안로스터리제주,제주특별자치도 제주시 이도이동,2006-2,http://t1.daumcdn.net/localfiy/searchregister_1613866102
530,530,29,1203203290,가가멜,제주특별자치도 서귀포시 동홍동,430-2,http://t1.daumcdn.net/place/941E3B918C3644E4B03B0497332E925E
531,531,30,20245499,월정리로와,제주특별자치도 제주시 구좌읍 월정리,6,http://t1.daumcdn.net/place/A2FD95A6ADC048C3A7EC3AB6CAE3F7A4
532,532,31,1932954547,혼디마카롱,제주특별자치도 제주시 일도이동,163-25,http://t1.daumcdn.net/place/06F63D07A93D4E35983EB7AC2C71AA72
533,533,32,2130671964,수웨기,제주특별자치도 제주시 애월읍 하귀2리,2837-7,http://t1.daumcdn.net/localfiy/D0EF219D569C4E858DD9BECFEA9AB61F
534,534,33,16026907,카카듀,제주특별자치도 제주시 이도2동,1978-1,http://t1.daumcdn.net/place/7DE6BA800A5B41CFA8008950850914DD
535,535,34,232408147,바다건너종달리,제주특별자치도 제주시 구좌읍 종달리,724-1,
536,536,35,25047504,앳홈,제주특별자치도 제주시 연동,291-66,http://t1.daumcdn.net/place/12C4956FBF8B4BAD86D9886CAF45B458
537,537,36,21480967,용궁다방,제주특별자치도 제주시 한림읍 한림리,1314-79,
538,538,37,341314774,사람꽃마을카페,제주특별자치도 제주시 일도2동,48,http://t1.daumcdn.net/localfiy/searchregister_392159317
539,539,38,26613647,커핀그루나루 제주협재해변점,제주특별자치도 제주시 한림읍 협재리,1731,http://t1.daumcdn.net/place/6D504914F5DF4FD6AE76E9E1AE84AD9B
540,540,39,269153185,아쏘디쏭,제주특별자치도 제주시 이호일동,663-1,
541,541,40,1763490902,원카페,제주특별자치도 제주시 영평동,2169-2,http://t1.daumcdn.net/localfiy/FA051C334A134C1988AB2805CAD517DA
542,542,41,20410962,버블,제주특별자치도 제주시 노형동,1295-11,http://t1.daumcdn.net/place/48F9B6710C594FEC801DA9CA27814040
543,543,42,26526322,홍요깃거리까페,제주특별자치도 제주시 애월읍 고내리,390,http://t1.daumcdn.net/localfiy/2EA681DEC0C142D6BCBB73E8A2230EFA
544,544,43,21510252,더시애틀커피,제주특별자치도 제주시 일도1동,1431,
545,545,44,1601783533,메가커피 제주혁신도시점,제주특별자치도 서귀포시 강정동,200,
546,546,45,1452036521,카페뮤로,제주특별자치도 제주시 연동,252-2,http://t1.daumcdn.net/localfiy/searchregister_1107888949
547,547,46,19387196,머물다,제주특별자치도 제주시 한경면 고산리,2249-6,http://t1.daumcdn.net/place/DC1392AA5FF24B9E8E5D129E4611D2B2
548,548,47,952727735,퀸즈브라운월정리점,제주특별자치도 제주시 구좌읍 행원리,1537-5,
549,549,48,578125788,카페비,제주특별자치도 제주시 연동,306-14,
550,550,49,11925364,제주문학의집,제주특별자치도 제주시 건입동,1038-5,
551,551,50,794929779,우도부엉이,제주특별자치도 제주시 우도면 연평리,1194-3,
552,552,51,691894331,다랑쉬,제주특별자치도 제주시 용담이동,626-10,http://t1.daumcdn.net/localfiy/69C1DA3C1ED24A2CA002E89E1D2F1A44
553,553,52,1800067564,에이바우트커피 신라신성점,제주특별자치도 제주시 연동,253-5,http://t1.daumcdn.net/localfiy/searchregister_18206334
554,554,53,20098634,토리카페,제주특별자치도 서귀포시 법환동,163,
555,555,54,1995771772,이솔라,제주특별자치도 제주시 삼양이동,1965-3,http://t1.daumcdn.net/localfiy/searchregister_1503588823
556,556,55,9841400,별,제주특별자치도 제주시 삼도1동,539-7,
557,557,56,74016760,카페블롱,제주특별자치도 제주시 노형동,3810-9,http://t1.daumcdn.net/localfiy/1FB8E1A98C08423F8D8FD3F6684FA5D2
558,558,57,431955303,카페신촌리,제주특별자치도 제주시 조천읍 신촌리,2717-4,
559,559,58,26799825,별빛옥상,제주특별자치도 서귀포시 서홍동,644-9,http://t1.daumcdn.net/place/3F346837C922493FB12E5836A5EEA411
560,560,59,767876049,비브레이브 혁신도시점,제주특별자치도 서귀포시 서호동,1525-2,http://t1.daumcdn.net/place/8C44E3971E2746CF99B9C46C18166ADB
561,561,60,993636114,벤츠카페,제주특별자치도 서귀포시 서귀동,432-4,
562,562,61,27610067,비어라운드,제주특별자치도 제주시 구좌읍 하도리,907,http://t1.daumcdn.net/place/DF30360E21B74E0B9CFE9A1E1D842776
563,563,62,22843140,맘,제주특별자치도 제주시 이도2동,1181-4,
564,564,63,2103068863,동류암카페,제주특별자치도 서귀포시 성산읍 고성리,327-10,
565,565,64,23254894,머리카페,제주특별자치도 제주시 삼도2동,7,
566,566,65,2095612103,카페바나나 중문점,제주특별자치도 서귀포시 색달동,2353,http://t1.daumcdn.net/place/BD83F908C455474CA00F670B653C5EE4
567,567,66,529809389,GOM,제주특별자치도 제주시 조천읍 대흘리,1235-40,http://t1.daumcdn.net/place/55E5FB10F18B4DA78A3C4E4995EE970D
568,568,67,951495041,썬라이즈135,제주특별자치도 서귀포시 성산읍 시흥리,1211-3,http://t1.daumcdn.net/localfiy/A9E0AC5CA054473B9B67C06F83E21108
569,569,68,22133685,마이티커피,제주특별자치도 제주시 이도2동,2016-15,http://t1.daumcdn.net/place/8F43F2DB96B94998857AF9753B8F9D08
570,570,69,24766689,제주&여기쯤,제주특별자치도 제주시 구좌읍 송당리,1383-3,http://t1.daumcdn.net/place/82DACD18C6084888AE7807790CD05F73
571,571,70,12768992,플로리안,제주특별자치도 서귀포시 남원읍 남원리,105-6,
572,572,71,1539398810,카페담아,제주특별자치도 서귀포시 서귀동,759-9,
573,573,72,20436630,더쇼어호텔제주 테라스카페,제주특별자치도 서귀포시 색달동,3039-1,http://t1.daumcdn.net/place/2CDBCF2453864C22AA1F0F110C79024B
574,574,73,2013539846,카인드,제주특별자치도 제주시 구좌읍 월정리,63,
575,575,74,1965101136,플랫172,제주특별자치도 제주시 도평동,740-1,
576,576,75,12414889,장미다방,제주특별자치도 제주시 이도1동,1414-4,
577,577,76,1923485041,망고스타카페,제주특별자치도 제주시 조천읍 와흘리,2160-3,http://t1.daumcdn.net/place/8F2C9E9B8C7E4A8C85ADA7BAF2A8D3D3
578,578,77,491948690,공차 제주삼화점,제주특별자치도 제주시 도련일동,1937-6,http://t1.daumcdn.net/place/488BFC986BB44D129D8FA6C4E498F724
579,579,78,691711301,애월쌀롱,제주특별자치도 제주시 애월읍 금성리,567,
580,580,79,109815908,천사카페,제주특별자치도 서귀포시 성산읍 고성리,1113-3,
581,581,80,21484309,제일다방,제주특별자치도 서귀포시 대정읍 하모리,931-6,
582,582,81,2113185266,새빌,제주특별자치도 제주시 애월읍 봉성리,4554,http://t1.daumcdn.net/place/FC8F731ED68745129B27E2761D7DF66C
583,583,82,1641449064,이스터카페,제주특별자치도 제주시 한경면 고산리,266,
584,584,83,1605214000,걸어가는늑대들 전이수갤러리,제주특별자치도 제주시 아라일동,2743-2,http://t1.daumcdn.net/localfiy/searchregister_1458497381
585,585,84,10462941,부록카페,제주특별자치도 제주시 용담1동,82-1,
586,586,85,161216814,썬샤인코스트,제주특별자치도 서귀포시 서홍동,753-2,
587,587,86,13577527,루머팡 인화점,제주특별자치도 제주시 이도2동,314,
588,588,87,23396553,티제이힐링티하우스,제주특별자치도 제주시 애월읍 광령리,97,
589,589,88,2063344276,싱그러우니,제주특별자치도 서귀포시 상예동,4751-1,http://t1.daumcdn.net/place/DEA365038ED941D3ADB05843CAEDBCB7
590,590,89,1504034621,스터디카페247 제주연동본부,제주특별자치도 제주시 연동,1398-2,
591,591,90,660923942,로로417,제주특별자치도 서귀포시 서귀동,551-4,
592,592,91,1464507406,미레이나,제주특별자치도 제주시 한경면 두모리,2781-1,http://t1.daumcdn.net/localfiy/65BC3AE98FB54C7F847CBE9A650D6769
593,593,92,1270261743,당근점빵,제주특별자치도 제주시 구좌읍 평대리,1945-2,
594,594,93,2115307100,아르크애월,제주특별자치도 제주시 애월읍 어음리,산 131-3,http://t1.daumcdn.net/place/2435B06C0E8046F79E514BEDA9238918
595,595,94,646627049,반하크라,제주특별자치도 제주시 한림읍 금능리,2060-2,http://t1.daumcdn.net/place/EC795DFF5E274E91AE2E5E3B30411815
596,596,95,1382308139,오달콤제주 협재점,제주특별자치도 제주시 한림읍 협재리,1750-5,http://t1.daumcdn.net/localfiy/6788249DE9554362B66F6E308B65FFAD
597,597,96,771627510,아이덴,제주특별자치도 제주시 애월읍 애월리,875-1,
598,598,97,1266869677,카펜터,제주특별자치도 제주시 조천읍 신촌리,2759-1,
599,599,98,851584544,토끼썸,제주특별자치도 제주시 구좌읍 하도리,1,http://t1.daumcdn.net/place/AC369246E7BD42C2A530A770F5221798
600,600,99,16260070,카페띠아모 제주노형점,제주특별자치도 제주시 노형동,2586-4,http://t1.daumcdn.net/place/9D4F53EC29EC40049E2EF08992726E16
601,601,0,1488087380,톡톡,제주특별자치도 서귀포시 대정읍 보성리,463,
602,602,1,2135146074,제주보름달,제주특별자치도 제주시 애월읍 하귀1리,137-5,http://t1.daumcdn.net/place/C5D2F535635442D78DF82B4DC3F79D7F
603,603,2,1709501321,플로베 롯데점,제주특별자치도 제주시 연동,2324-6,
604,604,3,24955378,커피별바다잔,제주특별자치도 제주시 한경면 고산리,3864,
605,605,4,460384368,보래드베이커스,제주특별자치도 서귀포시 보목동,1453,http://t1.daumcdn.net/place/AF524C0313644608AA8E61D27308E56A
606,606,5,2083166873,바다위에코끼리,제주특별자치도 제주시 한림읍 협재리,1695,http://t1.daumcdn.net/place/A081A3E9AC794F85B3F6CFA271E210F4
607,607,6,1447821842,커피나무,제주특별자치도 제주시 삼도2동,921,http://t1.daumcdn.net/localfiy/6E12B8306EFC416C8066C5E85538ED87
608,608,7,1901894779,더터틀,제주특별자치도 서귀포시 강정동,172-5,
609,609,8,743701653,풍류,제주특별자치도 제주시 이도일동,1493-1,
610,610,9,970199448,카페헬로,제주특별자치도 서귀포시 하원동,1697,http://t1.daumcdn.net/localfiy/searchregister_1178939470
611,611,10,877966090,구씨커피로스터스,제주특별자치도 제주시 구좌읍 세화리,1524-3,http://t1.daumcdn.net/localfiy/F3322C8C14B742A09689D7070AC5771C
612,612,11,15534972,커피예가,제주특별자치도 제주시 일도2동,83-7,
613,613,12,1587892291,산타크로쓰,제주특별자치도 제주시 외도일동,533-8,http://t1.daumcdn.net/localfiy/388DE41EB9B04D40B7745CFF797E0F29
614,614,13,1357049944,잇다,제주특별자치도 제주시 애월읍 신엄리,1607,
615,615,14,27598023,코드46610,제주특별자치도 제주시 한림읍 협재리,1751-6,
616,616,15,1944057938,cafe꿀곰 제주시청점,제주특별자치도 제주시 이도2동,1030-9,http://t1.daumcdn.net/localfiy/E0F2352DF3814A1A9C7DEE57C7C1A1A8
617,617,16,1879356852,다프네,제주특별자치도 제주시 용담삼동,2293-5,http://t1.daumcdn.net/localfiy/B8B45C3F521A42EC8D8C6900EBA01428
618,618,17,22400644,먹쿠슬낭여행자카페,제주특별자치도 제주시 오라삼동,2319-8,http://t1.daumcdn.net/place/FAAC0464F7664F3EAE2C89EFE1C6D20F
619,619,18,27059551,카페드랑,제주특별자치도 제주시 연동,263-15,
620,620,19,1006322797,카페쿠이,제주특별자치도 제주시 조천읍 함덕리,269-3,http://t1.daumcdn.net/place/F6E239FA3A9B42B6AE429BEFC6B99B36
621,621,20,161886635,오심커피,제주특별자치도 제주시 삼도일동,500-16,
622,622,21,440194716,순아,제주특별자치도 제주시 삼도2동,72-3,http://t1.daumcdn.net/place/894949C1E23D4E3E8BE39A03277317A9
623,623,22,21466326,숲속다방,제주특별자치도 서귀포시 성산읍 고성리,1116-10,
624,624,23,835228958,보나바시움 애월점,제주특별자치도 제주시 애월읍 광령리,2471,
625,625,24,69054137,제주설심당 삼해인점,제주특별자치도 제주시 연동,260-9,http://t1.daumcdn.net/place/EEB91970E4D74645AEBC41A33B0DCF4A
626,626,25,614271019,파스쿠찌 제주유수암점,제주특별자치도 제주시 애월읍 유수암리,1014,http://t1.daumcdn.net/place/7D50C3F824094831AF6B703588832AFF
627,627,26,1665334776,바바,제주특별자치도 제주시 애월읍 애월리,2533-2,http://t1.daumcdn.net/localfiy/7529A9F0CB874054A192F07A2E036B81
628,628,27,1459123472,아그네스카페,제주특별자치도 서귀포시 서귀동,321-11,
629,629,28,100283755,카페미라클,제주특별자치도 제주시 화북일동,1141,
630,630,29,24812556,해즈빈 우도점,제주특별자치도 제주시 우도면 연평리,2427-1,http://t1.daumcdn.net/place/21C3608C34A64C96901A675B668A7786
631,631,30,38519118,카페 엘로힘,제주특별자치도 제주시 구좌읍 행원리,1537-3,
632,632,31,547771585,봄봄,제주특별자치도 제주시 아라이동,35-19,
633,633,32,1363583223,오케이다방,제주특별자치도 서귀포시 대정읍 하모리,1089-44,
634,634,33,21469296,코아빈,제주특별자치도 제주시 일도2동,83-11,
635,635,34,409597351,아이갓에브리씽,제주특별자치도 제주시 연동,312-1,
636,636,35,386345472,제주설심당 도남점,제주특별자치도 제주시 도남동,663-9,http://t1.daumcdn.net/localfiy/74FF36E26CE74FB28C63B2887A8D2406
637,637,36,1701559897,이디아장,제주특별자치도 서귀포시 안덕면 사계리,176-1,
638,638,37,14083953,올리브카페,제주특별자치도 서귀포시 안덕면 상천리,423-1,http://t1.daumcdn.net/place/C779AE306854412B9CBD02E1DF416B9F
639,639,38,25403976,BBQ 제주삼화점,제주특별자치도 제주시 삼양이동,2332-7,
640,640,39,1328808785,동복미니,제주특별자치도 제주시 구좌읍 동복리,58,
641,641,40,22960776,카페 제주동네,제주특별자치도 제주시 구좌읍 종달리,841-1,http://t1.daumcdn.net/place/024A5F37BDD1412FAB5AE94A4999F7B9
642,642,41,209885443,피치카토,제주특별자치도 서귀포시 안덕면 상천리,717-15,
643,643,42,947810595,A바우트커피 베라체점,제주특별자치도 제주시 아라이동,3012-13,http://t1.daumcdn.net/place/9F51B8AD7B1A4B68BADF5B672DAAF987
644,644,43,1545999578,쉬리니케이크,제주특별자치도 제주시 애월읍 납읍리,2282-7,http://t1.daumcdn.net/place/B7AC929F5AEA4C50AF078F299D99923A
645,645,44,24265475,신도로시커피,제주특별자치도 제주시 봉개동,1883,
646,646,45,21496690,아이엔지커피,제주특별자치도 제주시 일도2동,992-11,
647,647,46,99092488,커피템플,제주특별자치도 제주시 월평동,1346,http://t1.daumcdn.net/place/152024D69FB04B8AB5F8DB777FFA55D3
648,648,47,1752392764,리치망고함덕점,제주특별자치도 제주시 조천읍 함덕리,1004-30,http://t1.daumcdn.net/place/48FF8D0A7C0A4530BD09B53C6249C6D2
649,649,48,54092928,벨로인커피,제주특별자치도 제주시 조천읍 신촌리,2717-4,
650,650,49,26102947,스타벅스 제주용담DT점,제주특별자치도 제주시 용담삼동,2572-4,http://t1.daumcdn.net/place/14B464EBC40A41F0AA475A01463058EA
651,651,50,1297338139,나르샤,제주특별자치도 서귀포시 서귀동,290-15,
652,652,51,1952554226,올드레코드,제주특별자치도 제주시 이도2동,1181-4,
653,653,52,1444670514,대학나무,제주특별자치도 제주시 용담삼동,1145-2,http://t1.daumcdn.net/place/843B71B03BAF41B096A4F1A68608DDC5
654,654,53,193625605,어제보다오늘,제주특별자치도 제주시 이호일동,367-1,
655,655,54,18143017,스타벅스 성산일출봉점,제주특별자치도 서귀포시 성산읍 성산리,109-11,http://t1.daumcdn.net/place/2683DDB29283491B9BC9524922A3F577
656,656,55,1565528511,공차 제주아라점,제주특별자치도 제주시 아라일동,6091-4,
657,657,56,1215049154,정봉자커피,제주특별자치도 제주시 외도일동,637-12,
658,658,57,21493417,터미널,제주특별자치도 제주시 오라일동,2441-1,
659,659,58,727257029,혼디올레,제주특별자치도 서귀포시 서귀동,648-6,http://t1.daumcdn.net/place/5E349D10D81E492EB9404B2CBE4FDB72
660,660,59,987496509,시옽,제주특별자치도 서귀포시 동홍동,110-5,
661,661,60,12248708,황제다방,제주특별자치도 서귀포시 서귀동,410-4,
662,662,61,895381140,카페내창,제주특별자치도 서귀포시 남원읍 하례리,산 124,
663,663,62,1368243224,바이티티카카,제주특별자치도 제주시 건입동,1142-1,http://t1.daumcdn.net/place/396833BB712B4D8FAA5C167CDB71A737
664,664,63,21477661,고산다방,제주특별자치도 제주시 한경면 고산리,2210-1,
665,665,64,27398675,빽다방 제주대정문점,제주특별자치도 제주시 아라이동,35-9,http://t1.daumcdn.net/place/986F83FCA47A42B0905C4109527B267C
666,666,65,621950027,에이바우트커피인제점,제주특별자치도 제주시 일도이동,409-9,
667,667,66,615988591,식빵가게,제주특별자치도 제주시 용담이동,2752-9,http://t1.daumcdn.net/place/F72F15B0363B4C7095AE85C8CF78A728
668,668,67,298687443,드롭탑 제주협재해안점,제주특별자치도 제주시 한림읍 협재리,1398-2,http://t1.daumcdn.net/place/985C0B5B5A1C47C0AB5815619E76D485
669,669,68,9275439,용다방,제주특별자치도 제주시 일도일동,1069-4,
670,670,69,21554915,리틀팝,제주특별자치도 제주시 노형동,708,
671,671,70,699643426,블럭파티 인제점,제주특별자치도 제주시 일도2동,365-12,
672,672,71,26417254,카페헤이브라운,제주특별자치도 제주시 아라일동,6056,
673,673,72,1940225743,씨씨씨카페커브코너,제주특별자치도 서귀포시 서홍동,433-9,
674,674,73,1660120281,유노이아,제주특별자치도 제주시 이도1동,1289-19,
675,675,74,14500376,이츠커피,제주특별자치도 제주시 노형동,755-6,http://t1.daumcdn.net/place/1F2D984836F340419E7F8E1FF2B58EB7
676,676,75,32361752,평대랑그네랑,제주특별자치도 제주시 구좌읍 평대리,2033-7,http://t1.daumcdn.net/place/8F6AA5FD1BD14A9FA96087DF67EC0813
677,677,76,524279907,카페바나,제주특별자치도 제주시 구좌읍 하도리,2989,
678,678,77,1545994382,쩐주단 제주연동점,제주특별자치도 제주시 연동,273-41,http://t1.daumcdn.net/place/1BF869C96E93459291737479698403EB
679,679,78,21525863,로트105,제주특별자치도 서귀포시 서호동,1464-2,http://t1.daumcdn.net/place/FD95AE04EEA1498CA2B335FAE8170D33
680,680,79,1001060560,천혜향수제아이스크림,제주특별자치도 서귀포시 하효동,994-1,http://t1.daumcdn.net/place/E6505D38E93647F6B97266D5AFD7CDF1
681,681,80,21542799,유월그리고열두마루 열두마루카페,제주특별자치도 제주시 구좌읍 한동리,982,http://t1.daumcdn.net/place/BC01689A89A54E9BB5B394403378FDBB
682,682,81,1436399988,시간의정원,제주특별자치도 서귀포시 남원읍 의귀리,700-6,
683,683,82,356575987,수망일기,제주특별자치도 서귀포시 남원읍 수망리,360-5,http://t1.daumcdn.net/place/19506F1D7D3B4A9A8A10E42B69ECB9F1
