,Unnamed: 0,Unnamed: 0.1,Unnamed: 0.1.1,addrbunho,address,cafe,cafe_id,image_url
1365,5.0,,,294-24,제주특별자치도 서귀포시 서귀동,여정다방,11877497,
1366,0.0,0.0,,360-5,제주특별자치도 서귀포시 남원읍 수망리,수망일기,356575987,http://t1.daumcdn.net/place/19506F1D7D3B4A9A8A10E42B69ECB9F1
2727,0.0,,,2120-174,제주특별자치도 제주시 한경면 저지리,스토리온,13615194,http://t1.daumcdn.net/cfile/214D9F3A57BA9FAC2E
2728,1.0,,,529-7,제주특별자치도 제주시 삼도1동,아이올라,890539012,
2729,2.0,,,960-1,제주특별자치도 제주시 애월읍 하가리,라꾸르카페펜션,712442596,
2730,3.0,,,3215-5,제주특별자치도 제주시 조천읍 함덕리,영심이랑커피랑,661112233,
2731,4.0,,,950-3,제주특별자치도 서귀포시 안덕면 동광리,꽃썸카페,1811558348,http://t1.daumcdn.net/place/9B6D2275A6454E97A74D655194F3D8E2
2732,5.0,,,418-2,제주특별자치도 제주시 한림읍 옹포리,BOHO,1166368101,http://t1.daumcdn.net/localfiy/F645CCD5F7634EE78F0A3F8B50C336C2
2733,6.0,,,951-1,제주특별자치도 서귀포시 성산읍 온평리,이리와서네,17358222,
2735,8.0,,,1518-2,제주특별자치도 제주시 구좌읍 행원리,틴더타운,1844506916,
2736,9.0,,,397-96,제주특별자치도 서귀포시 서홍동,콩,21456492,
2737,10.0,,,611-1,제주특별자치도 제주시 조천읍 북촌리,제주웰컴비앤비앤카페,26593247,
2738,11.0,,,1890-2,제주특별자치도 제주시 구좌읍 하도리,카페록록,292093583,http://t1.daumcdn.net/place/0C884E2BC80B4BC499312F4162CD99AA
2739,12.0,,,1398,제주특별자치도 제주시 한림읍 협재리,과달루페,1586281697,
2740,13.0,,,3786-1,제주특별자치도 제주시 노형동,프롬더럭 노형점,175437176,http://t1.daumcdn.net/place/5AB290400D8F401ABED484B1751BA960
2741,14.0,,,1821-7,제주특별자치도 서귀포시 호근동,말랑제주,145451396,http://t1.daumcdn.net/localfiy/E53C3F40C8814582BE7CD9ADB8D04C64
2743,16.0,,,1200-5,제주특별자치도 제주시 우도면 연평리,UDO1,112520029,http://t1.daumcdn.net/localfiy/FC90713BB1884D5EB856324F09C27592
2744,17.0,,,2578-7,제주특별자치도 제주시 노형동,이디야커피 제주노형점,8040757,http://t1.daumcdn.net/place/4781D8AEE3744DFB9630F1E2DDA18789
2746,19.0,,,4554,제주특별자치도 제주시 애월읍 봉성리,새빌,2113185266,http://t1.daumcdn.net/place/FC8F731ED68745129B27E2761D7DF66C
2747,20.0,,,318-23,제주특별자치도 서귀포시 서귀동,간세다리족욕카페,1182742651,http://t1.daumcdn.net/place/12FDE59C541F48B7ACB2A49EA958A824
2748,21.0,,,111-5,제주특별자치도 제주시 건입동,카페비주앤주,1458559946,http://t1.daumcdn.net/place/CCCA668E1BC6405198B5E7E95983AF88
2749,22.0,,,2477,제주특별자치도 제주시 애월읍 애월리,어보브앤비욘드,109596187,
2750,23.0,,,938-17,제주특별자치도 서귀포시 대정읍 하모리,수궁다방,9159454,http://t1.daumcdn.net/place/27557632E47F4AAA9419D362D9288872
2751,24.0,,,1906-1,제주특별자치도 서귀포시 성산읍 신산리,바네샤인제주,614047479,
2752,25.0,,,501-1,제주특별자치도 제주시 구좌읍 월정리,월정역,25429740,
2754,27.0,,,1326,제주특별자치도 제주시 연동,볕이드는곳벧디,64602009,http://t1.daumcdn.net/place/35B0695B7C374F60A501AC01A0497A38
2755,28.0,,,2610,제주특별자치도 제주시 구좌읍 송당리,블랑벨,43428286,
2756,29.0,,,1142-1,제주특별자치도 제주시 건입동,바이티티카카,1368243224,http://t1.daumcdn.net/place/396833BB712B4D8FAA5C167CDB71A737
2757,30.0,,,2211-4,제주특별자치도 제주시 조천읍 조천리,은주다방,21521006,
2758,31.0,,,1015-1,제주특별자치도 제주시 화북일동,딜라잇,1800518097,
2760,33.0,,,3794-4,제주특별자치도 제주시 한경면 고산리,린앤솔게스트하우스&카페,25082204,http://t1.daumcdn.net/cfile/2572AE3954F52EC907
2762,35.0,,,1416-2,제주특별자치도 제주시 일도일동,감성카페심지,218148094,
2763,36.0,,,995-15,제주특별자치도 제주시 오라일동,다소니,10267331,http://t1.daumcdn.net/place/88A2BB0A829144CEA0924EBE41EA80E5
2764,37.0,,,1981,제주특별자치도 제주시 구좌읍 평대리,그시절그바다,935880608,http://t1.daumcdn.net/localfiy/E1AEEB2CEC0A438494E2589E2131A481
2765,38.0,,,1236-9,제주특별자치도 제주시 한림읍 귀덕리,하우스레서피 당근케이크,11539852,http://t1.daumcdn.net/place/B6FFB6FE55BB4F3BB023B41563412C18
2766,39.0,,,1368,제주특별자치도 제주시 한경면 청수리,에스테틱스오브슬로우,814388114,
2767,40.0,,,1452-18,제주특별자치도 제주시 구좌읍 세화리,원비원,14495585,
2768,41.0,,,255-1,제주특별자치도 서귀포시 서귀동,브와두스베이커리카페 서귀점,243076064,http://t1.daumcdn.net/place/1CD91D15CEAC408AB2509E88D866135C
2769,42.0,,,2170-2,제주특별자치도 제주시 영평동,카페이안갤러리,1928999614,
2770,43.0,,,615,제주특별자치도 서귀포시 서호동,꽃이다,1982450009,http://t1.daumcdn.net/localfiy/4E601746337047A0962A92C4BC9B5C3C
2771,44.0,,,207-1,제주특별자치도 서귀포시 강정동,툭탁,1091922425,
2772,45.0,,,646-20,제주특별자치도 서귀포시 대정읍 하모리,M1971,1011859675,http://t1.daumcdn.net/place/9A6B07A636A24D10A27259FCC681F8EB
2773,46.0,,,435,제주특별자치도 제주시 용담2동,노셋플랜즈,2127711601,http://t1.daumcdn.net/place/50192689892F4B8CBE8E733CDECE5066
2774,47.0,,,2550-2,제주특별자치도 서귀포시 성산읍 수산리,벤촌,874561747,
2775,48.0,,,1767-4,제주특별자치도 서귀포시 남원읍 위미리,뽀르또,24962250,
2776,49.0,,,1482,제주특별자치도 제주시 구좌읍 행원리,소심한물고기,1127913149,http://t1.daumcdn.net/localfiy/87E0CF1905784AF4AD111593BBB0EBEC
2777,50.0,,,91-18,제주특별자치도 서귀포시 남원읍 남원리,무인카페등대,1399896417,
2778,51.0,,,1553-7,제주특별자치도 서귀포시 서호동,메종드카페 신서귀포점,1523721571,http://t1.daumcdn.net/localfiy/717B67C4554D45ACBC51BAC113629687
2779,52.0,,,469-8,제주특별자치도 제주시 조천읍 선흘리,커피공방무무,21036311,http://t1.daumcdn.net/place/D4B91BABF5874D669706C31EEF1588A5
2781,54.0,,,2837-7,제주특별자치도 제주시 애월읍 하귀2리,수웨기,2130671964,http://t1.daumcdn.net/localfiy/D0EF219D569C4E858DD9BECFEA9AB61F
2782,55.0,,,319-1,제주특별자치도 제주시 외도이동,갤러리앤카페더몹시,1772131994,http://t1.daumcdn.net/localfiy/36F9617EA9054AA7A5900A2DD5F695A3
2783,56.0,,,455-4,제주특별자치도 제주시 한림읍 금능리,오로라정원,1570047722,http://t1.daumcdn.net/place/160F4EC3D8F34CB59CE44E1E217381C8
2784,57.0,,,1192-14,제주특별자치도 제주시 삼도이동,탑동로17,1734125423,
2785,58.0,,,1845,제주특별자치도 제주시 한림읍 동명리,별세계,791489868,http://t1.daumcdn.net/localfiy/searchregister_75261093
2786,59.0,,,1690-5,제주특별자치도 제주시 이도1동,지구아이,21025723,
2787,60.0,,,2071-1,제주특별자치도 서귀포시 안덕면 사계리,소자38,19541624,http://t1.daumcdn.net/place/390D0B22654E47CA840499A686EB3C40
2788,61.0,,,3257,제주특별자치도 제주시 구좌읍 행원리,카페더폴로,428004887,
2789,62.0,,,2405-8,제주특별자치도 제주시 조천읍 신촌리,피플카페,1915394502,
2791,64.0,,,2679-6,제주특별자치도 서귀포시 성산읍 난산리,에이그라운드,1722014680,http://t1.daumcdn.net/place/48BE226E82344B96B6B0C8BEA0C9EBCC
2792,65.0,,,248-5,제주특별자치도 제주시 용담1동,부띠크아바,648061721,http://t1.daumcdn.net/localfiy/1229DFB3FEBB4AC4A4CBD850FC0412AA
2793,66.0,,,2654-2,제주특별자치도 서귀포시 중문동,카노푸스,25865205,http://t1.daumcdn.net/place/50A286E78C964C1EBC6F7EE20608F21F
2794,67.0,,,1419,제주특별자치도 제주시 구좌읍 종달리,가비오타카페,657055154,http://t1.daumcdn.net/localfiy/D36FAF670F2D4608ACAD75BEF32531AD
2795,68.0,,,177-5,제주특별자치도 서귀포시 안덕면 사계리,레이지박스,14602309,http://t1.daumcdn.net/place/F54D0BA350694EFE8269D0399C1A9EDD
2796,69.0,,,309,제주특별자치도 제주시 우도면 연평리,제주한량,153091550,
2797,70.0,,,1319-122,제주특별자치도 제주시 건입동,제일다방,21500475,
2798,71.0,,,1416-1,제주특별자치도 제주시 일도1동,토리노카페,1134695830,http://t1.daumcdn.net/place/9A6710637BCC4DADB81C9581CE6464FC
2799,72.0,,,1429-1,제주특별자치도 제주시 건입동,빛의정원 LED플라워카페,1737188664,
2801,74.0,,,128,제주특별자치도 제주시 노형동,그러므로 part2,747057137,http://t1.daumcdn.net/place/3E103468B01F469690C85E9544F38A07
2802,75.0,,,2599-1,제주특별자치도 제주시 한경면 판포리,꼬닥꼬닥,1891548585,http://t1.daumcdn.net/localfiy/AB7BECB10C144449AB52333932915697
2803,76.0,,,1084-13,제주특별자치도 제주시 일도일동,효진카페,10962774,
2804,77.0,,,797-9,제주특별자치도 서귀포시 남원읍 하례리,놀소랑,934978608,
2805,78.0,,,1417-5,제주특별자치도 서귀포시 대정읍 하모리,초원다방,9479420,
2806,79.0,,,1550-10,제주특별자치도 서귀포시 서호동,에이바우트커피 혁신도시점,222280511,http://t1.daumcdn.net/place/B0E34DE8D193494BA21D625FFC2B9311
2808,81.0,,,1137-1,제주특별자치도 제주시 용담삼동,펍 배솔트블루,2104442505,http://t1.daumcdn.net/place/49D1A1D2980D471BAEEBC1AD691C1DDA
2811,84.0,,,1435-2,제주특별자치도 제주시 건입동,쎄시봉카페,27505139,
2812,85.0,,,2477,제주특별자치도 서귀포시 대정읍 상모리,리유,254311410,
2813,86.0,,,317-1,제주특별자치도 서귀포시 성산읍 고성리,약속다방,11253014,
2814,87.0,,,2476,제주특별자치도 서귀포시 성산읍 수산리,더파인트리,1031391755,http://t1.daumcdn.net/place/E0B6743740C64A428EB1AB42DD2717C3
2816,89.0,,,786,제주특별자치도 서귀포시 안덕면 창천리,휴일로,979505096,http://t1.daumcdn.net/place/E2056311B2384378AA6C0FF4C58E40BD
2818,91.0,,,1515-2,제주특별자치도 제주시 구좌읍 행원리,카페테리아빈센트,1583077475,http://t1.daumcdn.net/localfiy/183126E85E944F7DBBFD38E84BAB2892
2819,92.0,,,353-2,제주특별자치도 서귀포시 표선면 세화리,라그라스,291795118,
2820,93.0,,,2401-46,제주특별자치도 제주시 오라삼동,팔롬비니 제주본점,1080732845,http://t1.daumcdn.net/place/658D1988C8384F2EAE26314D39CEB530
2822,95.0,,,291-43,제주특별자치도 서귀포시 서귀동,메가커피 서귀포중앙점,1601162920,http://t1.daumcdn.net/place/56928C28FEBA4F219E519A76F77497EB
2824,97.0,,,2816-7,제주특별자치도 제주시 용담일동,네버베럴,1247540603,
2825,98.0,,,1523,제주특별자치도 제주시 연동,아라파파,19606781,http://t1.daumcdn.net/place/2358731FD78B4984BF9B6E35F8549491
2827,0.0,,,1521-6,제주특별자치도 제주시 구좌읍 세화리,만남다방,9759552,
2828,1.0,,,697-9,제주특별자치도 서귀포시 남원읍 신례리,개판오분전,1691071130,http://t1.daumcdn.net/localfiy/59CF0EB8AE1F4DBBA9351A7B37A58823
2829,2.0,,,245-1,제주특별자치도 서귀포시 안덕면 사계리,지오아라,26984197,http://t1.daumcdn.net/place/98760F19310A4962A4A12D0942BECBAF
2830,3.0,,,1080-1,제주특별자치도 서귀포시 성산읍 삼달리,본스커피,21928570,
2831,4.0,,,2678-1,제주특별자치도 제주시 삼양삼동,골드쉴,342370046,
2833,6.0,,,155-4,제주특별자치도 서귀포시 강정동,이매커피,2138078231,
2834,7.0,,,2002,제주특별자치도 제주시 용담이동,오가다,713030848,
2835,8.0,,,8-1,제주특별자치도 제주시 삼도2동,수레바퀴밑,8430175,
2836,9.0,,,291-10,제주특별자치도 제주시 노형동,미스틱3도,263044374,
2837,10.0,,,1186-4,제주특별자치도 제주시 이도이동,리유니온,996009126,http://t1.daumcdn.net/place/EF7FC033F8B94D27A85D1AF78814A9DF
2838,11.0,,,2724-9,제주특별자치도 제주시 애월읍 하귀2리,종이시계,16729584,http://t1.daumcdn.net/place/CDE7662FB2DA48218EC4771E12E362AD
2839,12.0,,,3-16,제주특별자치도 제주시 회천동,클라우드베이,26070826,
2840,13.0,,,1408-3,제주특별자치도 제주시 건입동,공차 제주탑동점,1634294548,
2844,17.0,,,2282-7,제주특별자치도 제주시 애월읍 납읍리,쉬리니케이크,1545999578,http://t1.daumcdn.net/place/B7AC929F5AEA4C50AF078F299D99923A
2846,19.0,,,1206,제주특별자치도 제주시 용담삼동,오멍가멍,93326428,http://t1.daumcdn.net/localfiy/searchregister_2146746829
2849,22.0,,,2268,제주특별자치도 제주시 조천읍 신촌리,카페다바리스타학원,421825440,
2850,23.0,,,2903-1,제주특별자치도 제주시 한경면 판포리,들꽃정원,1785463108,
2851,24.0,,,1795,제주특별자치도 제주시 이호일동,미리로,85293537,http://t1.daumcdn.net/localfiy/29E62F76447E4DEE87684A4DC2C51099
2852,25.0,,,1557,제주특별자치도 제주시 애월읍 곽지리,고구마카페,1391971921,
2853,26.0,,,145-4,제주특별자치도 서귀포시 법환동,벙커하우스,670044535,http://t1.daumcdn.net/place/6FEFD129ED054D439445BD18DC8C9D82
2854,27.0,,,433-9,제주특별자치도 서귀포시 서홍동,씨씨씨카페커브코너,1940225743,
2855,28.0,,,1940,제주특별자치도 제주시 구좌읍 하도리,하도1940,649431482,
2856,29.0,,,989-2,제주특별자치도 제주시 애월읍 신엄리,제주바다다,814472338,http://t1.daumcdn.net/place/76F81F908EEA4A1B8CC98047515DF05B
2857,30.0,,,300-18,제주특별자치도 서귀포시 서귀동,럭셔리pc카페,321470880,
2858,31.0,,,1397-1,제주특별자치도 제주시 건입동,더스카이,11096340,http://t1.daumcdn.net/place/986A39FF942246FD87FC6871BDDA5114
2860,33.0,,,273-7,제주특별자치도 제주시 연동,놀숲 신제주점,163800109,http://t1.daumcdn.net/place/2FF9191986A24A6DA7625DEE2E55E18A
2861,34.0,,,1339,제주특별자치도 서귀포시 강정동,사랑이머무는카페,1041387920,
2862,35.0,,,777-5,제주특별자치도 서귀포시 안덕면 창천리,대평에오면,23688005,http://t1.daumcdn.net/place/6EE7EF56777942E2A373D59A145F9B14
2863,36.0,,,873-1,제주특별자치도 서귀포시 대정읍 하모리,장미다방,10726823,
2864,37.0,,,1665-1,제주특별자치도 제주시 이호일동,카페이호동,1362051346,http://t1.daumcdn.net/localfiy/searchregister_1356285136
2866,39.0,,,476,제주특별자치도 제주시 조천읍 교래리,더로맨틱 내생에가장아름다운날들,1351854455,http://t1.daumcdn.net/place/D9F6AD5520B44A34A1E93F4BC18AF16A
2867,40.0,,,1590-3,제주특별자치도 제주시 용담이동,공항가는길,1308516268,
2868,41.0,,,1035-4,제주특별자치도 제주시 일도2동,마빈,644907230,
2869,42.0,,,1280-1,제주특별자치도 제주시 노형동,섬타르,1207320787,http://t1.daumcdn.net/localfiy/searchregister_1249336467
2871,44.0,,,505-4,제주특별자치도 제주시 외도일동,악단,335320170,
2872,45.0,,,1252-55,제주특별자치도 제주시 조천읍 함덕리,오션그랜드호텔커피숍,21464856,
2873,46.0,,,1004,제주특별자치도 서귀포시 대정읍 구억리,1004카페,2040765880,http://t1.daumcdn.net/place/8CD9A3964D874126BF96FF99D4159DD6
2875,48.0,,,1369,제주특별자치도 서귀포시 상효동,카페다락,1874799654,
2877,50.0,,,981,제주특별자치도 서귀포시 안덕면 사계리,커피하우스,25408323,
2878,51.0,,,1113-3,제주특별자치도 서귀포시 성산읍 고성리,천사카페,109815908,
2879,52.0,,,365-13,제주특별자치도 제주시 일도2동,커피애,11649322,http://t1.daumcdn.net/cfile/19186B4A51480D6F12
2880,53.0,,,179-4,제주특별자치도 서귀포시 남원읍 남원리,롹커카페,1914045683,http://t1.daumcdn.net/localfiy/searchregister_2037352154
2881,54.0,,,2615-5,제주특별자치도 제주시 노형동,빽다방 제주노형뜨란채점,27222177,
2882,55.0,,,산 24,제주특별자치도 서귀포시 안덕면 서광리,제주신화월드 풀사이드카페,1776764094,
2883,56.0,,,1034-1,제주특별자치도 제주시 한림읍 한림리,씨리얼,1665910227,http://t1.daumcdn.net/place/E6017A18FEAB4D9BA73119955CECFACD
2884,57.0,,,292-4,제주특별자치도 제주시 이호일동,카페그라나다,1440596180,http://t1.daumcdn.net/place/1E2B9C83DA3C43E38776913A22D7B7AF
2885,58.0,,,2090-1,제주특별자치도 서귀포시 안덕면 상창리,숨비나리카페,26892272,http://t1.daumcdn.net/place/FD6BDD929EE448B687D220C2F01ABF58
2886,59.0,,,218,제주특별자치도 서귀포시 법환동,뺄락,500837796,http://t1.daumcdn.net/cfile/27606B345789BF6010
2887,60.0,,,3196,제주특별자치도 제주시 조천읍 함덕리,챠우,20713665,
2888,61.0,,,1938-5,제주특별자치도 제주시 도련일동,탐앤탐스 제주삼화지구점,24454786,http://t1.daumcdn.net/place/F46FE78B2DA44AFD97E0917475497F9C
2890,63.0,,,2031-2,제주특별자치도 제주시 구좌읍 평대리,평대우유차,1455842682,
2891,64.0,,,2579-1,제주특별자치도 제주시 노형동,피카소,20013713,http://t1.daumcdn.net/place/A14F6ECD13754E5E93577322CE5287C2
2892,65.0,,,2203-2,제주특별자치도 제주시 한경면 고산리,수월다방,10556350,
2893,66.0,,,385-4,제주특별자치도 제주시 애월읍 하귀1리,카페미트,2117293311,http://t1.daumcdn.net/localfiy/E87097A826BB4FF1B9A0B45F7F75E054
2894,67.0,,,473-2,제주특별자치도 제주시 구좌읍 하도리,리치망고 하도점,26915456,http://t1.daumcdn.net/place/D07D94DFB6214E11AB24B82DCC337E6F
2895,68.0,,,1279-12,제주특별자치도 제주시 애월읍 신엄리,애월에서,25689482,http://t1.daumcdn.net/cfile/2238D23453F8110E2C
2896,69.0,,,1069-1,제주특별자치도 제주시 화북일동,에이바우트커피 삼화점,878012600,http://t1.daumcdn.net/place/3E94FF79AEFB410ABDC1A90ADB1C805A
2897,70.0,,,297-5,제주특별자치도 제주시 애월읍 하가리,꿈꾸는고양이,27411422,http://t1.daumcdn.net/cfile/245D084E5762456523
2898,71.0,,,1524-3,제주특별자치도 제주시 구좌읍 세화리,구씨커피로스터스,877966090,http://t1.daumcdn.net/localfiy/F3322C8C14B742A09689D7070AC5771C
2899,72.0,,,515-10,제주특별자치도 제주시 구좌읍 평대리,카페구르미,743280846,
2900,73.0,,,440-1,제주특별자치도 서귀포시 서홍동,바끄레카페,835239739,
2901,74.0,,,산 24,제주특별자치도 서귀포시 안덕면 서광리,스타벅스 제주신화월드R점,258547215,http://t1.daumcdn.net/place/83CA2D2165B2464F82FE62508A3DC151
2903,76.0,,,203,제주특별자치도 제주시 한림읍 옹포리,AND유CAFE,742999664,http://t1.daumcdn.net/place/6FE386AA424945C3AA339016539A1F93
2904,77.0,,,714-1,제주특별자치도 서귀포시 신효동,예담티카페,1775347710,
2906,79.0,,,2045-1,제주특별자치도 서귀포시 표선면 성읍리,분홍분홍해,1566296022,
2907,80.0,,,392-11,제주특별자치도 제주시 일도2동,메리앤커피,335647369,http://t1.daumcdn.net/localfiy/searchregister_558229859
2909,82.0,,,429-7,제주특별자치도 제주시 외도일동,카페몽니다리,87754050,http://t1.daumcdn.net/place/3F5615F0216D4CD1A960970E693762E7
2910,83.0,,,409-5,제주특별자치도 서귀포시 남원읍 태흥리,간이옥돔역,27184109,http://t1.daumcdn.net/place/19025A2212CF462E960DD42D82438F5B
2911,84.0,,,1139-3,제주특별자치도 제주시 일도1동,카페온,2137039503,
2912,85.0,,,2611-2,제주특별자치도 제주시 노형동,안녕과자야,1169938804,http://t1.daumcdn.net/place/CA90BC2ECA92404BB3E855248EA57C3F
2913,86.0,,,905,제주특별자치도 제주시 한림읍 한림리,커피마마 제주한림점,1956172931,http://t1.daumcdn.net/localfiy/A1C7AFDC2FA64F40941BCAC975ABCF1B
2914,87.0,,,312-1,제주특별자치도 제주시 우도면 연평리,디바인커피,1868305338,http://t1.daumcdn.net/place/2BD7C8ED107B44B88972557B296E3E29
2915,88.0,,,2300-6,제주특별자치도 제주시 삼양이동,플랜비스터디카페 삼화점,618642706,
2916,89.0,,,1477-3,제주특별자치도 서귀포시 서호동,더벤티 서귀포신시가지점,860479742,http://t1.daumcdn.net/localfiy/24860FC2911342CBA100346B463D2A47
2917,90.0,,,441,제주특별자치도 서귀포시 표선면 표선리,카페희상,1858538846,http://t1.daumcdn.net/place/AE936DB7CFEA455C8B29E0CFB56A72DE
2918,91.0,,,650,제주특별자치도 제주시 한림읍 옹포리,오리지날로맨스,1130369934,http://t1.daumcdn.net/place/F5FB6ACA92D74D3D94182885AF2D6A78
2920,93.0,,,1158,제주특별자치도 제주시 애월읍 고내리,1158족욕카페,1787101427,http://t1.daumcdn.net/place/5678ABE30B67447184E5FD2804A4A2B7
2921,94.0,,,859,제주특별자치도 제주시 우도면 연평리,하하호호 우도본점,21531701,http://t1.daumcdn.net/place/546B1454373A4938ABD35D0F0DF74F1B
2922,95.0,,,산 34,제주특별자치도 제주시 오등동,별빛누리가페테리아,15836134,
2923,96.0,,,191-6,제주특별자치도 서귀포시 표선면 세화리,물팡카페,1321823596,http://t1.daumcdn.net/place/7A98DEC230244F56988A9BA8CBA1E346
2924,97.0,,,1421-3,제주특별자치도 제주시 건입동,몰랑몰랑카페,1291755548,
2925,98.0,,,567,제주특별자치도 제주시 애월읍 금성리,애월쌀롱,691711301,
2926,99.0,,,2469,제주특별자치도 제주시 우도면 연평리,우도바라기,1015501764,
2927,100.0,,,587-3,제주특별자치도 서귀포시 표선면 성읍리,초가헌,2117340011,
2928,0.0,,,587-3,제주특별자치도 서귀포시 표선면 성읍리,초가헌,2117340011,
2930,2.0,,,171,제주특별자치도 서귀포시 안덕면 사계리,몽마르카부덴,1536403197,http://t1.daumcdn.net/localfiy/E7FF450505134081A3F42E64CAFC1775
2931,3.0,,,1479-1,제주특별자치도 제주시 일도1동,휘카페 제주1호점,1988114779,
2932,4.0,,,2453-1,제주특별자치도 서귀포시 대정읍 신도리,노을과어울림,25611455,http://t1.daumcdn.net/place/58431DCC6253471CB647006B1B60F732
2933,5.0,,,427-14,제주특별자치도 서귀포시 서귀동,전통란찻집,46385338,
2934,6.0,,,965-1,제주특별자치도 제주시 애월읍 수산리,밀테이블가든,1242750756,http://t1.daumcdn.net/place/A19F14D68444459DB93668EBC822B618
2935,7.0,,,1803,제주특별자치도 서귀포시 대포동,카페커피메딕,1554445070,
2936,8.0,,,625,제주특별자치도 서귀포시 상예동,히든클리프호텔 앤 네이쳐 치치라운지,733510519,
2937,9.0,,,1482-2,제주특별자치도 제주시 이도1동,카페띠아모 제주중앙점,17624227,
2938,10.0,,,392-5,제주특별자치도 제주시 일도2동,비어박스,13006148,
2940,12.0,,,930-1,제주특별자치도 서귀포시 서호동,하늘문카페,1368445762,
2942,14.0,,,1045-19,제주특별자치도 제주시 건입동,대지,15995114,
2943,15.0,,,2518-1,제주특별자치도 서귀포시 색달동,카페16,1273727606,http://t1.daumcdn.net/localfiy/F1B3AA1B2E714C4DA35F1F60B80FF207
2944,16.0,,,421-1,제주특별자치도 서귀포시 성산읍 신산리,제이아일랜드카페,2139926867,http://t1.daumcdn.net/place/4499266811CA4B2CABEB54B76748C3E2
2945,17.0,,,426-6,제주특별자치도 서귀포시 표선면 토산리,매일더탐나,634457668,http://t1.daumcdn.net/localfiy/676FA02EA9984747832107738A32002D
2946,18.0,,,814-24,제주특별자치도 제주시 구좌읍 종달리,모뉴에트,1307726606,http://t1.daumcdn.net/place/FD63C1B68C4A406580E221AF5C9211BF
2947,19.0,,,348-2,제주특별자치도 제주시 이호일동,고망딱새,23066935,http://t1.daumcdn.net/place/280C1E40A5F54D6FB46C7EDBA7B9123D
2948,20.0,,,1925-2,제주특별자치도 제주시 삼양일동,노을인,541563988,http://t1.daumcdn.net/localfiy/85AE7001C33E4332979B659B24668B47
2949,21.0,,,1541-9,제주특별자치도 서귀포시 대정읍 하모리,카페달콩,24065310,http://t1.daumcdn.net/cfile/236E183553452AD12D
2950,22.0,,,965-1,제주특별자치도 제주시 애월읍 수산리,제주무이,24973813,http://t1.daumcdn.net/localfiy/F3528046E22347E2AEA4928B6DCDC0C7
2951,23.0,,,1615-2,제주특별자치도 제주시 조천읍 신촌리,에밀리파크,732972914,http://t1.daumcdn.net/place/993AEAE7484541A9AC89BC55D9C02133
2952,24.0,,,911-6,제주특별자치도 제주시 노형동,플랏포커피,2042761032,http://t1.daumcdn.net/place/D7548CD0D67F4A92B2547579633EC23E
2953,25.0,,,1984-10,제주특별자치도 제주시 화북일동,감성커피화북점,1165753785,http://t1.daumcdn.net/place/E1C727AC93D74CC0B242E9950B42A447
2954,26.0,,,1005-6,제주특별자치도 제주시 화북일동,셀렉토커피 제주삼화점,59954839,http://t1.daumcdn.net/localfiy/2F9C5A8D045243D3BE5CBA0D7DB4B49F
2955,27.0,,,637-5,제주특별자치도 제주시 외도일동,별별슬라임,712251450,
2956,28.0,,,3804-15,제주특별자치도 제주시 노형동,건강한차이야기,1926333996,
2958,30.0,,,674-48,제주특별자치도 제주시 건입동,오다방,11186789,
2959,31.0,,,1740-2,제주특별자치도 제주시 한림읍 협재리,슬랩,555396252,
2960,32.0,,,529-9,제주특별자치도 제주시 삼도1동,깐니네,124449765,http://t1.daumcdn.net/localfiy/EF8D453E9DB0424EB56F628FDD37A4F9
2961,33.0,,,495-6,제주특별자치도 제주시 외도일동,소설속에,26849911,
2963,35.0,,,486,제주특별자치도 제주시 조천읍 북촌리,알마커피제작소,1491888881,http://t1.daumcdn.net/localfiy/searchregister_1011998355
2964,36.0,,,163,제주특별자치도 서귀포시 법환동,토리카페,20098634,
2965,37.0,,,439-5,제주특별자치도 서귀포시 표선면 토산리,소담카페,1475505222,
2966,38.0,,,325-1,제주특별자치도 서귀포시 성산읍 오조리,인더오조,1771624099,http://t1.daumcdn.net/place/2095001C4E874E3DAE4213D75C226260
2967,39.0,,,2467,제주특별자치도 제주시 애월읍 애월리,제주담다,572717031,http://t1.daumcdn.net/place/DF415D9CB59E4B45A96D87A1B509CC0D
2968,40.0,,,1036,제주특별자치도 제주시 한림읍 한림리,정낭까페,569237782,
2969,41.0,,,4166-9,제주특별자치도 제주시 조천읍 함덕리,진명 북카페,1609197528,http://t1.daumcdn.net/localfiy/474DBD8285D9417B8D7E30F92AF3D186
2970,42.0,,,1807-7,제주특별자치도 서귀포시 표선면 세화리,북살롱이마고,1376491962,http://t1.daumcdn.net/place/E82DE0F56D72474B9B0471351FB5F04B
2971,43.0,,,437-1,제주특별자치도 서귀포시 성산읍 삼달리,카페148,980884989,http://t1.daumcdn.net/place/056DBEFD45EE48DCB832B26A7EFA6984
2972,44.0,,,728-4,제주특별자치도 서귀포시 성산읍 삼달리,카페벨에포크,1712596669,http://t1.daumcdn.net/place/850B7F0DFF2F4093BDB28D23386CCA4A
2974,46.0,,,1295-16,제주특별자치도 제주시 노형동,스타벅스 제주노형점,26801319,http://t1.daumcdn.net/place/B02EC65D6AED480B8FEAC2C54E36D1F4
2975,47.0,,,2133-5,제주특별자치도 서귀포시 대정읍 하모리,투썸플레이스 제주모슬포점,772855204,http://t1.daumcdn.net/place/44B9A83AB78C49479A158919DEEF38C9
2976,48.0,,,1599,제주특별자치도 서귀포시 강정동,엉또산장,21652710,http://t1.daumcdn.net/place/F6E0F63CB0F1499DA0C7EB5797204AD0
2977,49.0,,,1750-5,제주특별자치도 제주시 한림읍 협재리,오달콤제주 협재점,1382308139,http://t1.daumcdn.net/localfiy/6788249DE9554362B66F6E308B65FFAD
2978,50.0,,,180-4,제주특별자치도 서귀포시 남원읍 남원리,굿모닝카페,1659023004,
2980,52.0,,,2825,제주특별자치도 제주시 한경면 판포리,바람아래카페,1580292836,
2981,53.0,,,1965-1,제주특별자치도 서귀포시 표선면 가시리,모드락572,19637817,http://t1.daumcdn.net/place/815ABDAA073D40DBB76C0F7756958F04
2982,54.0,,,3322,제주특별자치도 제주시 구좌읍 김녕리,미로,16266441,
2983,55.0,,,2073-32,제주특별자치도 서귀포시 중문동,샨티,1086180376,
2984,56.0,,,3061,제주특별자치도 제주시 조천읍 함덕리,카페타히티,603595713,
2985,57.0,,,2033-1,제주특별자치도 제주시 구좌읍 평대리,마니,1778508689,
2986,58.0,,,1123-1,제주특별자치도 제주시 애월읍 고내리,바다와자전거,1596778646,http://t1.daumcdn.net/place/AA6F59533444442291EACB2C1453EC8A
2987,59.0,,,319-5,제주특별자치도 서귀포시 서귀동,망고랑귤이랑,27235840,http://t1.daumcdn.net/place/34C567F4BA974934A47B07DA1732F5EA
2988,60.0,,,416,제주특별자치도 서귀포시 남원읍 의귀리,오끼416갤러리,646967712,http://t1.daumcdn.net/place/16A271CBB8724703B1F822A1E6446E5C
2989,61.0,,,993-16,제주특별자치도 제주시 용담삼동,데일리오아시스 제주공항점,841049510,http://t1.daumcdn.net/place/1AF19D35373240E795796E0D37E05637
2990,62.0,,,72-14,제주특별자치도 제주시 조천읍 함덕리,둥지전통찻집,1194700388,
2991,63.0,,,472-5,제주특별자치도 제주시 애월읍 금성리,심바커피,1268423886,
2992,64.0,,,1154-3,제주특별자치도 제주시 일도1동,재주도부러워커피,380370523,http://t1.daumcdn.net/place/C0CDE9DA45094312A2E147D1C46C0B5A
2993,65.0,,,1727,제주특별자치도 제주시 도두일동,투썸플레이스 도두해안도로점,25811095,http://t1.daumcdn.net/place/593353A74FAE4744AB1850B5A3D215C5
2994,66.0,,,235,제주특별자치도 서귀포시 성산읍 고성리,호랑호랑,2124719483,
2995,67.0,,,707,제주특별자치도 제주시 도두이동,오로지커피,191520632,
2996,68.0,,,1369,제주특별자치도 제주시 구좌읍 한동리,깃든카페,1224432904,http://t1.daumcdn.net/localfiy/13A0DFBE1A3D4216977A538B41040532
2997,69.0,,,1567-7,제주특별자치도 서귀포시 대정읍 하모리,보스코,746191857,
2998,70.0,,,907,제주특별자치도 제주시 구좌읍 하도리,비어라운드,27610067,http://t1.daumcdn.net/place/DF30360E21B74E0B9CFE9A1E1D842776
2999,71.0,,,3835-3,제주특별자치도 서귀포시 대정읍 상모리,카페아모르파티,554821745,
3000,72.0,,,산 24-7,제주특별자치도 제주시 애월읍 상가리,더휘게,2045474568,http://t1.daumcdn.net/localfiy/8C10A0A6C8D7462DAF5545BC41B7161B
3002,74.0,,,2952,제주특별자치도 서귀포시 안덕면 덕수리,마노르블랑,27199017,http://t1.daumcdn.net/place/7F80000431DE4C9F81A5BAD94F96B15C
3003,75.0,,,4625,제주특별자치도 서귀포시 남원읍 위미리,스프링데일골프앤리조트 통나무카페,21464869,
3005,77.0,,,863-1,제주특별자치도 서귀포시 안덕면 사계리,청춘예찬,443491743,
3008,80.0,,,1928,제주특별자치도 제주시 한림읍 명월리,카페명월,1017114358,http://t1.daumcdn.net/localfiy/searchregister_376132143
3010,82.0,,,산 131,제주특별자치도 제주시 애월읍 고성리,아르크애월,915606273,
3011,83.0,,,2118-13,제주특별자치도 제주시 삼양이동,팡,18398832,http://t1.daumcdn.net/place/87C7524F70A347B698F91F85C1A75346
3012,84.0,,,600-1,제주특별자치도 제주시 애월읍 구엄리,바다보는날,1099481075,http://t1.daumcdn.net/place/52B06DB92D4D469AB6523982A2A9947F
3015,87.0,,,1230-2,제주특별자치도 제주시 구좌읍 덕천리,동위커피앤굿데이하우스,522781475,http://t1.daumcdn.net/localfiy/4C6B17ACD4B34067BC9545A4156B4EF0
3016,88.0,,,27-6,제주특별자치도 서귀포시 남원읍 신례리,숑,21524936,http://t1.daumcdn.net/place/40D6A986B32A4D02869898F1166E2949
3017,89.0,,,478-12,제주특별자치도 서귀포시 서귀동,메이비,12591043,http://t1.daumcdn.net/place/A0609E9FA6D5441E914D645B1066C424
3018,90.0,,,2635-8,제주특별자치도 제주시 구좌읍 송당리,카페글렌코,1797467444,http://t1.daumcdn.net/place/9D6C2E2A0C124BFAB6658566594ED682
3021,93.0,,,1132-13,제주특별자치도 서귀포시 성산읍 고성리,돌다방,10308612,
3023,95.0,,,827,제주특별자치도 제주시 구좌읍 동복리,까페드메종,21513135,
3024,96.0,,,600-1,제주특별자치도 제주시 애월읍 구엄리,고래아트커피,27327675,
3025,97.0,,,1373-1,제주특별자치도 제주시 구좌읍 송당리,풍림다방,23579370,http://t1.daumcdn.net/place/7522B805AEC04EF6BBAAE580EC64E569
3026,98.0,,,799,제주특별자치도 제주시 삼도일동,더벌브,153768001,
3027,99.0,,,2270,제주특별자치도 서귀포시 대포동,바바라코코,1316013494,
3029,0.0,,,932-1,제주특별자치도 제주시 조천읍 조천리,반디앤로제이카페,1740995462,http://t1.daumcdn.net/localfiy/AF0A8E903A5946FDBAEEF42A0B0AEA83
3030,1.0,,,470,제주특별자치도 제주시 구좌읍 월정리,고운동,1775803460,
3032,3.0,,,446-3,제주특별자치도 서귀포시 서귀동,오버더윈도우,1191527008,http://t1.daumcdn.net/place/8BB9AE6050434C029CDE0422477A8887
3033,4.0,,,2578-5,제주특별자치도 제주시 애월읍 애월리,레이지펌프,88307711,http://t1.daumcdn.net/localfiy/1F907122236E4CC5A99BCA9F899E1883
3034,5.0,,,91-1,제주특별자치도 서귀포시 동홍동,세탁쏘,1802810168,http://t1.daumcdn.net/place/0A8726700357419197F57504C781D68E
3035,6.0,,,636-4,제주특별자치도 서귀포시 대정읍 하모리,너는나의바다,1238036812,http://t1.daumcdn.net/place/9133CD55D2114EDBA3C1AA3D35CCB75B
3037,8.0,,,1-1,제주특별자치도 제주시 애월읍 하귀1리,썬플라워,23385255,
3038,9.0,,,844-15,제주특별자치도 서귀포시 안덕면 창천리,바산올레펜션,17319327,http://t1.daumcdn.net/place/484DDA814A9B43B98E97FD932F1F5C13
3039,10.0,,,1768-13,제주특별자치도 제주시 이도이동,탐앤탐스 제주시청점,11266063,http://t1.daumcdn.net/place/7F64D6AA7AF0453781D6417201A8646D
3040,11.0,,,3904,제주특별자치도 제주시 한림읍 귀덕리,바다의술책,892171786,
3041,12.0,,,290-9,제주특별자치도 제주시 우도면 연평리,카페인우도,184819082,
3042,13.0,,,2317-2,제주특별자치도 서귀포시 표선면 가시리,구면카페,72059741,http://t1.daumcdn.net/place/A4E52ADFCBAD4E529FADC311F53A4454
3043,14.0,,,677-2,제주특별자치도 제주시 노형동,빌리엔젤 제주노형점,1766579218,http://t1.daumcdn.net/localfiy/searchregister_1800350230
3044,15.0,,,1697,제주특별자치도 서귀포시 하원동,카페헬로,970199448,http://t1.daumcdn.net/localfiy/searchregister_1178939470
3045,16.0,,,2180,제주특별자치도 서귀포시 안덕면 덕수리,카페덕수리2180,1266121660,
3046,17.0,,,2864-36,제주특별자치도 서귀포시 색달동,플레이케이팝 별이빛나는밤에,27391688,
3047,18.0,,,산 22,제주특별자치도 제주시 조천읍 선흘리,선흘반못,17698044,
3048,19.0,,,1010-2,제주특별자치도 제주시 조천읍 함덕리,블랙포엠,27169387,http://t1.daumcdn.net/place/950A0A5A97A2421AB4FA0B23C4140E02
3049,20.0,,,1024,제주특별자치도 제주시 조천읍 함덕리,올웨이즈,204311642,
3050,21.0,,,1111-2,제주특별자치도 서귀포시 성산읍 온평리,온평밤,1467936825,
3052,23.0,,,881,제주특별자치도 제주시 애월읍 유수암리,더정글,652038191,http://t1.daumcdn.net/cfile/221BC34E5858DD6320
3053,24.0,,,1647-4,제주특별자치도 제주시 한경면 낙천리,달아래팥,27417809,http://t1.daumcdn.net/place/8231213DC11449D287A17FEE1ECF59B0
3054,25.0,,,125-6,제주특별자치도 서귀포시 남원읍 신흥리,그리울땐제주,258584774,http://t1.daumcdn.net/place/C210EA41D1B74302BE2BB3C84F9F9607
3055,26.0,,,208-2,제주특별자치도 서귀포시 강정동,커피에반하다,950182529,
3056,27.0,,,1209-8,제주특별자치도 제주시 조천읍 조천리,카페힐섬,26950133,
3058,29.0,,,1196-3,제주특별자치도 서귀포시 성산읍 고성리,동남다방,8913622,
3059,30.0,,,1212,제주특별자치도 제주시 일도일동,솔박CAFE,167774033,
3061,32.0,,,137-5,제주특별자치도 제주시 애월읍 하귀1리,제주보름달,2135146074,http://t1.daumcdn.net/place/C5D2F535635442D78DF82B4DC3F79D7F
3063,34.0,,,667-2,제주특별자치도 제주시 구좌읍 동복리,곰막다방,293987431,
3064,35.0,,,1422-2,제주특별자치도 제주시 구좌읍 종달리,르카페하도,29367180,http://t1.daumcdn.net/localfiy/EF3F22B234E546D487290B0E6E33479E
3065,36.0,,,468-2,제주특별자치도 제주시 조천읍 선흘리,카페아꼬떼,26423460,
3067,38.0,,,1777,제주특별자치도 제주시 이호일동,조아찌커피,25532537,http://t1.daumcdn.net/place/E8F8341617714E6DABFA12B680390E25
3069,40.0,,,63,제주특별자치도 제주시 구좌읍 월정리,카인드,2013539846,
3070,41.0,,,214-1,제주특별자치도 제주시 애월읍 하귀1리,뜨락,1975015812,
3071,42.0,,,산 124,제주특별자치도 서귀포시 남원읍 하례리,카페내창,895381140,
3072,43.0,,,1202-2,제주특별자치도 제주시 한림읍 한림리,해인의정제,27048565,
3075,46.0,,,1494-1,제주특별자치도 제주시 한림읍 협재리,최마담네 빵다방,18752674,http://t1.daumcdn.net/place/A5795FE37001463A8AC52C802EC5E5A6
3076,47.0,,,1289-19,제주특별자치도 제주시 이도1동,유노이아,1660120281,
3077,48.0,,,1073,제주특별자치도 제주시 한림읍 한림리,상록수다방,20467548,
3078,49.0,,,321-11,제주특별자치도 서귀포시 서귀동,아그네스카페,1459123472,
3079,50.0,,,1397-6,제주특별자치도 제주시 구좌읍 세화리,에릭스에스프레소,445133179,http://t1.daumcdn.net/place/B3C2924C190241359781DA77D9B80199
3081,52.0,,,747-2,제주특별자치도 서귀포시 법환동,카페나인,1081428596,
3082,53.0,,,1461-1,제주특별자치도 제주시 한림읍 협재리,카페뚜이,791629311,http://t1.daumcdn.net/localfiy/C03DF50D8741483B9267F328BE90155E
3083,54.0,,,105-6,제주특별자치도 서귀포시 남원읍 남원리,플로리안,12768992,
3084,55.0,,,206-7,제주특별자치도 서귀포시 남원읍 남원리,다모아카페,1017596762,
3086,57.0,,,610,제주특별자치도 제주시 구좌읍 월정리,얼마나보드라운지,1014465607,http://t1.daumcdn.net/localfiy/searchregister_30658286
3087,58.0,,,416-15,제주특별자치도 제주시 일도이동,지니어스방탈출키즈카페,1317904920,
3088,59.0,,,2864-10,제주특별자치도 서귀포시 색달동,카페제드 본점,1834770525,http://t1.daumcdn.net/place/31EFA882201545BC9A9DE5B7423D4169
3089,60.0,,,612-3,제주특별자치도 서귀포시 대정읍 하모리,소담카페소담하우스,1630441900,
3090,61.0,,,341-2,제주특별자치도 제주시 외도이동,니모메,1146640630,http://t1.daumcdn.net/place/88459531E1A14639A675BC14586F0E5B
3091,62.0,,,626-10,제주특별자치도 제주시 용담이동,다랑쉬,691894331,http://t1.daumcdn.net/localfiy/69C1DA3C1ED24A2CA002E89E1D2F1A44
3092,63.0,,,330-6,제주특별자치도 제주시 한경면 신창리,커피버튼로스터즈,738749385,http://t1.daumcdn.net/localfiy/searchregister_1998252425
3094,65.0,,,2073-1,제주특별자치도 제주시 한경면 저지리,저지에,578523567,
3095,66.0,,,1612,제주특별자치도 제주시 애월읍 하귀1리,Seaside,166699310,
3097,68.0,,,1472-9,제주특별자치도 제주시 구좌읍 세화리,다복다복,427933285,
3098,69.0,,,3166-1,제주특별자치도 서귀포시 남원읍 위미리,카페이피엘,1546271016,http://t1.daumcdn.net/localfiy/searchregister_473885004
3099,70.0,,,865-4,제주특별자치도 제주시 용담2동,볕이드는곳벧디 용담점,1578213876,
3101,72.0,,,500-5,제주특별자치도 제주시 삼도1동,멍하니,1507788040,http://t1.daumcdn.net/localfiy/07994041529942B68EAAED3BECCA7D70
3102,73.0,,,2537,제주특별자치도 제주시 애월읍 애월리,모립,842886196,http://t1.daumcdn.net/place/DBF62EF0A06B43DEB89D122C52B03F4C
3103,74.0,,,1245-2,제주특별자치도 제주시 한경면 청수리,곶자왈보석상자,1021735455,http://t1.daumcdn.net/localfiy/473A26D851FE4C07AE9054DC8986D7A6
3104,75.0,,,22,제주특별자치도 제주시 이호이동,디저트39 제주S중앙병원점,1485843941,http://t1.daumcdn.net/localfiy/346E88627CFF49CBAD65050386CA3E0D
3105,76.0,,,156-10,제주특별자치도 제주시 애월읍 하귀1리,집30다시8,2130714204,
3106,77.0,,,2065-7,제주특별자치도 서귀포시 안덕면 상창리,미니파라다이스,1423809046,http://t1.daumcdn.net/localfiy/CBD23362595B412E9E01670AFCD32013
3107,78.0,,,72-3,제주특별자치도 제주시 삼도2동,순아,440194716,http://t1.daumcdn.net/place/894949C1E23D4E3E8BE39A03277317A9
3108,79.0,,,1008,제주특별자치도 서귀포시 대정읍 구억리,프롬더힐,547444722,http://t1.daumcdn.net/place/4E9BB3009C7A46BFA475D4859468C898
3110,81.0,,,2059-2,제주특별자치도 서귀포시 중문동,빈스와플,12768122,http://t1.daumcdn.net/place/F11364853ED14AD8B6B7B248E397266D
3111,82.0,,,3977,제주특별자치도 제주시 조천읍 선흘리,선흘,1832440912,http://t1.daumcdn.net/place/8610D32A245A4F2EA213753B43C97675
3112,83.0,,,1008-1,제주특별자치도 제주시 조천읍 함덕리,카페델문도,26867476,http://t1.daumcdn.net/place/509299E8831E4E789074288A8201779F
3114,85.0,,,1111-10,제주특별자치도 제주시 조천읍 선흘리,구삼브루커피,366276280,http://t1.daumcdn.net/localfiy/18CEBC741FF341A4AA6150B410B407AB
3115,86.0,,,1310-1,제주특별자치도 서귀포시 호근동,여섯번의보름,1675972774,http://t1.daumcdn.net/localfiy/searchregister_1715000296
3117,88.0,,,2922-6,제주특별자치도 제주시 한경면 고산리,고산카페,1549546578,
3118,89.0,,,385-1,제주특별자치도 제주시 조천읍 교래리,에코랜드테마파크 에코로드카페,17575450,
3119,90.0,,,1452,제주특별자치도 서귀포시 법환동,느린제주,1785652336,
3121,92.0,,,1940-1,제주특별자치도 제주시 도련일동,쥬씨,419551632,
3123,94.0,,,6,제주특별자치도 제주시 삼도2동,민트,17968437,
3124,95.0,,,152,제주특별자치도 서귀포시 하효동,카페더불어,1191127342,
3125,96.0,,,709-1,제주특별자치도 제주시 건입동,이야기 카페,9392074,
3126,97.0,,,930-5,제주특별자치도 서귀포시 대정읍 하모리,중앙다방,9467890,
3128,99.0,,,149-21,제주특별자치도 제주시 일도2동,마로네,190369119,http://t1.daumcdn.net/localfiy/E8DC6435FF6D4C4DAB7BBCB145DA62FE
3129,100.0,,,1962-4,제주특별자치도 제주시 이호일동,카페모레,1182716369,http://t1.daumcdn.net/localfiy/7DF5B84D98E04AF8A605A2A92DF78C22
3130,0.0,,,1962-4,제주특별자치도 제주시 이호일동,카페모레,1182716369,http://t1.daumcdn.net/localfiy/7DF5B84D98E04AF8A605A2A92DF78C22
3131,1.0,,,1696-13,제주특별자치도 제주시 이도1동,타오스페이스,1298037718,http://t1.daumcdn.net/localfiy/298B2109C95D41CD97A0341B1A5BF97B
3134,4.0,,,1430,제주특별자치도 제주시 일도1동,카페체리,17116799,
3135,5.0,,,208-4,제주특별자치도 서귀포시 강정동,슈퍼키즈스카이방방,1166334921,http://t1.daumcdn.net/cfile/277F064057A9288722
3136,6.0,,,27-2,제주특별자치도 제주시 구좌읍 월정리,빵굽는카페라블,280369383,http://t1.daumcdn.net/place/8F44F0F0E8BF4FF9994E2E047137A5B5
3138,8.0,,,1398-2,제주특별자치도 제주시 한림읍 협재리,드롭탑 제주협재해안점,298687443,http://t1.daumcdn.net/place/985C0B5B5A1C47C0AB5815619E76D485
3139,9.0,,,810,제주특별자치도 서귀포시 안덕면 창천리,카페이응,20195814,
3140,10.0,,,637-12,제주특별자치도 제주시 외도일동,피디에스PC카페 제주외도점,587086951,http://t1.daumcdn.net/localfiy/876290FFE76C439F85F816B53A6903AF
3141,11.0,,,2353,제주특별자치도 서귀포시 색달동,카페바나나 중문점,2095612103,http://t1.daumcdn.net/place/BD83F908C455474CA00F670B653C5EE4
3142,12.0,,,2619-15,제주특별자치도 제주시 도두일동,수제꽃차제주고팡,176233189,http://t1.daumcdn.net/localfiy/7A6BCBE2DBD34E7B9D4AA2660B17BDEC
3144,14.0,,,3813-6,제주특별자치도 제주시 노형동,홍콩,650335330,
3145,15.0,,,2249-6,제주특별자치도 제주시 한경면 고산리,머물다,19387196,http://t1.daumcdn.net/place/DC1392AA5FF24B9E8E5D129E4611D2B2
3146,16.0,,,272-19,제주특별자치도 제주시 연동,빠빠라기 신제주점,15639202,http://t1.daumcdn.net/place/C79C450F795244958B80F428ECFCB335
3147,17.0,,,108-16,제주특별자치도 제주시 삼도2동,평화꽃섬,315505226,
3148,18.0,,,397-130,제주특별자치도 서귀포시 서홍동,빽다방 제주서귀포시청점,27393506,http://t1.daumcdn.net/place/E801E97F72B142C0AB683AF0427C4D8E
3149,19.0,,,885-1,제주특별자치도 서귀포시 안덕면 창천리,선자살롱,25401011,http://t1.daumcdn.net/place/05F4628A3DD442828BAA851C0B01C7DF
3150,20.0,,,2011,제주특별자치도 서귀포시 표선면 하천리,까페 하,1191437352,http://t1.daumcdn.net/localfiy/A239DE6AB2D34D17BE4BEE372BB8A1CD
3151,21.0,,,501-2,제주특별자치도 제주시 조천읍 교래리,하오,19091072,http://t1.daumcdn.net/cfile/2710674253FE8A9429
3153,23.0,,,687,제주특별자치도 제주시 구좌읍 평대리,루코도모,2021835685,
3154,24.0,,,1927-1,제주특별자치도 제주시 이호일동,카페라능,900010274,http://t1.daumcdn.net/place/53417AB001D2489D8C421DFC24A6A13B
3156,26.0,,,1638,제주특별자치도 제주시 구좌읍 한동리,인카페온더비치,599191002,http://t1.daumcdn.net/place/4AF889D1B37F4F5E9CB84177C139D83B
3157,27.0,,,619,제주특별자치도 제주시 조천읍 교래리,말로,922717571,http://t1.daumcdn.net/place/6D764D7CE64649A4B59BED750B8D831C
3158,28.0,,,264-3,제주특별자치도 제주시 용담1동,비비큐프리미엄까페제주사랑점,1334176690,
3160,30.0,,,1640,제주특별자치도 제주시 조천읍 신촌리,이에르바,1161443023,http://t1.daumcdn.net/place/5576488918DB42038541EF10F4991353
3161,31.0,,,705-1,제주특별자치도 제주시 도두이동,카페도두,1337328227,http://t1.daumcdn.net/place/9251E927D8E74789976F19A11C03D070
3162,32.0,,,100-1,제주특별자치도 서귀포시 남원읍 남원리,귀빈다방,10229448,
3163,33.0,,,2974,제주특별자치도 제주시 한림읍 협재리,재게재게옵서카페,27447046,http://t1.daumcdn.net/localfiy/14B891442090445E9FF4EA982BBC109B
3164,34.0,,,1003-12,제주특별자치도 제주시 애월읍 광령리,프래그란스,717903736,http://t1.daumcdn.net/localfiy/5325A1268F7D4857B8F45528D048D1F7
3165,35.0,,,197-4,제주특별자치도 서귀포시 남원읍 남원리,라향,312015931,http://t1.daumcdn.net/localfiy/searchregister_1164581905
3166,36.0,,,231-8,제주특별자치도 제주시 용담1동,귤림,21510014,
3167,37.0,,,475-8,제주특별자치도 제주시 외도일동,아장아장 베이비카페,1263620627,http://t1.daumcdn.net/place/83909D95B967478D8024DC12AB200F22
3168,38.0,,,2026-11,제주특별자치도 제주시 이도2동,그러므로,25147552,http://t1.daumcdn.net/place/7DF881D562494648ABC44CB08AA46925
3169,39.0,,,350,제주특별자치도 제주시 애월읍 고내리,하이파이브,1626813663,http://t1.daumcdn.net/place/C5EAB96D5CBF44269C873538AABBD04A
3170,40.0,,,1421-1,제주특별자치도 제주시 구좌읍 세화리,향다방,21248158,
3172,42.0,,,2996,제주특별자치도 제주시 한림읍 협재리,비주비주,169198683,http://t1.daumcdn.net/localfiy/A9D1383676784E15BF2060D15BFECF97
3173,43.0,,,757-4,제주특별자치도 제주시 애월읍 신엄리,청춘다락,19392070,http://t1.daumcdn.net/place/578D843A686746089CD04D67982AC7E8
3174,44.0,,,2115-5,제주특별자치도 제주시 한경면 고산리,에피소드 베이커리카페,1061357752,
3175,45.0,,,856-1,제주특별자치도 서귀포시 남원읍 신례리,카페나팅,1770500852,
3176,46.0,,,2381,제주특별자치도 서귀포시 표선면 성읍리,이디야커피 제주성읍점,2146177384,
3177,47.0,,,2042-1,제주특별자치도 제주시 이도2동,모리노코에,14704382,http://t1.daumcdn.net/place/EAAC1DA001AC4742A0C51B694ECEF3D4
3178,48.0,,,2860-3,제주특별자치도 제주시 애월읍 신엄리,후아힌제주,1188891490,
3179,49.0,,,840-2,제주특별자치도 서귀포시 안덕면 창천리,카페루시아,27122037,http://t1.daumcdn.net/place/4B88D0F69E4747169D06A710B87A4C6B
3180,50.0,,,2989,제주특별자치도 제주시 구좌읍 하도리,카페바나,524279907,
3181,51.0,,,111,제주특별자치도 서귀포시 성산읍 성산리,꽃담팥집,27459317,http://t1.daumcdn.net/place/2DFF050438654D3399A9CCDC465FBC98
3182,52.0,,,201,제주특별자치도 제주시 애월읍 금성리,해차롱,982245999,
3183,53.0,,,1123-6,제주특별자치도 제주시 삼도이동,판,2106402698,http://t1.daumcdn.net/localfiy/912D69C316914A3CBA40982B01516935
3184,54.0,,,2592-8,제주특별자치도 제주시 노형동,브릭커피,949925820,http://t1.daumcdn.net/place/B4B144CF8F284E26A3C6EC394A109F22
3187,57.0,,,1303,제주특별자치도 제주시 일도일동,나무가꾸는꿈,26783660,
3188,58.0,,,475,제주특별자치도 제주시 내도동,금빛다화,10213366,
3189,59.0,,,770-2,제주특별자치도 서귀포시 대정읍 하모리,루머팡모슬포점,16266379,http://t1.daumcdn.net/place/1737702D959540EE820FFDEA197AD826
3190,60.0,,,372-9,제주특별자치도 제주시 일도이동,공생,1243067692,http://t1.daumcdn.net/place/0C2D916BEFB245E9AF4380F108505C7A
3192,62.0,,,1573,제주특별자치도 제주시 애월읍 곽지리,투썸플레이스 제주곽지과물해변점,26849825,http://t1.daumcdn.net/place/EA69BB9A363A4A7CBA3E496EE1773C3C
3193,63.0,,,1493-1,제주특별자치도 제주시 이도일동,풍류,743701653,
3194,64.0,,,2427-1,제주특별자치도 제주시 우도면 연평리,퐁당,1967886953,
3195,65.0,,,303-8,제주특별자치도 제주시 삼도2동,소금인형,15335237,http://t1.daumcdn.net/place/C58E2F2569F64BDDA961A61DD915C449
3196,66.0,,,3800-13,제주특별자치도 제주시 노형동,제주커피집 심심,1283413444,http://t1.daumcdn.net/localfiy/searchregister_632780380
3197,67.0,,,440-4,제주특별자치도 제주시 외도일동,카페미미끄,1123305214,http://t1.daumcdn.net/localfiy/searchregister_1354319210
3198,68.0,,,1316-3,제주특별자치도 서귀포시 동홍동,흙집사랑,13608624,
3199,69.0,,,581-1,제주특별자치도 제주시 구좌읍 행원리,더섬,27091859,http://t1.daumcdn.net/place/C364A6F518BC4E21806A5CF9C4E4D102
3200,70.0,,,763-8,제주특별자치도 제주시 노형동,바닐라파레트,1788999978,http://t1.daumcdn.net/place/7813F87156F64260B10AF41AB836D132
3201,71.0,,,652-1,제주특별자치도 제주시 애월읍 소길리,골목카페옥수,481425144,http://t1.daumcdn.net/place/CE7188D9F08B404BBBC28E799C8ADFB4
3202,72.0,,,3811-4,제주특별자치도 제주시 노형동,카페빈스,1828289100,
3203,73.0,,,2465,제주특별자치도 제주시 애월읍 애월리,카페1994,544070762,http://t1.daumcdn.net/place/66612BC1D3A444E08784C8CE184764AF
3204,74.0,,,1038-5,제주특별자치도 제주시 건입동,제주문학의집,11925364,
3205,75.0,,,2581,제주특별자치도 제주시 도두일동,카페희스토리,1338197965,http://t1.daumcdn.net/localfiy/CD49C6ED834249538EE4D2B3BBB9AF54
3206,76.0,,,674-10,제주특별자치도 제주시 건입동,JFLORA KUKKA,1495963284,
3207,77.0,,,61-4,제주특별자치도 제주시 도남동,델문도 로스터스,1115019463,http://t1.daumcdn.net/place/D3096971543B4FD1B553D21B61A8D724
3209,79.0,,,919-3,제주특별자치도 서귀포시 대정읍 하모리,바리스타손설웅,21127491,http://t1.daumcdn.net/cfile/2340FD3552B1541507
3210,80.0,,,1192-14,제주특별자치도 제주시 삼도2동,커피앤티,17359058,
3211,81.0,,,299-4,제주특별자치도 서귀포시 천지동,토르토니 서귀포점,11227640,
3212,82.0,,,125-1,제주특별자치도 서귀포시 안덕면 사계리,지미526,1555455122,http://t1.daumcdn.net/place/7F5E9601A76947DFBA2552C7DC7BD058
3213,83.0,,,1476-5,제주특별자치도 제주시 구좌읍 세화리,이디,307240389,
3214,84.0,,,84,제주특별자치도 제주시 애월읍 고내리,투썸플레이스 제주애월다인호텔점,1298489888,http://t1.daumcdn.net/place/91D99A8BF1494E8B93EE79B23A699B44
3215,85.0,,,1395-9,제주특별자치도 제주시 한림읍 한림리,동미다방,8328801,
3217,87.0,,,2293-5,제주특별자치도 제주시 용담삼동,다프네,1879356852,http://t1.daumcdn.net/localfiy/B8B45C3F521A42EC8D8C6900EBA01428
3218,88.0,,,1024-6,제주특별자치도 제주시 애월읍 납읍리,푸르곤,1717813496,http://t1.daumcdn.net/localfiy/3F705564A45245E1BE69D903C29F5AC2
3219,89.0,,,645-8,제주특별자치도 제주시 외도일동,벨롱벨롱,1196799335,http://t1.daumcdn.net/cfile/24482438573577BA1B
3221,91.0,,,2922,제주특별자치도 제주시 애월읍 어음리,어음분교1963커피,1026347054,
3222,92.0,,,1314-109,제주특별자치도 제주시 한림읍 한림리,동백다방,8335689,
3223,93.0,,,1073,제주특별자치도 제주시 한림읍 한림리,소라카페앤음식,1462122525,
3224,94.0,,,677-1,제주특별자치도 제주시 건입동,노션커피,12893116,
3225,95.0,,,1629-1,제주특별자치도 제주시 애월읍 하귀1리,하귀1629,867356495,http://t1.daumcdn.net/place/C0B9326E61E6429F85097E579FC5DE01
3226,96.0,,,1690-6,제주특별자치도 제주시 이도일동,귀리공장,1632499645,
3228,98.0,,,2533-1,제주특별자치도 제주시 노형동,꽃피는커피,19737274,http://t1.daumcdn.net/place/11E4895CEE7347A59942B2A7704A7A20
3229,99.0,,,762,제주특별자치도 제주시 우도면 연평리,달봉펜션&카페,484719553,
3230,100.0,,,2003-4,제주특별자치도 제주시 이도2동,아일렛,27335344,http://t1.daumcdn.net/place/2A928EE593EA4F229CD7F62D2D21ED6A
3231,0.0,,,2003-4,제주특별자치도 제주시 이도2동,아일렛,27335344,http://t1.daumcdn.net/place/2A928EE593EA4F229CD7F62D2D21ED6A
3232,1.0,,,2184,제주특별자치도 제주시 영평동,닷카페,572471659,
3233,2.0,,,362-80,제주특별자치도 제주시 아라일동,더로그,1308571099,http://t1.daumcdn.net/localfiy/E53B2B4774884D059C6AB5FCE6BB0F3A
3236,5.0,,,1636-1,제주특별자치도 제주시 조천읍 와산리,꽃기린,358401480,http://t1.daumcdn.net/place/9D5FCF0AA9E842989122896C94E3AB4C
3237,6.0,,,156-1,제주특별자치도 제주시 애월읍 하귀1리,알라스카인제주,499698149,
3240,9.0,,,2010-11,제주특별자치도 제주시 애월읍 광령리,명가헌,9024564,
3241,10.0,,,2078-1,제주특별자치도 서귀포시 대정읍 영락리,제주찰칵스튜디오카페,974280429,
3242,11.0,,,650-1,제주특별자치도 제주시 애월읍 소길리,모랑모랑,27545188,http://t1.daumcdn.net/place/D8C9223F9541467AAA59EF7C92031263
3243,12.0,,,803-23,제주특별자치도 제주시 삼도2동,산다방,8395411,
3244,13.0,,,658-2,제주특별자치도 제주시 한림읍 수원리,니나노제주,1079119268,http://t1.daumcdn.net/localfiy/searchregister_379656011
3245,14.0,,,406,제주특별자치도 제주시 용담1동,바라나시책골목,484703392,http://t1.daumcdn.net/place/C855BF58E7934B93A9AD6E7ED4B83AFA
3246,15.0,,,1622-3,제주특별자치도 제주시 삼양일동,카페아프리카,26618465,http://t1.daumcdn.net/place/19E339E773D446B7BEEEE4A7F95C9A39
3248,17.0,,,1669-5,제주특별자치도 제주시 애월읍 곽지리,쉘리비치,20330057,
3250,19.0,,,793-2,제주특별자치도 제주시 한림읍 한수리,카펜터하우스,1360925124,http://t1.daumcdn.net/place/F22A63791E2445AB96B19AE03C49CB59
3251,20.0,,,1224-52,제주특별자치도 서귀포시 안덕면 서광리,별난카페,1481862781,http://t1.daumcdn.net/place/45B397100C2D4EC6A5A16FD91431E33C
3252,21.0,,,550-4,제주특별자치도 제주시 외도일동,위즈커피,1799037921,
3253,22.0,,,1584,제주특별자치도 제주시 한림읍 한림리,대림카페,11277880,
3255,24.0,,,1241-13,제주특별자치도 제주시 삼도2동,한라다방,14146167,
3256,25.0,,,2162-6,제주특별자치도 제주시 한림읍 금능리,잇나우,1508998774,http://t1.daumcdn.net/place/7024687222AB473E864A5387D9474CCA
3257,26.0,,,3813-9,제주특별자치도 제주시 노형동,에이바우트커피 한라대점,717587648,http://t1.daumcdn.net/place/A324C75003F64459A58CE7E2BE052E10
3258,27.0,,,2594-5,제주특별자치도 제주시 노형동,나지금제주,1443898709,http://t1.daumcdn.net/localfiy/0BE0EFA38D924C3C9F344D28EC2D2A6D
3259,28.0,,,211-1,제주특별자치도 제주시 조천읍 함덕리,사계카페2,1448337364,
3261,30.0,,,1218-1,제주특별자치도 제주시 애월읍 고내리,카페인디고,26874310,http://t1.daumcdn.net/place/328E03F78DC948049FA7EC268424A77E
3262,31.0,,,1467-2,제주특별자치도 제주시 구좌읍 세화리,오가닉제주,624719590,
3263,32.0,,,895-1,제주특별자치도 서귀포시 성산읍 고성리,쉼표,19533259,
3264,33.0,,,1476-47,제주특별자치도 제주시 일도1동,강원,1077012209,
3265,34.0,,,1753-1,제주특별자치도 제주시 도두일동,리치망고 도두해안로점,26993607,http://t1.daumcdn.net/place/F0A0926BE5CB468CB70582AF5C12517B
3266,35.0,,,449-8,제주특별자치도 서귀포시 서홍동,서홍정원,1229685652,http://t1.daumcdn.net/place/DEA2705B47FE4142B9380D97F94DD4E6
3267,36.0,,,2974,제주특별자치도 제주시 조천읍 함덕리,빌레마루,1009646745,http://t1.daumcdn.net/localfiy/5EA9511BE7984B24B7EC22397A03F641
3268,37.0,,,산 216,제주특별자치도 제주시 애월읍 소길리,이디야커피 렛츠런파크제주점,580678923,
3269,38.0,,,1938-3,제주특별자치도 제주시 도련일동,놀숲 제주삼화점,517527024,http://t1.daumcdn.net/place/FB5A3C6C005146A3ABB854202CF22856
3270,39.0,,,3434-3,제주특별자치도 제주시 노형동,시마에스프레소,113890301,
3271,40.0,,,1766-7,제주특별자치도 제주시 이도이동,커피파인더,1505002027,http://t1.daumcdn.net/place/FA0ACE4375A34444A61FEDF013F58F28
3272,41.0,,,530-2,제주특별자치도 제주시 외도일동,놀러와당구카페,997829954,
3273,42.0,,,1355-3,제주특별자치도 제주시 구좌읍 세화리,복숭이는 여행중,585972945,
3274,43.0,,,1759-5,제주특별자치도 서귀포시 색달동,가가하우스,1064472113,
3275,44.0,,,3810-13,제주특별자치도 제주시 노형동,단정한까페,150782347,
3276,45.0,,,57-1,제주특별자치도 서귀포시 남원읍 신례리,유나카페,25548687,http://t1.daumcdn.net/place/4560E2D7115643659B3DA6E99E7F36F1
3277,46.0,,,209-2,제주특별자치도 서귀포시 성산읍 고성리,방듸,17490077,http://t1.daumcdn.net/place/C521A29787274FAAB436F4BF7235BCD4
3278,47.0,,,1569-25,제주특별자치도 제주시 삼양일동,리우카페,1562616227,http://t1.daumcdn.net/place/0FDEA910CD104F79BEA689C4C3895E03
3279,48.0,,,1772-17,제주특별자치도 제주시 이도2동,빠빠라기 시청점,11053803,http://t1.daumcdn.net/place/672C6E28ED514094B1DAF008AA3293AC
3280,49.0,,,1197-7,제주특별자치도 서귀포시 성산읍 고성리,봄뜨랑,499863986,http://t1.daumcdn.net/localfiy/23C7CF8A2AE445E89C32AD55B5D5D585
3282,51.0,,,1200-7,제주특별자치도 제주시 우도면 연평리,안녕육지사람 2호점,2057401857,http://t1.daumcdn.net/place/62988A1645C141ACB84FB3FAF9408AC0
3283,52.0,,,137-5,제주특별자치도 제주시 용담1동,궤가슬카페(휴업중),1704592834,http://t1.daumcdn.net/localfiy/D44B65B89C0949DDA0F63CC5A781D677
3284,53.0,,,1023-2,제주특별자치도 제주시 화북일동,카페띠아모 제주삼화점,21722607,
3286,55.0,,,3149-33,제주특별자치도 서귀포시 표선면 가시리,조랑말체험공원 마음카페,24879322,
3287,56.0,,,476-1,제주특별자치도 제주시 외도일동,아인당구카페,881686777,http://t1.daumcdn.net/localfiy/8314713C2D404977B7C9437E8B4B4536
3288,57.0,,,1178-1,제주특별자치도 제주시 애월읍 유수암리,마실온다메셀프카페,19700381,
3292,61.0,,,1372-3,제주특별자치도 제주시 연동,엘가커피 제주연동점,27537304,http://t1.daumcdn.net/place/92D3550E2526433DA65B285113A0D8A9
3293,62.0,,,1476-47,제주특별자치도 제주시 일도1동,카페브릿지16,1612113893,
3294,63.0,,,931-6,제주특별자치도 서귀포시 대정읍 하모리,제일다방,21484309,
3295,64.0,,,1537-11,제주특별자치도 제주시 구좌읍 행원리,바람샤워,593789734,
3297,66.0,,,1019-3,제주특별자치도 제주시 화북일동,베이킹카페,375630130,http://t1.daumcdn.net/localfiy/D852716C9C4B4A2098954C63B262F1E4
3299,68.0,,,2447-3,제주특별자치도 제주시 한림읍 협재리,카페모래알,685289703,http://t1.daumcdn.net/place/B2ADB9C39735424188B04BF829EBF9F4
3302,71.0,,,2222,제주특별자치도 제주시 조천읍 조천리,하우다 과자점,42496408,http://t1.daumcdn.net/place/E26C8F0072A24E1D8B1D4CB97FCADF0D
3303,72.0,,,636-4,제주특별자치도 서귀포시 대정읍 하모리,하먼,21524009,http://t1.daumcdn.net/place/CA1CBC0CB0CB45C18FBE3D9133F48217
3304,73.0,,,2029-9,제주특별자치도 서귀포시 안덕면 사계리,너무늘보,24355818,http://t1.daumcdn.net/place/DFB752B997104473B72C7FDF7529211D
3305,74.0,,,2965-3,제주특별자치도 제주시 한경면 저지리,카사제주928,1303257427,http://t1.daumcdn.net/localfiy/searchregister_1193401869
3306,75.0,,,1298-3,제주특별자치도 서귀포시 표선면 가시리,카페모먼트,1071240534,http://t1.daumcdn.net/localfiy/266D2F8DD74940B39650EE36FC425EE1
3307,76.0,,,1328-14,제주특별자치도 제주시 한림읍 한림리,벌떼커피숍,21463508,
3309,78.0,,,978,제주특별자치도 제주시 한림읍 귀덕리,마놀린,354830431,
3310,79.0,,,557-9,제주특별자치도 서귀포시 성산읍 고성리,언니앤누나,899167314,http://t1.daumcdn.net/localfiy/searchregister_1947480252
3311,80.0,,,2624-1,제주특별자치도 제주시 도두일동,해즈빈 도두점,17022482,
3312,81.0,,,2147-30,제주특별자치도 서귀포시 안덕면 사계리,코코부코 제주본점,1893805090,
3313,82.0,,,2009,제주특별자치도 제주시 도련일동,봄봄삼양점,429668433,
3314,83.0,,,2204,제주특별자치도 제주시 조천읍 신촌리,하루이수다,24927052,
3315,84.0,,,2916,제주특별자치도 서귀포시 대정읍 동일리,감저,617793541,http://t1.daumcdn.net/localfiy/58B69A714F8046DE824C646A0F5880C2
3316,85.0,,,2293-5,제주특별자치도 제주시 용담삼동,용담정원,401402282,http://t1.daumcdn.net/place/39757F8F71154657A40B2BC323FF864E
3317,86.0,,,1477-4,제주특별자치도 제주시 구좌읍 세화리,카페공작소,18771353,http://t1.daumcdn.net/place/62019E5E2F7444A6BA3BA10BF597F832
3318,87.0,,,983,제주특별자치도 제주시 애월읍 고내리,랑지다,601624191,http://t1.daumcdn.net/localfiy/ACF47264F5FD4EA2A1F0AA0BF83159E1
3319,88.0,,,1426-3,제주특별자치도 제주시 한림읍 금능리,파라토도스 오션뷰카페,1453089281,http://t1.daumcdn.net/place/1B13BB1CD5724121963EEA43464EB93B
3320,89.0,,,1048,제주특별자치도 서귀포시 대포동,동백정원,17376396,http://t1.daumcdn.net/place/29DFB8333C764E32B9977CDC8CA2A9E4
3321,90.0,,,1114,제주특별자치도 서귀포시 남원읍 태흥리,마더카페,22461647,http://t1.daumcdn.net/place/1F98C89B689C487683DDCC6BE57EECB6
3322,91.0,,,533-8,제주특별자치도 제주시 외도일동,산타크로쓰,1587892291,http://t1.daumcdn.net/localfiy/388DE41EB9B04D40B7745CFF797E0F29
3323,92.0,,,3643-15,제주특별자치도 제주시 구좌읍 세화리,카페이야기,18013376,
3324,93.0,,,1241-12,제주특별자치도 제주시 삼도2동,민다방,24907645,
3325,94.0,,,4193,제주특별자치도 제주시 구좌읍 김녕리,커피하우스,27030147,
3326,95.0,,,1071-3,제주특별자치도 제주시 한림읍 협재리,말리가,1220270738,http://t1.daumcdn.net/localfiy/searchregister_1434799546
3327,96.0,,,274-1,제주특별자치도 서귀포시 남원읍 신흥리,알맞은시간,552481804,http://t1.daumcdn.net/place/EFE018CFDB7C48C989E56B485A94FFD2
3328,97.0,,,1298-22,제주특별자치도 제주시 일도1동,위더스트래블 칠성점,39080316,http://t1.daumcdn.net/place/60E0D3D97DE642B2BAD6A0EC348BFC3F
3329,98.0,,,58-1,제주특별자치도 서귀포시 남원읍 남원리,호꼼,500959152,
3330,99.0,,,4-1,제주특별자치도 제주시 구좌읍 월정리,우드스탁,1502956536,http://t1.daumcdn.net/place/030016D7626343668FD8D74500A52898
3331,100.0,,,541,제주특별자치도 제주시 구좌읍 월정리,숨비아일랜드 월정리점,1042078920,
3332,101.0,,,3808-13,제주특별자치도 제주시 노형동,밀크유,166400963,http://t1.daumcdn.net/localfiy/C38416C0943F45FAB403A9A243F64A91
3333,102.0,,,812-1,제주특별자치도 서귀포시 안덕면 창천리,잇유어그린,1067823244,
3334,103.0,,,371-1,제주특별자치도 제주시 이호일동,인그리드,769399654,http://t1.daumcdn.net/localfiy/59DA79DE4C6E47868AB9B50E127EF527
3335,104.0,,,3864,제주특별자치도 제주시 한경면 고산리,커피별바다잔,24955378,
3336,105.0,,,143-5,제주특별자치도 제주시 삼도2동,제주헨즈,609727321,http://t1.daumcdn.net/place/9C1E658220734B35895AE20F0369836B
3337,106.0,,,1603-2,제주특별자치도 제주시 애월읍 하귀1리,달콤커피 볼륨1603 제주하귀점,1461897927,http://t1.daumcdn.net/localfiy/912B84A3B22A4622AB86B8DF5B33A21B
3338,107.0,,,1949-8,제주특별자치도 서귀포시 중문동,샐리하우스,342246033,
3340,109.0,,,1691-9,제주특별자치도 제주시 이도1동,로비라운지,21545833,
3342,111.0,,,2308-1,제주특별자치도 제주시 우도면 연평리,카페튼튼목공소,1179980567,
3345,114.0,,,3134,제주특별자치도 제주시 조천읍 조천리,조금만천천히,1642124500,http://t1.daumcdn.net/place/648344B401DD452E8964F5AEAC083913
3346,115.0,,,2223,제주특별자치도 서귀포시 색달동,병과점 미남미녀,1780288211,http://t1.daumcdn.net/place/1A89A2276E8C42A1A97B801537A5E4B3
3347,116.0,,,3263-2,제주특별자치도 제주시 한경면 저지리,담담,21654712,http://t1.daumcdn.net/place/0ADDBE72B78A4984BAACF70DBCC68EC6
3348,117.0,,,365-12,제주특별자치도 제주시 일도2동,블럭파티 인제점,699643426,
3349,118.0,,,3782,제주특별자치도 서귀포시 대정읍 무릉리,다락카페,47104905,
3350,119.0,,,317-2,제주특별자치도 제주시 우도면 연평리,리치망고 우도검멀레점,489755369,http://t1.daumcdn.net/place/7EE728091A7F4E2798A9CFAEABD0614A
3351,120.0,,,2514-2,제주특별자치도 제주시 한림읍 협재리,할리스커피 제주협재해수욕장점,1460475575,http://t1.daumcdn.net/place/FA27280109E541CEB4BA1AA4ACAAB81A
3354,123.0,,,873-1,제주특별자치도 서귀포시 대정읍 하모리,신장미다방,21473483,
3355,124.0,,,163-25,제주특별자치도 제주시 일도이동,혼디마카롱,1932954547,http://t1.daumcdn.net/place/06F63D07A93D4E35983EB7AC2C71AA72
3356,125.0,,,327-10,제주특별자치도 서귀포시 성산읍 고성리,동류암카페,2103068863,
3357,126.0,,,1580-1,제주특별자치도 제주시 삼양일동,카페소소한,1314653330,
3359,128.0,,,2872-18,제주특별자치도 제주시 한림읍 협재리,써니의놀이터in카페,571671874,http://t1.daumcdn.net/place/8CBFB92CC9FE4C359452A3C9850AC9A3
3360,129.0,,,92-2,제주특별자치도 서귀포시 남원읍 남원리,제주 다이어트카페,23680552,
3361,130.0,,,667,제주특별자치도 제주시 조천읍 교래리,교래뜰펜션앤카페,24393052,http://t1.daumcdn.net/cfile/27792D3D55606EC927
3362,131.0,,,2242,제주특별자치도 서귀포시 색달동,레이지카페,24876533,
3364,133.0,,,1467,제주특별자치도 제주시 구좌읍 세화리,카페미와,1064788897,http://t1.daumcdn.net/localfiy/EDDB0E879D3F4155B4AC7168352C2D64
3365,134.0,,,792-4,제주특별자치도 서귀포시 성산읍 오조리,플라이오조,897536273,http://t1.daumcdn.net/place/AD9AE7D7920C4B2A8E62BFEB4CBBF1CC
3366,135.0,,,2471,제주특별자치도 제주시 애월읍 광령리,보나바시움 애월점,835228958,
3368,137.0,,,257,제주특별자치도 서귀포시 서홍동,해즈빈 서귀포점,22710682,
3369,138.0,,,111,제주특별자치도 서귀포시 신효동,카페신효,542658811,
3371,140.0,,,92-7,제주특별자치도 서귀포시 남원읍 신례리,바다나비,227904457,
3372,141.0,,,367-6,제주특별자치도 제주시 일도2동,커피점미미즈쿠,26632610,
3374,143.0,,,2255,제주특별자치도 제주시 조천읍 함덕리,농업회사법인한스,1044133186,http://t1.daumcdn.net/localfiy/1A6D33F69956415C91B7FE77104E042E
3375,144.0,,,3306-3,제주특별자치도 서귀포시 남원읍 위미리,숲커피플라워,216179497,
3376,145.0,,,1153-6,제주특별자치도 서귀포시 서홍동,꼬라지오,1679756496,http://t1.daumcdn.net/place/ABEFDEA9447E4D0084270F019531C6EC
3377,146.0,,,803-1,제주특별자치도 제주시 조천읍 조천리,예랑커피하우스,27539649,http://t1.daumcdn.net/cfile/213FB44056E8F35007
3378,147.0,,,3075,제주특별자치도 제주시 구좌읍 하도리,W3075,1347414054,http://t1.daumcdn.net/place/AD4EDE9513A64D6A957B26D5DC924D97
3379,148.0,,,987-6,제주특별자치도 서귀포시 표선면 가시리,시골친구,902742954,http://t1.daumcdn.net/place/16019E03FBE14CF6BC51832AC4D03BF4
3380,149.0,,,8-8,제주특별자치도 제주시 구좌읍 한동리,제주인에이에이 카페,1735739279,http://t1.daumcdn.net/place/ECEE11033D684BE59B9325725407CA8D
3381,150.0,,,2964-9,제주특별자치도 제주시 애월읍 하귀2리,슈슈양과샤오깡,1442265449,
3383,152.0,,,2469-1,제주특별자치도 제주시 한림읍 협재리,커피타는야옹이,1812243909,http://t1.daumcdn.net/localfiy/70D36FB8F74C4E558076FB44DF1562FA
3385,154.0,,,53-48,제주특별자치도 제주시 구좌읍 하도리,하도조은펜션&카페,1497607830,
3386,155.0,,,252-2,제주특별자치도 제주시 연동,카페뮤로,1452036521,http://t1.daumcdn.net/localfiy/searchregister_1107888949
3387,156.0,,,875-1,제주특별자치도 서귀포시 남원읍 위미리,와랑와랑,18815393,http://t1.daumcdn.net/place/4170E2553C3F4E2C90FB7D3349C74A9C
3388,157.0,,,1496-1,제주특별자치도 제주시 구좌읍 행원리,해난디아장,26971517,http://t1.daumcdn.net/place/D8B67054352F4088BEBE836665489397
3389,158.0,,,594-19,제주특별자치도 제주시 삼도이동,로맨틱무브,861734612,
3390,159.0,,,산 24,제주특별자치도 서귀포시 안덕면 서광리,제주신화월드 랜딩델리,1382675450,http://t1.daumcdn.net/place/EA1B36D4AA2244BAA2B4894FD2ECDF76
3391,160.0,,,2578-3,제주특별자치도 제주시 노형동,해마루카페,613506337,
3392,161.0,,,1199-3,제주특별자치도 제주시 한림읍 한림리,두두,1543761583,
3393,162.0,,,1371,제주특별자치도 제주시 한림읍 금능리,문화카페별차롱,26980914,
3394,163.0,,,957-3,제주특별자치도 제주시 조천읍 함덕리,알라스카인제주,24545861,http://t1.daumcdn.net/place/B6D124FF622C4C689BFA17531F0C36EC
3395,164.0,,,288,제주특별자치도 서귀포시 안덕면 서광리,차롱지에스엘,1235739767,
3396,165.0,,,764-1,제주특별자치도 제주시 애월읍 신엄리,예쁘다애월,44582262,
3397,166.0,,,1238-6,제주특별자치도 서귀포시 대정읍 하모리,구미다방,947061434,
3400,169.0,,,191-3,제주특별자치도 서귀포시 안덕면 사계리,사계풍경,1469548109,http://t1.daumcdn.net/place/945FC939EB8F45A1B17C3AB6151C228E
3402,171.0,,,744-9,제주특별자치도 서귀포시 서홍동,꽃이피다앤블라썸,1028406499,http://t1.daumcdn.net/place/2DB41614FFBA43EBA2F74E397721FC45
3403,172.0,,,2588-8,제주특별자치도 제주시 노형동,카페하코,2017906733,http://t1.daumcdn.net/cfile/275C5637577B501E1A
3404,173.0,,,646-2,제주특별자치도 서귀포시 안덕면 상창리,쉴띠하우스커피숍,17415831,http://t1.daumcdn.net/place/52572BF583094CFA9C7204FA23092C72
3405,174.0,,,832,제주특별자치도 제주시 삼도2동,아꼬아,818388437,
3407,176.0,,,348-2,제주특별자치도 제주시 한림읍 월령리,달달카페,26591021,http://t1.daumcdn.net/place/0A71AA02E8F94E7585EEDB5C0D08C246
3408,177.0,,,1200-7,제주특별자치도 제주시 우도면 연평리,안녕육지사람,711143878,http://t1.daumcdn.net/place/902778FF683C42CCAE2F9003D563B318
3409,178.0,,,1965-11,제주특별자치도 제주시 화북일동,일공오이,27522521,http://t1.daumcdn.net/place/EA634131FFB0476AA171C6C250221760
3410,179.0,,,1293-1,제주특별자치도 제주시 한림읍 금능리,쉐프의뜰에커피나리다,1603626480,
3411,180.0,,,285-3,제주특별자치도 서귀포시 서홍동,메가커피 제주서홍점,1094176770,
3412,181.0,,,509,제주특별자치도 제주시 애월읍 구엄리,세렌디피티153,551429441,
