시라노;연애조작단 (2010)
본 얼티메이텀 (2007)
어느 가족 (2018)
펀치 드렁크 러브 (2002)
자토이치 (2003)
매그놀리아 (1999)
에이리언 (1979)
두더지 (2011)
언브레이커블 (2000)
소나티네 (1993)
화양연화 (2000)
동사서독 (1994)
일대종사 (2012)
브이 포 벤데타 (2005)
네버랜드를 찾아서 (2004)
플래닛 테러 (2007)
클래스 (2008)
천주정 (2013)
사랑을 카피하다 (2010)
예언자 (2009)
가장 따뜻한 색, 블루 (2013)
스틸 라이프 (2006)
퍼블릭 에너미 (2009)
클랜 (2015)
언터처블 : 1%의 우정 (2011)
아비정전 (1990)
밀정 (2016)
4월 이야기 (1998)
인랜드 엠파이어 (2006)
안티크라이스트 (2009)
레볼루셔너리 로드 (2008)
길버트 그레이프 (1993)
엘라의 계곡 (2007)
폭력의 역사 (2005)
아이 캔 스피크 (2017)
소스 코드 (2011)
세븐 (1995)
와호장룡 (2000)
앤트맨 (2015)
아노말리사 (2015)
가위손 (1990)
자유의 언덕 (2014)
우리는 같은 꿈을 꾼다 (2017)
토니 타키타니 (2004)
비거 스플래쉬 (2015)
로나의 침묵 (2008)
4개월, 3주... 그리고 2일 (2007)
액트 오브 킬링 (2012)
침묵의 시선 (2014)
레퀴엠 (2000)
바르다가 사랑한 얼굴들 (2017)
지슬 - 끝나지 않은 세월2 (2012)
킬러들의 도시 (2008)
아임 낫 데어 (2007)
엉클 분미 (2010)
드라이브 (2011)
악마를 보았다 (2010)
써니 (2011)
케빈에 대하여 (2011)
인 디 아일 (2018)
우리도 사랑일까 (2011)
클로저 (2004)
죄 많은 소녀 (2017)
스타 이즈 본 (2018)
더 브레이브 (2010)
퍼스트맨 (2018)
해리가 샐리를 만났을 때 (1989)
미드나잇 인 파리 (2011)
패터슨 (2016)
미스 페레그린과 이상한 아이들의 집 (2016)
우리 생애 최고의 순간 (2007)
슬로우 웨스트 (2015)
이미테이션 게임 (2014)
킹스 스피치 (2010)
월플라워 (2012)
태극기 휘날리며 (2004)
나 홀로 집에 (1990)
아메리칸 스나이퍼 (2014)
서치 (2018)
지구를 지켜라! (2003)
아쿠아맨 (2018)
120BPM (2017)
프리다의 그해 여름 (2017)
버닝 (2018)
레이디 버드 (2017)
이웃집 토토로 (1988)
라이언 일병 구하기 (1998)
퍼스널 쇼퍼 (2016)
주먹이 운다 (2005)
멋진 하루 (2008)
부러진 화살 (2011)
쥬만지 (1995)
아포칼립토 (2006)
드래곤 길들이기 (2010)
만추 (2011)
대학살의 신 (2011)
마이 리틀 자이언트 (2016)
세션: 이 남자가 사랑하는 법 (2012)
더 헌트 (2012)
빌리 엘리어트 (2000)
레이디 맥베스 (2016)
보리 vs 매켄로 (2017)
더 차일드 (2005)
폭풍의 언덕 (2011)
크래쉬 (2004)
디 아워스 (2002)
갱스 오브 뉴욕 (2002)
퍼스트 리폼드 (2017)
로마 (2018)
링컨 (2012)
인썸니아 (2002)
고고70 (2008)
도쿄 소나타 (2008)
익사일 (2006)
한여름의 판타지아 (2014)
더 폴 : 오디어스와 환상의 문 (2006)
글래디에이터 (2000)
모던 타임즈 (1936)
유레루 (2006)
색, 계 (2007)
건축학개론 (2012)
가디언즈 오브 갤럭시 (2014)
늑대아이 (2012)
괴물의 아이 (2015)
콜 미 바이 유어 네임 (2017)
셰이프 오브 워터: 사랑의 모양 (2017)
군도:민란의 시대 (2014)
나이트 크롤러 (2014)
씨민과 나데르의 별거 (2011)
언더 더 스킨 (2013)
인 디 에어 (2009)
멀홀랜드 드라이브 (2001)
라쇼몽 (1950)
고스트 스토리 (2017)
팬텀 스레드 (2017)
스파이더맨: 뉴 유니버스 (2018)
시저는 죽어야 한다 (2012)
판타스틱 Mr. 폭스 (2009)
위대한 쇼맨 (2017)
더 테러 라이브 (2013)
부산행 (2016)
인크레더블 (2004)
캡틴 필립스 (2013)
달콤한 인생 (2005)
파이트 클럽 (1999)
미스틱 리버 (2003)
러브 액츄얼리 (2003)
분노의 질주: 더 세븐 (2015)
좋은 놈 나쁜 놈 이상한 놈 (2008)
월드워Z (2013)
목소리의 형태 (2016)
E.T. (1982)
주토피아 (2016)
빽 투 더 퓨쳐 (1985)
우리들 (2015)
다이 하드 4.0 (2007)
박쥐 (2009)
디트로이트 (2017)
킬 빌 (2003)
500일의 썸머 (2009)
설리: 허드슨강의 기적 (2016)
황산벌 (2003)
가타카 (1997)
어바웃 타임 (2013)
닥터 스트레인지 (2016)
오블리비언 (2013)
개를 훔치는 완벽한 방법 (2014)
연애의 온도 (2013)
8월의 크리스마스 (1998)
델마와 루이스 (1991)
친절한 금자씨 (2005)
라따뚜이 (2007)
원더 (2017)
불신지옥 (2009)
더 리더 : 책 읽어주는 남자 (2008)
리얼스틸 (2011)
아메리칸 허슬 (2013)
잃어버린 도시 Z (2016)
킥 애스 : 영웅의 탄생 (2010)
티파니에서 아침을 (1961)
무뢰한 (2014)
사랑과 영혼 (1990)
오만과 편견 (2005)
빅 히어로 (2014)
너는 여기에 없었다 (2017)
클로버필드 10번지 (2016)
빅 식 (2017)
공작 (2018)
윈드 리버 (2016)
범죄도시 (2017)
태풍이 지나가고 (2016)
월-E (2008)
스타트렉 다크니스 (2013)
화이 : 괴물을 삼킨 아이 (2013)
종이 달 (2014)
가족의 탄생 (2006)
황해 (2010)
제로 다크 서티 (2012)
쿵푸 허슬 (2004)
나는 내일, 어제의 너와 만난다 (2016)
끝까지 간다 (2013)
월터의 상상은 현실이 된다 (2013)
찰리와 초콜릿 공장 (2005)
슈퍼 에이트 (2011)
스쿨 오브 락 (2003)
유주얼 서스펙트 (1995)
사도 (2014)
추격자 (2007)
퍼시픽 림 (2013)
더 울프 오브 월 스트리트 (2013)
레디 플레이어 원 (2017)
파수꾼 (2010)
2001: 스페이스 오디세이 (1968)
첨밀밀 (1996)
박하사탕 (1999)
맥베스 (2015)
블레이드 러너 (1982)
배틀 로얄 (2000)
모노노케 히메 (1997)
바람과 함께 사라지다 (1939)
내부자들: 디 오리지널 (2015)
스타워즈 에피소드 4 - 새로운 희망 (1977)
아르고 (2012)
벤허 (1959)
살아남은 아이 (2017)
인생은 아름다워 (1997)
타인의 삶 (2006)
더 포스트 (2017)
다우트 (2008)
아이 엠 러브 (2009)
옥희의 영화 (2010)
이오지마에서 온 편지 (2006)
존 윅 (2014)
러브레터 (1995)
브로크백 마운틴 (2005)
다크 나이트 라이즈 (2012)
미션 임파서블 : 고스트 프로토콜 (2011)
마지막 황제 (1987)
트루먼 쇼 (1998)
쏘우 (2004)
물랑 루즈 (2001)
피아니스트 (2002)
북북서로 진로를 돌려라 (1959)
닥터 지바고 (1965)
스파이더맨 2 (2004)
변호인 (2013)
컨저링 (2013)
유전 (2018)
뷰티풀 마인드 (2001)
록키 (1976)
아마데우스 (1984)
쉰들러 리스트 (1993)
여인의 향기 (1992)
살인의 추억 (2003)
헤일, 시저! (2016)
남한산성 (2017)
캡틴 아메리카: 시빌 워 (2016)
지금은맞고그때는틀리다 (2015)
복수는 나의 것 (2002)
신세계 (2012)
몬스터 콜 (2016)
메멘토 (2000)
엣지 오브 투모로우 (2014)
빅 피쉬 (2003)
니모를 찾아서 (2003)
버드맨 (2014)
아이언맨 3 (2013)
스파이 브릿지 (2015)
허트 로커 (2008)
로건 (2017)
베이비 드라이버 (2017)
칠드런 오브 맨 (2006)
조제, 호랑이 그리고 물고기들 (2003)
무간도 (2002)
해리포터와 죽음의 성물 2 (2011)
캡틴 아메리카: 윈터 솔져 (2014)
노팅 힐 (1999)
러빙 빈센트 (2017)
대부 2 (1974)
어벤져스: 인피니티 워 (2018)
사운드 오브 뮤직 (1965)
양들의 침묵 (1991)
셀마 (2014)
샤이닝 (1980)
죽은 시인의 사회 (1989)
A.I. (2001)
굿 윌 헌팅 (1997)
코코 (2017)
올드보이 (2003)
벤자민 버튼의 시간은 거꾸로 간다 (2008)
원스 어폰 어 타임 인 아메리카 (1984)
라이온 킹 (1994)
시네마 천국 (1988)
센과 치히로의 행방불명 (2001)
반지의 제왕 : 왕의 귀환 (2003)
대부 (1972)
타이타닉 (1997)
쇼생크 탈출 (1994)
매트릭스 (1999)
레미제라블 (2012)
똥파리 (2008)
헬프 (2011)
설국열차 (2013)
캡틴 판타스틱 (2016)
베테랑 (2014)
맨체스터 바이 더 씨 (2016)
로스트 인 더스트 (2016)
너의 이름은. (2016)
겟 아웃 (2017)
쓰리 빌보드 (2017)
겨울왕국 (2013)
문라이트 (2016)
덩케르크 (2017)
1987 (2017)
플로리다 프로젝트 (2017)
나, 다니엘 블레이크 (2016)
조디악 (2007)
인셉션 (2010)
부당거래 (2010)
미션 임파서블: 로그네이션 (2015)
인터스텔라 (2014)
타짜 (2006)
미스 리틀 선샤인 (2006)
아메리칸 갱스터 (2007)
쿵푸팬더 (2008)
캐빈 인 더 우즈 (2012)
미스트 (2007)
어벤져스 (2012)
꼬마 니콜라 (2009)
베리드 (2010)
고지전 (2011)
휴고 (2011)
매드맥스: 분노의 도로 (2015)
도둑들 (2012)
광해, 왕이 된 남자 (2012)
문라이즈 킹덤 (2012)
노예 12년 (2013)
머드 (2012)
엑스맨: 데이즈 오브 퓨처 패스트 (2014)
폭스캐처 (2014)
그녀 (2013)
비포 미드나잇 (2013)
브루클린 (2015)
레옹 (1994)
라라랜드 (2016)
아무도 모른다 (2004)
밀리언 달러 베이비 (2004)
그랑블루 (1988)
컨택트 (2016)
동주 (2015)
그렇게 아버지가 된다 (2013)
포레스트 검프 (1994)
블루 재스민 (2013)
킹스맨: 시크릿 에이전트 (2014)
인사이드 아웃 (2015)
나를 찾아줘 (2014)
쥬라기 공원 (1993)
아가씨 (2016)
레버넌트: 죽음에서 돌아온 자 (2015)
마션 (2015)
룸 (2015)
빅쇼트 (2016)
디스트릭트 9 (2009)
시티 오브 갓 (2002)
킹콩 (2005)
괴물 (2006)
마더 (2009)
그랜 토리노 (2008)
머니볼 (2011)
바스터즈 : 거친 녀석들 (2009)
시간을 달리는 소녀 (2006)
뜨거운 녀석들 (2007)
소셜 네트워크 (2010)
데어 윌 비 블러드 (2007)
토이 스토리 3 (2010)
노인을 위한 나라는 없다 (2007)
블랙스완 (2010)
혹성탈출: 진화의 시작 (2011)
업 (2009)
범죄와의 전쟁 : 나쁜놈들 전성시대 (2011)
라이프 오브 파이 (2012)
장고:분노의 추적자 (2012)
진짜로 일어날지도 몰라 기적 (2011)
아무르 (2012)
그랜드 부다페스트 호텔 (2014)
내일을 위한 시간 (2014)
시카리오: 암살자의 도시 (2015)
스포트라이트 (2015)
밀양 (2007)
007 스카이폴 (2012)
아바타 (2009)
이터널 선샤인 (2004)
그래비티 (2013)
판의 미로 - 오필리아와 세 개의 열쇠 (2006)
다크 나이트 (2008)
원스 (2006)
시리어스 맨 (2009)
인사이드 르윈 (2013)
마스터 (2012)
캐롤 (2015)
위플래쉬 (2014)
곡성(哭聲) (2016)
봉오동 전투 (2018)
사자 (2019)
토이 스토리 4 (2019)
댄싱퀸 (2012)
청년경찰 (2017)
상류사회 (2018)
파이란 (2001)
조선명탐정: 흡혈괴마의 비밀 (2017)
거북이 달린다 (2009)
꾼 (2017)
살인자의 기억법 (2016)
해운대 (2009)
택시운전사 (2017)
주피터 어센딩 (2014)
장화신은 고양이 (2011)
통증 (2011)
블라인드 (2011)
7광구 (2011)
심야의 FM (2010)
아저씨 (2010)
맨발의 꿈 (2010)
블라인드 사이드 (2009)
베스트셀러 (2010)
호로비츠를 위하여 (2006)
조커 (2019)
더 파이브 (2013)
장사리 : 잊혀진 영웅들 (2019)
양자물리학 (2019)
나쁜 녀석들: 더 무비 (2019)
엑스맨: 다크 피닉스 (2018)
태양의 눈물 (2003)
광대들: 풍문조작단 (2019)
분노의 질주: 홉스&쇼 (2019)
알라딘 (2019)
어브덕션 (2011)
엑시트 (2019)
사생결단 (2006)
주유소 습격사건 2 (2010)
강시선생 - 일미도인 (1989)
페스티발 (2010)
혹성탈출: 반격의 서막 (2014)
트랜스포터 : 리퓰드 (2015)
역린 (2014)
주먹왕 랄프 2: 인터넷 속으로 (2018)
범블비 (2018)
언니 (2018)
타임 패러독스 (2014)
마일22 (2018)
다키스트 마인드 (2018)
모털 엔진 (2018)
킨: 더 비기닝 (2018)
액슬 (2018)
신비한 동물들과 그린델왈드의 범죄 (2018)
성난황소 (2018)
곰돌이 푸 다시 만나 행복해 (2018)
창궐 (2018)
적인걸: 측천무후의 비밀 (2010)
더 이퀄라이저 2 (2018)
미쓰백 (2018)
록키 4 (1985)
러시 아워 3 (2007)
러시 아워 (1998)
러시아워 2 (2001)
폼페이: 최후의 날 (2014)
쥬라기 월드 (2015)
콘 에어 (1997)
폰 부스 (2002)
존 윅 - 리로드 (2017)
장군의 아들 2 (1991)
장군의 아들 (1990)
장군의 아들 3 (1992)
탑건 (1986)
딥 임팩트 (1998)
007 스펙터 (2015)
식스티 세컨즈 (2000)
협상 (2018)
물괴 (2018)
명당 (2018)
베놈 (2018)
안시성 (2017)
미션 임파서블: 폴아웃 (2018)
한 솔로: 스타워즈 스토리 (2018)
시카리오: 데이 오브 솔다도 (2018)
스카이스크래퍼 (2018)
그것만이 내 세상 (2017)
신과함께-인과 연 (2018)
마녀 (2018)
아이,로봇 (2004)
로보캅 3 (1993)
로보캅 2 (1990)
저지 드레드 (2012)
록키 3 (1982)
록키 2 (1979)
블랙 호크 다운 (2001)
짝패 (2006)
차이나타운 (2014)
흐르는 강물처럼 (1992)
이온 플럭스 (2005)
인랑 (2018)
봄 여름 가을 겨울 그리고 봄 (2003)
사마리아 (2004)
괴물 2 (2012)
스코어 (2001)
기생충 (2019)
악인전 (2019)
샤잠! (2019)
어벤져스: 엔드게임 (2019)
페르소나 (2019)
극한직업 (2018)
캡틴 마블 (2019)
1번가의 기적 (2007)
알리타: 배틀 엔젤 (2018)
할로우 맨 (2000)
배틀쉽 (2012)
강시선생 (1985)
아일랜드 (2005)
메가로돈 (2018)
고질라 (1998)
그때 그 사람들 (2005)
가을의 전설 (1994)
져지 드레드 (1995)
둠 (2005)
악질경찰 (2018)
샤크프렌지 (2018)
맨 인 블랙: 인터내셔널 (2019)
스파이더맨: 파 프롬 홈 (2019)
존 윅 3: 파라벨룸 (2019)
서편제 (1993)
성냥팔이 소녀의 재림 (2002)
아웃 오브 아프리카 (1985)
늑대소년 (2012)
특수본 (2011)
투캅스 (1993)
씬 시티: 다크히어로의 부활 (2013)
샌 안드레아스 (2015)
황혼에서 새벽까지 (1996)
더 록 (1996)
네고시에이터 (1998)
왓치맨 (2009)
앤트맨과 와스프 (2018)
에이리언 vs. 프레데터 (2004)
에이리언 3 (1992)
바르게 살자 (2007)
점퍼 (2008)
디파티드 (2006)
미이라 3: 황제의 무덤 (2008)
미이라 2 (2001)
미이라 (1999)
에픽 무비 (2007)
아트 오브 워 2 (2008)
테이큰 3 (2015)
테이큰 (2008)
앤트 불리 (2006)
마을금고 연쇄습격사건 (2007)
마다가스카 2 (2008)
마다가스카 (2005)
더 게임 (2007)
터미네이터 제니시스 (2015)
전설의 주먹 (2013)
다세포소녀 (2006)
지구가 멈추는 날 (2008)
모아나 (2016)
라스트 사무라이 (2003)
제리 맥과이어 (1996)
딥 블루 씨 (1999)
라스트 모히칸 (1992)
로보캅 (1987)
탐정: 리턴즈 (2018)
빽 투 더 퓨쳐 2 (1989)
색즉시공 (2002)
색즉시공 시즌 2 (2007)
람보 (1982)
호튼 (2008)
클로버필드 (2008)
식객 (2007)
홀리데이 (2005)
포비든 킹덤 : 전설의 마스터를 찾아서 (2008)
쿵푸팬더2 (2011)
신석기 블루스 (2004)
첩혈쌍웅 (1989)
강철중: 공공의 적 1-1 (2008)
선샤인 (2007)
적벽대전 : 거대한 전쟁의 시작 (2008)
터미네이터: 미래전쟁의 시작 (2009)
과속스캔들 (2008)
카오스 (2005)
인사동 스캔들 (2009)
그림자 살인 (2009)
트랜스포머 3 (2011)
트랜스포머 (2007)
작전 (2009)
스페어 (2008)
바디 오브 라이즈 (2008)
지.아이.조 2 (2013)
지.아이.조 : 전쟁의 서막 (2009)
미인도 (2008)
눈에는 눈 이에는 이 (2008)
판타스틱 4: 실버 서퍼의 위협 (2007)
판타스틱 4 (2005)
워낭소리 (2008)
콜래트럴 (2004)
이장과 군수 (2007)
극락도 살인사건 (2007)
가라 아이야 가라 (2007)
보트 (2009)
영화는 영화다 (2008)
더 레슬러 (2008)
4 브라더스 (2005)
박물관이 살아있다 : 비밀의 무덤 (2014)
박물관이 살아있다! (2006)
인서전트 (2015)
원티드 (2008)
메이즈 러너: 데스 큐어 (2018)
오션스 일레븐 (2001)
데스티네이션 2 (2003)
쟈니 잉글리쉬2 : 네버다이 (2011)
번지점프를 하다 (2000)
밴티지 포인트 (2008)
웰컴 투 동막골 (2005)
에너미 앳 더 게이트 (2001)
진주만 (2001)
김씨표류기 (2009)
써로게이트 (2009)
차우 (2009)
스테이트 오브 플레이 (2009)
히트맨 (2007)
원스 어폰 어 타임 (2007)
팬도럼 (2009)
쥬라기 월드: 폴른 킹덤 (2018)
툼레이더 (2018)
독전 (2018)
램페이지 (2018)
판타스틱 4 (2015)
엑스맨 (2000)
오! 수정 (2000)
트로이 (2004)
터미네이터 (1984)
인디펜던스 데이 (1996)
블러드 다이아몬드 (2006)
쌍화점 (2008)
킬 빌 2 (2004)
엽기적인 그녀 (2001)
조선명탐정 : 사라진 놉의 딸 (2014)
조선명탐정 : 각시투구꽃의 비밀 (2011)
슈렉 포에버 (2010)
슈렉 2 (2004)
볼케이노 (1997)
2012 (2009)
나쁜 남자 (2001)
콰이어트 플레이스 (2018)
나우 유 씨 미2 (2016)
구르믈 버서난 달처럼 (2009)
메이즈 러너: 스코치 트라이얼 (2015)
메이즈 러너 (2014)
김복남 살인 사건의 전말 (2010)
죠스 (1975)
펠햄123 (2009)
귀신이 산다 (2004)
스크림 (1996)
에린 브로코비치 (2000)
코어 (2003)
런던 해즈 폴른 (2016)
히말라야 (2015)
더 이퀄라이저 (2014)
데드풀 2 (2017)
베이워치: SOS 해상 구조대 (2017)
컨트롤러 (2011)
인디펜던스 데이: 리써전스 (2016)
다크타워: 희망의 탑 (2017)
염력 (2017)
쥬만지: 새로운 세계 (2017)
궁합 (2018)
퍼시픽 림: 업라이징 (2018)
헝거게임: 더 파이널 (2015)
더 킹 (2016)
블랙 팬서 (2018)
강철비 (2017)
판도라 (2016)
고스트 워 (2016)
어카운턴트 (2016)
대립군 (2017)
다이버전트 시리즈: 얼리전트 (2016)
블레이드 러너 2049 (2017)
제 5침공 (2016)
투모로우 (2004)
잃어버린 세계를 찾아서 (2008)
프랑켄슈타인: 불멸의 영웅 (2014)
내가 살인범이다 (2012)
화려한 휴가 (2007)
에이리언 4 (1997)
바보 (2008)
박물관이 살아있다 2 (2009)
300 (2007)
아이덴티티 (2003)
우리들의 행복한 시간 (2006)
미스터 고 (2013)
쿨 러닝 (1993)
검사외전 (2015)
잃어버린 세계를 찾아서 2 : 신비의 섬 (2012)
브레이브하트 (1995)
007 카지노 로얄 (2006)
드라큘라: 전설의 시작 (2014)
2009 로스트 메모리즈 (2002)
팀버튼의 크리스마스 악몽 (1993)
신의 한 수 (2014)
나 홀로 집에 3 (1997)
유니버설 솔져 (1992)
헝거게임: 캣칭 파이어 (2013)
아는 여자 (2004)
디 워 (2007)
존 카터 : 바숨 전쟁의 서막 (2012)
프로메테우스 (2012)
인크레더블 헐크 (2008)
트랜스포머: 최후의 기사 (2017)
슈퍼맨 2 (1980)
두사부일체 (2001)
다이 하드 (1988)
신비한 동물사전 (2016)
럭키 (2015)
인페르노 (2016)
신과함께-죄와 벌 (2017)
킹스맨: 골든 서클 (2017)
스타워즈: 라스트 제다이 (2017)
지오스톰 (2017)
박열 (2017)
월드 오브 투모로우 (2004)
어메이징 스파이더맨 2 (2014)
셜록: 유령신부 (2015)
라이터를 켜라 (2002)
관상 (2013)
툼스톤 (2014)
어벤져스 : 에이지 오브 울트론 (2015)
어린 신부 (2004)
식스 센스 (1999)
아수라 (2016)
말죽거리 잔혹사 (2004)
하녀 (2010)
스피드 (1994)
공조 (2016)
동방불패 (1992)
노잉 (2009)
토르: 천둥의 신 (2011)
국가대표 (2009)
밀레니엄 : 여자를 증오한 남자들 (2011)
최종병기 활 (2011)
태풍 (2005)
인 타임 (2011)
하모니 (2009)
타짜-신의 손 (2014)
루시 (2014)
트루 라이즈 (1994)
클래식 (2002)
품행제로 (2002)
스타쉽 트루퍼스 (1997)
어메이징 스파이더맨 (2012)
알포인트 (2004)
인디아나 존스: 크리스탈 해골의 왕국 (2008)
복면달호 (2007)
시스터 액트 2 (1993)
라푼젤 (2010)
포화속으로 (2010)
핸콕 (2008)
하울의 움직이는 성 (2004)
마이너리티 리포트 (2002)
데드풀 (2016)
빅 (1988)
용형호제 2 - 비룡계획 (1991)
해적 : 바다로 간 산적 (2014)
클레멘타인 (2004)
테러리스트 (1995)
신기전 (2008)
엑소더스: 신들과 왕들 (2014)
청연 (2005)
캣우먼 (2004)
마스터 (2016)
암살 (2015)
군함도 (2017)
엑소시스트 (1973)
더블 타겟 (2007)
저스티스 리그 (2017)
말아톤 (2005)
임금님의 사건수첩 (2016)
토르 : 라그나로크 (2017)
캐리비안의 해적: 죽은 자는 말이 없다 (2017)
평양성 (2011)
아메리칸 뷰티 (1999)
너는 내 운명 (2005)
실미도 (2003)
트랜스포머 : 패자의 역습 (2009)
미스터 & 미세스 스미스 (2005)
람보 2 (1985)
터미네이터 3 (2003)
의적 로빈후드 (1991)
워터월드 (1995)
해리포터와 죽음의 성물 1 (2010)
구스범스 (2015)
다빈치 코드 (2006)
터미널 (2004)
캐스트 어웨이 (2000)
시애틀의 잠 못 이루는 밤 (1993)
해리포터와 비밀의 방 (2002)
10,000 BC (2008)
국제시장 (2014)
악녀 (2017)
에이리언: 커버넌트 (2017)
해리포터와 아즈카반의 죄수 (2004)
에이리언 2 (1986)
어디선가 누군가에 무슨 일이 생기면 틀림없이 나타난다, 홍반장 (2004)
뮬란 (1998)
해리포터와 마법사의 돌 (2001)
접속 (1997)
나의 사랑 나의 신부 (2014)
해리포터와 혼혈왕자 (2009)
해리포터와 불사조 기사단 (2007)
해리포터와 불의 잔 (2005)
인천상륙작전 (2016)
미이라 (2017)
공각기동대 : 고스트 인 더 쉘 (2017)
잭 리처: 네버 고 백 (2016)
스파이더맨 : 홈커밍 (2017)
토르 : 다크 월드 (2013)
콘스탄틴 (2005)
7번방의 선물 (2012)
퍼스트 어벤져 (2011)
수퍼맨 리턴즈 (2006)
그린랜턴: 반지의 선택 (2011)
터보 (2013)
닌자터틀 (2014)
이글 아이 (2008)
분노의 질주: 더 익스트림 (2017)
옥자 (2017)
원더 우먼 (2017)
가디언즈 오브 갤럭시 VOL. 2 (2017)
바스티유 데이 (2016)
프리즌 (2016)
호빗: 다섯 군대 전투 (2014)
호빗 : 스마우그의 폐허 (2013)
호빗 : 뜻밖의 여정 (2012)
잭 라이언 : 코드네임 쉐도우 (2014)
스타트렉 비욘드 (2016)
스타워즈 : 깨어난 포스 (2015)
스타워즈 에피소드 3 - 시스의 복수 (2005)
스타워즈 에피소드 2 - 클론의 습격 (2002)
스타워즈 에피소드 1 - 보이지 않는 위험 (1999)
스타워즈 에피소드 6 - 제다이의 귀환 (1983)
스타워즈 에피소드 5 - 제국의 역습 (1980)
트리플 엑스 리턴즈 (2017)
언더월드: 블러드 워 (2016)
언더월드 4 : 어웨이크닝 (2012)
언더월드 : 라이칸의 반란 (2009)
언더월드 2 : 에볼루션 (2006)
콩: 스컬 아일랜드 (2017)
그레이트 월 (2016)
고스트버스터즈 (2016)
로그 원: 스타워즈 스토리 (2016)
수어사이드 스쿼드 (2016)
맥스 스틸 (2016)
엑스맨: 아포칼립스 (2016)
제이슨 본 (2016)
본 슈프리머시 (2004)
본 아이덴티티 (2002)
매그니피센트 7 (2016)
서울역 (2016)
배트맨 대 슈퍼맨: 저스티스의 시작 (2016)
내부자들 (2015)
더 기버 : 기억전달자 (2014)
다이버전트 (2014)
명량 (2014)
트랜센던스 (2014)
트랜스포머: 사라진 시대 (2014)
스파이더맨 3 (2007)
스파이더맨 (2002)
큐브 (1997)
코요테 어글리 (2000)
아마겟돈 (1998)
캐리비안의 해적 : 낯선 조류 (2011)
캐리비안의 해적 : 세상의 끝에서 (2007)
캐리비안의 해적 : 망자의 함 (2006)
캐리비안의 해적 : 블랙펄의 저주 (2003)
킬러들의 수다 (2001)
친구 (2001)
트리플 X (2002)
셜록 홈즈: 그림자 게임 (2011)
셜록 홈즈 (2009)
굿모닝 프레지던트 (2009)
볼트 (2008)
인터내셔널 (2009)
표적 (2014)
숨바꼭질 (2013)
폴리스 스토리3 - 초급경찰 (1992)
맨 프럼 어스 (2007)
레드: 더 레전드 (2013)
레드 (2010)
엔더스 게임 (2013)
스트레인저 댄 픽션 (2006)
용의자 (2013)
다이노소어 어드벤처 3D (2013)
아이언맨 (2008)
더 울버린 (2013)
엑스맨 탄생 : 울버린 (2009)
킥 애스 2: 겁 없는 녀석들 (2013)
리딕 (2013)
은밀하게 위대하게 (2013)
퍼시잭슨과 괴물의 바다 (2013)
나우 유 씨 미 : 마술사기단 (2013)
헨젤과 그레텔 : 마녀사냥꾼 (2013)
시체가 돌아왔다 (2012)
엘리시움 (2013)
런닝맨 (2013)
내 생애 최고의 경기 (2005)
퍼시잭슨과 번개도둑 (2010)
전국노래자랑 (2013)
감기 (2013)
화이트 하우스 다운 (2013)
토이 스토리 2 (1999)
토이 스토리 (1995)
집으로... (2002)
R.I.P.D.:알.아이.피.디. (2013)
감시자들 (2013)
잭 리처 (2012)
분노의 질주 : 더 오리지널 (2009)
스타트렉 : 더 비기닝 (2009)
영웅본색 (1986)
언노운 (2011)
백악관 최후의 날 (2013)
더 콜 (2013)
맨 오브 스틸 (2013)
텔 미 썸딩 (1999)
미술관 옆 동물원 (1998)
페르시아의 왕자: 시간의 모래 (2010)
주유소 습격사건 (1999)
조용한 가족 (1998)
위대한 유산 (2003)
라스트 스탠드 (2013)
여고괴담 세 번째 이야기 : 여우계단 (2003)
여고괴담 두번째 이야기 (1999)
여고괴담 (1998)
원더풀 데이즈 (2003)
오아시스 (2002)
오! 브라더스 (2003)
언더월드 (2003)
싱글즈 (2003)
스캔들 - 조선남녀상열지사 (2003)
킹콩을 들다 (2009)
브루스 올마이티 (2003)
서유기 : 모험의 시작 (2013)
서유기 : 월광보합 (1994)
바람난 가족 (2003)
몽정기 (2002)
매트릭스 3 - 레볼루션 (2003)
매트릭스 2 - 리로디드 (2003)
밀레니엄 제 1부 : 여자를 증오한남자들 (2009)
시크릿 (2009)
이끼 (2010)
셔터 아일랜드 (2010)
타워 (2012)
차이니즈 조디악 (2012)
세이프 하우스 (2012)
워리어스 웨이 (2010)
액트 오브 밸러 : 최정예 특수부대 (2012)
삼총사3D (2011)
퀵 (2011)
카운트다운 (2011)
한나 (2011)
쉬리 (1999)
특수기동대 2 : 파이어파이트 (2011)
타운 (2010)
해결사 (2010)
마셰티 (2010)
초능력자 (2010)
솔트 (2010)
나잇 & 데이 (2010)
무법자 (2010)
익스펜더블 (2010)
이탈리안 잡 (2003)
A-특공대 (2010)
다이하드 : 굿 데이 투 다이 (2013)
남쪽으로 튀어 (2012)
베를린 (2012)
나는 왕이로소이다 (2012)
솔저스 오브 포춘 (2012)
간기남 (2011)
클라우드 아틀라스 (2012)
주먹왕 랄프 (2012)
26년 (2012)
미션 임파서블 3 (2006)
미션 임파서블 2 (2000)
미션 임파서블 (1996)
프리미엄 러쉬 (2012)
본 레거시 (2012)
가디언즈 (2012)
레지던트 이블 5 : 최후의 심판 (2012)
미쓰GO (2012)
차형사 (2012)
간첩 (2012)
링컨 : 뱀파이어 헌터 (2012)
토탈 리콜 (2012)
알투비 : 리턴투베이스 (2012)
공모자들 (2012)
회사원 (2012)
루퍼 (2012)
화차 (2012)
이웃사람 (2012)
테이큰 2 (2012)
메리다와 마법의 숲 (2012)
피에타 (2012)
아이스 에이지 4 : 대륙 이동설 (2012)
바람과 함께 사라지다 (2012)
연가시 (2012)
두 개의 문 (2011)
헬로우 고스트 (2010)
배트맨 비긴즈 (2005)
배트맨 포에버 (1995)
기사 윌리엄 (2001)
공공의 적 (2002)
나인 야드 (2000)
헐크 (2003)
28일 후... (2002)
공동경비구역 JSA (2000)
모범시민 (2009)
당신이 잠든 사이에 (1995)
이퀼리브리엄 (2002)
블레이드 III (2004)
블레이드 2 (2002)
블레이드 (1998)
게이머 (2009)
의형제 (2010)
백야행 : 하얀 어둠 속을 걷다 (2009)
가루지기 (2008)
나니아 연대기 : 캐스피언 왕자 (2008)
나니아 연대기 : 사자, 마녀 그리고 옷장 (2005)
전우치 (2009)
잉크하트 : 어둠의 부활 (2008)
아이언맨 2 (2010)
클릭 (2006)
불꽃처럼 나비처럼 (2009)
아빠가 여자를 좋아해 (2009)
용서는 없다 (2009)
미션 투 마스 (2000)
다크 시티 (1998)
대병소장 (2010)
9 : 나인 (2009)
크레이지 (2010)
타이탄 (2010)
닌자 어쌔신 (2009)
모던보이 (2008)
집행자 (2009)
미드소마 (2019)
나이트메어 (1984)
언터처블 (1987)
괴물 (1982)
똑바로 살아라 (1989)
도니 브래스코 (1997)
콘택트 (1997)
로얄 테넌바움 (2001)
파운더 (2016)
아이즈 와이드 셧 (1999)
비포 선라이즈 (1995)
시계태엽 오렌지 (1971)
파고 (1996)
데쓰 프루프 (2007)
재키 브라운 (1997)
좋은 친구들 (1990)
펄프 픽션 (1994)
밀러스 크로싱 (1990)
부기 나이트 (1997)
미지와의 조우 (1977)
이너스페이스 (1987)
갤버스턴 (2018)
트루 로맨스 (1993)
소피의 선택 (1982)
위대한 레보스키 (1998)
도니 다코 (2001)
LA 컨피덴셜 (1997)
사랑의 블랙홀 (1993)
아이스 스톰 (1997)
택시 드라이버 (1976)
러빙 (2016)
빌리지 (2004)
싸인 (2002)
공포의 묘지 (2019)
매직 인 더 문라이트 (2014)
미성년 (2018)
로마 위드 러브 (2012)
어스 (2019)
원더 휠 (2017)
우상 (2017)
더 기프트 (2015)
이퀄스 (2015)
라스트 미션 (2018)
카페 소사이어티 (2016)
내 남자의 아내도 좋아 (2009)
아무도 머물지 않았다 (2013)
환상의 그대 (2010)
바이스 (2018)
레이드 2 (2014)
더 페이버릿: 여왕의 여자 (2018)
비긴 어게인 (2013)
레이드 : 첫번째 습격 (2011)
소림축구 (2001)
조폭 마누라 2 : 돌아온 전설 (2003)
조폭 마누라 (2001)
증인 (2018)
초속 5센티미터 (2007)
언어의 정원 (2013)
한공주 (2013)
라스트 홈 (2014)
원더풀 라디오 (2011)
님은 먼곳에 (2008)
악의 연대기 (2015)
알라딘 (1992)
투 러버스 (2008)
소공녀 (2017)
어 퍼펙트 데이 (2015)
아이, 토냐 (2018)
달라스 바이어스 클럽 (2013)
러시 : 더 라이벌 (2013)
드래그 미 투 헬 (2009)
캐치 미 이프 유 캔 (2002)
디센트 (2005)
모스트 원티드 맨 (2014)
디센던트 (2011)
컨테이젼 (2011)
어톤먼트 (2007)
이민자 (2013)
혹성탈출: 종의 전쟁 (2017)
엑스 마키나 (2015)
밤의 해변에서 혼자 (2016)
프리즈너스 (2013)
나이트 플라이트 (2005)
체실 비치에서 (2017)
이레셔널 맨 (2015)
인히어런트 바이스 (2014)
로봇, 소리 (2015)
재키 (2016)
크로니클 (2012)
와일드 (2014)
인크레더블 2 (2018)
우아한 거짓말 (2014)
그린존 (2010)
서프러제트 (2015)
데몰리션 (2015)
비기너스 (2010)
얼라이드 (2017)
맨 인 더 다크 (2016)
팅커 테일러 솔저 스파이 (2011)
돌연변이 (2015)
소셜포비아 (2014)
해무 (2014)
터널 (2016)
명탐정 코난 : 칠흑의 추적자 (2009)
킹메이커 (2011)
노트북 (2004)
빌리 진 킹: 세기의 대결 (2017)
벼랑 위의 포뇨 (2007)
마더! (2017)
더 문 (2009)
아메리칸 메이드 (2017)
러스트 앤 본 (2012)
매혹당한 사람들 (2017)
엑스맨: 퍼스트 클래스 (2011)
경성학교: 사라진 소녀들 (2015)
제인 도 (2016)
컨저링 2 (2016)
애나벨: 인형의 주인 (2017)
박수건달 (2012)
셰임 (2011)
매기스 플랜 (2015)
내 사랑 (2016)
우주 전쟁 (2005)
프레스티지 (2006)
내 아내의 모든 것 (2012)
남자사용설명서 (2012)
노아 (2014)
녹터널 애니멀스 (2016)
노무현입니다 (2017)
논스톱 (2013)
고질라 (2014)
라이프 (2017)
손님 (2014)
피끓는 청춘 (2013)
덕혜옹주 (2016)
23 아이덴티티 (2016)
글래스 (2018)
특별시민 (2016)
나 홀로 집에 2 - 뉴욕을 헤매다 (1992)
크로우즈 제로 2 (2009)
트라이앵글 (2009)
너의 결혼식 (2018)
카트 (2014)
좋아해줘 (2015)
변산 (2017)
위대한 개츠비 (2013)
악마는 프라다를 입는다 (2006)
크로우즈 제로 (2007)
도가니 (2011)
완득이 (2011)
검은 사제들 (2015)
하울링 (2012)
나는 전설이다 (2007)
트와일라잇 (2008)
런 올 나이트 (2015)
기억의 밤 (2017)
오리엔트 특급 살인 (2017)
침묵 (2017)
킬러의 보디가드 (2017)
아토믹 블론드 (2017)
더 테이블 (2016)
어거스트 러쉬 (2007)
그물 (2016)
파파로티 (2012)
수상한 그녀 (2013)
뷰티 인사이드 (2014)
나 홀로 집에 4 (2002)
푸른소금 (2011)
사이드 이펙트 (2013)
열정같은소리하고있네 (2015)
브레이킹 던 part1 (2011)
커뮤터 (2018)
반드시 잡는다 (2017)
직쏘 (2017)
스텝업3D (2010)
장산범 (2017)
스파이 (2013)
7급 공무원 (2009)
반창꼬 (2012)
협녀, 칼의 기억 (2014)
위험한 상견례 (2011)
더 폰 (2015)
인투 더 스톰 (2014)
내 사랑 내 곁에 (2009)
희생부활자 (2015)
황제를 위하여 (2014)
기술자들 (2014)
리얼 (2017)
우리의 20세기 (2016)
올 더 머니 (2017)
더 랍스터 (2015)
엘리펀트 (2003)
마이클 클레이튼 (2007)
마약왕 (2017)
미스 슬로운 (2016)
국가부도의 날 (2018)
최악의 하루 (2015)
디 아더스 (2001)
탠저린 (2015)
암수살인 (2018)
키드냅 (2017)
아논 (2018)
블랙 위도우 (1986)
홈즈 & 왓슨 (2018)
이스케이프 룸 (2019)
베일리 어게인 (2017)
맨 오브 마스크 (2017)
피아니스트의 전설 (1998)
와일드 테일즈: 참을 수 없는 순간 (2014)
15시 17분 파리행 열차 (2018)
누구나 아는 비밀 (2018)
말모이 (2018)
후드 (2018)
모뉴먼츠 맨 : 세기의 작전 (2013)
곤지암 (2016)
브이아이피 (2016)
월요일이 사라졌다 (2017)
스파이 게임 (2001)
남영동1985 (2012)
모멘텀 (2015)
25시 (2002)
만다라 (1981)
원더풀 고스트 (2018)
프리스테이트 (2016)
목격자 (2018)
책도둑 (2014)
300 : 제국의 부활 (2014)
스페셜포스: 더블 타겟 (2014)
자비로운 날들 (2017)
진주 귀걸이를 한 소녀 (2003)
튤립 피버 (2017)
미녀와 야수 (2017)
올가미 (1997)
젊은 엄마 : 내 나이가 어때서 (2015)
좋지 아니한가 (2007)
석조저택 살인사건 (2017)
마법소녀 (2014)
더 셰프 (2015)
후궁: 제왕의 첩 (2012)
붉은 10월 (1990)
베스트 오퍼 (2013)
천녀유혼 (1987)
투 머더즈 (2013)
투 마더스 (2013)
상의원 (2014)
말레피센트 (2014)
살인의뢰 (2014)
잘 알지도 못하면서 (2008)
그놈 목소리 (2006)
초록물고기 (1997)
보헤미안 랩소디 (2018)
완벽한 타인 (2018)
언노운 걸 (2016)
주홍글씨 (2004)
지금 만나러 갑니다 (2017)
범죄도시2 (2019)
더 넌 (2018)
거울나라의 앨리스 (2016)
바람의 검심 : 교토 대화재편 (2014)
오로라 공주 (2005)
인비저블 게스트 (2016)
대장 김창수 (2017)
로우리스: 나쁜 영웅들 (2012)
이상한 나라의 앨리스 (2010)
혈의 누 (2005)
노다메 칸타빌레 최종악장 (2010)
쿵푸팬더3 (2016)
47미터 (2016)
얼굴없는 미녀 (2004)
내 깡패 같은 애인 (2010)
러브&드럭스 (2010)
붉은 가족 (2013)
아메리칸 셰프 (2014)
외출 (2005)
더 로드 (2009)
시간위의 집 (2016)
그 여자 작사 그 남자 작곡 (2007)
용의자X (2012)
버킷리스트: 죽기 전에 꼭 하고 싶은 것들 (2007)
사관과 신사 (1982)
공공의 적 2013 (2012)
신들의 전쟁 (2011)
너의 췌장을 먹고 싶어 (2017)
고령화 가족 (2013)
아델라인: 멈춰진 시간 (2015)
역모 - 반란의 시대 (2016)
서부전선 (2015)
은밀한 유혹 (2014)
밀애 (2002)
잠깐만 회사 좀 관두고 올게 (2017)
핵소 고지 (2016)
갓 오브 이집트 (2016)
보통사람 (2016)
바람의 검심 : 전설의 최후편 (2014)
짓 (2013)
남과 여 (2015)
일대일 (2014)
강원도의 힘 (1998)
쓰리데이즈 (2010)
아라한 장풍 대작전 (2004)
인턴 (2015)
대부 3 (1990)
블랙 매스 (2015)
불한당: 나쁜 놈들의 세상 (2016)
글루미 선데이 (1999)
레이버 데이 (2013)
죽여주는 여자 (2016)
해빙 (2017)
카멜롯의 전설 (1995)
하트 오브 더 씨 (2015)
고산자, 대동여지도 (2016)
재심 (2016)
워 호스 (2011)
나인 하프 위크 (1986)
페르마의 밀실 (2007)
대결 (2016)
메카닉: 리크루트 (2016)
벤허 (2016)
바벨 (2006)
나의 독재자 (2014)
마담 뺑덕 (2014)
언브로큰 (2014)
오리지날 씬 (2001)
나의 절친 악당들 (2015)
월드워Z 2 (2017)
그레이의 50가지 그림자 (2015)
타이거 마운틴 (2014)
말레나 (2000)
바이 더 씨 (2015)
싸움의 기술 (2005)
씬 시티 (2005)
제보자 (2014)
셀: 인류 최후의 날 (2016)
국가대표2 (2016)
웨스턴 리벤지 (2014)
론 서바이버 (2013)
쓰리데이즈 투 킬 (2014)
중경삼림 (1994)
리미트리스 (2011)
인간중독 (2014)
넘버 3 (1997)
내가 잠들기 전에 (2014)
향수 - 어느 살인자의 이야기 (2006)
나탈리 (2010)
탐정 : 더 비기닝 (2015)
아내가 결혼했다 (2008)
7인의 사무라이 (1954)
창문넘어 도망친 100세 노인 (2013)
스노우 화이트 앤 더 헌츠맨 (2012)
글로리데이 (2015)
실버라이닝 플레이북 (2012)
맘마미아! (2008)
퓨리 (2014)
세 얼간이 (2009)
도리화가 (2015)
꾸뻬씨의 행복여행 (2014)
성난 변호사 (2014)
그 시절, 우리가 좋아했던 소녀 (2011)
보리밭을 흔드는 바람 (2006)
히트 (1995)
리그레션 (2015)
효자동 이발사 (2004)
본 투 비 블루 (2015)
대호 (2015)
드림 하우스 (2011)
북촌방향 (2011)
의뢰인 (2011)
사우스포 (2015)
언페이스풀 (2002)
무사 (2001)
시간 여행자의 아내 (2009)
청춘의 증언 (2015)
특종: 량첸살인기 (2015)
섬 (2000)
몽타주 (2013)
덫: 치명적인 유혹 (2014)
콜로니아 (2015)
뫼비우스 (2013)
치외법권 (2015)
그놈이다 (2015)
13시간 (2016)
하이-라이즈 (2015)
극비수사 (2015)
미쓰 와이프 (2015)
바람 (2009)
소수의견 (2013)
해바라기 (2006)
레전드 오브 타잔 (2016)
5일의 마중 (2014)
음란서생 (2006)
신은 죽지 않았다 2 (2016)
투사부일체 (2006)
말할 수 없는 비밀 (2007)
푸른 산호초 2 (1991)
고스트 버스터즈 (1984)
비포 선셋 (2004)
친구2 (2013)
메카닉 (2011)
허밍버드 (2013)
굿바이 싱글 (2015)
간신 (2014)
성실한 나라의 앨리스 (2014)
연인 (1992)
순수의 시대 (2014)
뜨거운 것이 좋아 (2007)
방자전 (2010)
거친 녀석들 (2007)
슈퍼스타 감사용 (2004)
펜트하우스 코끼리 (2009)
조선마술사 (2015)
오피스 (2014)
장화, 홍련 (2003)
셀프/리스 (2015)
스파이 (2015)
비밀은 없다 (2015)
우아한 세계 (2006)
하노버 스트리트 (1979)
마이웨이 (2011)
디아블로: 어둠의 파수꾼 (2014)
세이프 (2012)
비열한 거리 (2006)
악의 도시 (2015)
사냥 (2016)
다른 나라에서 (2012)
밤과 낮 (2008)
미 비포 유 (2015)
드레스메이커 (2015)
명탐정 코난 : 14번째 표적 (1998)
나랏말싸미 (2018)
명탐정 코난 : 베이커가의 망령 (2002)
명탐정 코난 : 11번째 스트라이커 (2012)
비스트 (2019)
인간, 공간, 시간 그리고 인간 (2017)
롱 리브 더 킹: 목포 영웅 (2018)
샤프트 (2019)
터미널 (2018)
워킹걸 (2014)
돈 (2018)
업사이드 (2017)
김관장 대 김관장 대 김관장 (2006)
슬픔보다 더 슬픈 이야기 (2009)
나이스 가이즈 (2016)
투어리스트 (2010)
모모와 다락방의 수상한 요괴들 (2011)
내 심장을 쏴라 (2014)
픽셀 (2015)
그대 이름은 장미 (2018)
모데카이 (2015)
명탐정 피카츄 (2019)
더 캡틴 (2017)
가시 (2014)
예의없는 것들 (2006)
타인은 지옥이다 (2017)
고질라: 킹 오브 몬스터 (2019)
선희와 슬기 (2018)
콜드 체이싱 (2019)
12번째 솔저 (2017)
라스트 캐슬 (2001)
사바하 (2019)
질투의 역사 (2018)
항거:유관순 이야기 (2019)
자전차왕 엄복동 (2018)
레전드 (2015)
기묘한 가족 (2018)
아이가 커졌어요 (1992)
애들이 줄었어요 (1989)
몬스터 대학교 (2013)
몬스터 주식회사 3D (2001)
아이 엠 어 히어로 (2015)
엽문3: 최후의 대결 (2015)
엽문 2 (2010)
엽문 (2008)
새벽의 황당한 저주 (2004)
뺑반 (2018)
스카우트 (2007)
내안의 그놈 (2018)
목포는 항구다 (2004)
그 해 여름 (2006)
혹성 탈출 (2001)
악질 (2017)
게이샤의 추억 (2005)
천공의 성 라퓨타 (1986)
열쇠 도둑의 방법 (2012)
어쌔신 크리드 (2016)
파커 (2013)
라스트 갓파더 (2010)
조선미녀삼총사 (2013)
YMCA 야구단 (2002)
밤의 여왕 (2013)
퍼펙트 게임 (2011)
우리는 동물원을 샀다 (2011)
정글 (2017)
GP506 (2007)
슈퍼배드 3 (2017)
슈퍼배드 2 (2013)
슈퍼배드 (2010)
일본침몰 (2006)
아이 엠 넘버 포 (2011)
채피 (2015)
플라이트 (2012)
워크래프트: 전쟁의 서막 (2016)
PMC: 더 벙커 (2018)
봄 (2014)
사랑은 비가 갠 뒤처럼 (2018)
드래곤볼 슈퍼: 브로리 (2018)
드래곤볼 Z : 부활의 F (2015)
드래곤볼Z : 신들의 전쟁 (2013)
비정규직 특수요원 (2016)
오션스 13 (2007)
오션스 트웰브 (2004)
로마의 휴일 (2017)
맨 인 블랙 2 (2002)
목숨 건 연애 (2016)
맨 프롬 UNCLE (2015)
에베레스트 (2015)
알라바마 이야기 (1962)
비밀 (2015)
여선생 VS 여제자 (2004)
어메이징 메리 (2017)
오직 그대만 (2011)
셜록 놈즈 (2018)
크리미널 스쿼드 (2018)
살인소설 (2017)
우리는 형제입니다 (2014)
에비에이터 (2004)
미녀 삼총사 : 맥시멈 스피드 (2003)
미녀 삼총사 (2000)
가려진 시간 (2015)
스윙키즈 (2018)
걷기왕 (2016)
빅매치 (2014)
수상한 고객들 (2011)
도어락 (2018)
스티브 잡스 (2015)
영주 (2018)
브리짓 존스의 베이비 (2016)
어느날 (2016)
데몰리션 맨 (1993)
흑기사 중세로 가다 (2001)
경찰서를 털어라 (1999)
나쁜 녀석들 (1995)
늦여름 (2018)
더 그레이 (2012)
프레데터스 (2010)
골드 (2016)
올레 (2016)
식객 : 김치전쟁 (2010)
언스토퍼블 (2010)
꼬마 돼지 베이브 (1995)
프레데터 (1987)
토탈 리콜 (1990)
이레이저 (1996)
나와 봄날의 약속 (2017)
군산: 거위를 노래하다 (2018)
서바이벌 패밀리 (2017)
신이 말하는대로 (2014)
헝거게임 : 판엠의 불꽃 (2012)
오늘의 연애 (2014)
우는 남자 (2013)
계춘할망 (2015)
그날의 분위기 (2015)
일라이 (2010)
6번째 날 (2000)
데스 레이스 (2008)
로보캅 (2014)
예스맨 (2008)
헌터 킬러 (2018)
김종욱 찾기 (2010)
나를 기억해 (2017)
바람 바람 바람 (2018)
투가이즈 (2004)
루시드 드림 (2016)
투모로우랜드 (2014)
마당을 나온 암탉 (2011)
마파도 (2005)
뷰티풀 데이즈 (2018)
두근두근 내 인생 (2014)
첫사랑 사수 궐기대회 (2003)
제5원소 (1997)
범죄의 재구성 (2004)
호랑이보다 무서운 겨울 손님 (2017)
다찌마와 리 - 악인이여 지옥행 급행열차를 타라 (2007)
카운슬러 (2013)
이스케이프 (2015)
스노든 (2016)
레인 오브 파이어 (2002)
허큘리스 (2014)
아빠는 딸 (2016)
마루 밑 아리에티 (2010)
패션왕 (2014)
나니아 연대기 : 새벽 출정호의 항해 (2010)
19곰 테드 (2012)
19곰 테드2 (2015)
춘몽 (2016)
동네사람들 (2017)
디스 민즈 워 (2012)
시간의 주름 (2018)
영웅 (2002)
레슬러 (2018)
7호실 (2017)
당신, 거기 있어줄래요 (2016)
히든 피겨스 (2016)
나의 소녀시대 (2015)
스물 (2014)
스플릿 (2016)
챔피언 (2018)
구스범스: 몬스터의 역습 (2018)
페이스 오프 (1997)
리틀 포레스트 (2018)
오션스8 (2018)
적벽대전 2 : 최후의 결전 (2009)
007 죽느냐 사느냐 (1973)
빠삐용 (1973)
우리의 계절은 (2018)
미니언즈 (2015)
해어화 (2015)
데어데블 (2003)
엘렉트라 (2005)
맨 인 블랙 3 (2012)
피터 래빗 (2018)
가문의 영광 (2002)
고스트 라이더 (2007)
싱글라이더 (2016)
형 (2016)
론 레인저 (2013)
탐정 홍길동: 사라진 마을 (2015)
박화영 (2017)
부라더 (2017)
알로하 (2015)
플랜맨 (2013)
개들의 섬 (2018)
누가 그녀와 잤을까? (2006)
치즈인더트랩 (2017)
보안관 (2016)
로스트 인 스페이스 (1998)
동갑내기 과외하기 (2003)
더 시그널 (2014)
캡틴 하록 (2013)
거룩한 계보 (2006)
머니 토크 (1997)
강남 1970 (2014)
인류멸망보고서 (2011)
다이 하드 3 (1995)
타이탄의 분노 (2012)
작전명 발키리 (2008)
잠복근무 (2005)
허삼관 (2014)
비스티 보이즈 (2008)
신라의 달밤 (2001)
바람의 파이터 (2004)
광복절 특사 (2002)
선생 김봉두 (2003)
원피스 필름 골드 (2016)
원피스 극장판 제트 (2012)
독수리 에디 (2016)
엑스맨 : 최후의 전쟁 (2006)
엑스맨 2 (2003)
이스케이프 플랜 (2013)
더 프레데터 (2018)
업그레이드 (2018)
데스티네이션 (2000)
잭 더 자이언트 킬러 (2013)
시실리 2km (2004)
박수칠 때 떠나라 (2005)
미스터 소크라테스 (2005)
인정사정 볼 것 없다 (1999)
배반의 장미 (2018)
7년의 밤 (2018)
은교 (2012)
호스텔 2 (2007)
호스텔 (2005)
레지던트 이블: 댐네이션 (2012)
스틸 라이프 (2013)
힘을 내요, 미스터 리 (2018)
문 섀도우 (2019)
크롤 (2019)
마담 싸이코 (2018)
50/50 (2011)
베스와 베라 (2018)
해피 데스데이 2 유 (2019)
위험한 독신녀 (1992)
카메라를 멈추면 안 돼! (2017)
안나 (2019)
금발이 너무해 2 (2003)
금발이 너무해 (2001)
인스턴트 패밀리 (2018)
레플리카 (2018)
폴라 (2019)
거꾸로 가는 남자 (2018)
불량소녀, 너를 응원해! (2015)
울프 크릭 2 (2013)
이웃집 스파이 (2016)
미, 마이셀프 앤드 아이린 (2000)
행오버 2 (2011)
행오버 (2009)
서스페리아 (2018)
릴리 슈슈의 모든 것 (2001)
더 독 (2005)
엑소시즘 오브 에밀리 로즈 (2005)
스티그마타 (1999)
원초적 본능 (1992)
가버나움 (2018)
아웃브레이크 (1995)
스트레인저 (1995)
클로이 (2009)
싱 스트리트 (2016)
400 데이즈 (2015)
호텔 뭄바이 (2018)
챔피언스 (2018)
몽정기 2 (2005)
핸드폰 (2009)
17 어게인 (2009)
하트브레이커스 (2001)
당갈 (2016)
세넨툰치 (2010)
아이 엠 마더 (2018)
리쎌 웨폰 (1987)
대니쉬 걸 (2016)
P.S 아이러브유 (2007)
바비를 위한 기도 (2009)
세상의 중심에서 사랑을 외치다 (2004)
러닝 스케어드 (2006)
모든 비밀스러운 것들 (2014)
백 투 더 비기닝 (2014)
갈증 (2014)
엔드 오브 왓치 (2012)
아버지의 깃발 (2006)
가유희사 (1992)
잉투기 (2013)
하류인생 (2004)
패트리어트 : 늪 속의 여우 (2000)
리턴 (2007)
내가 널 사랑할 수 없는 10가지 이유 (1999)
일루셔니스트 (2006)
시간을 달리는 소녀 (2010)
스위치 (2010)
콜롬비아나 (2011)
합격! (2006)
스모킹 에이스 (2006)
행복을 찾아서 (2006)
굿모닝 에브리원 (2010)
트럼보 (2015)
스위밍 풀 (2003)
1408 (2007)
더 트루스 : 무언의 제보자 (2008)
다크맨 (1990)
로스트 하이웨이 (1997)
격돌 (1971)
인사이드 맨 (2006)
하우스 버니 (2008)
카리스마 탈출기 (2005)
노다메 칸타빌레 Vol.1 (2009)
제니, 주노 (2004)
마터스: 천국을 보는 눈 (2008)
CJ7 - 장강7호 (2008)
데자뷰 (2006)
쉘 위 댄스 (1996)
나는 네가 지난 여름에 한 일을 알고 있다 (1997)
맨 인 블랙 (1997)
와일드 차일드 (2008)
어 퓨 굿 맨 (1992)
배드 지니어스 (2017)
12 솔져스 (2018)
더 히트 (2013)
조작된 도시 (2017)
제이콥의 거짓말 (1999)
스워드피쉬 (2001)
바운드 (1996)
몬태나 (2017)
롱 키스 굿나잇 (1996)
다크 엔젤 (1998)
달콤, 살벌한 연인 (2006)
천국보다 아름다운 (1998)
인베이젼 (2007)
프랭크 (2013)
간츠:오 (2016)
에이트 빌로우 (2006)
천국의 아이들 (1997)
원스 어폰 어 타임 인 더 웨스트 (1968)
멋진 인생 (1946)
12명의 성난 사람들 (1957)
석양의 무법자 (1966)
히든 아이덴티티 (2014)
리크루트 (2003)
런어웨이 (2003)
무서운 영화 (2000)
퀸카로 살아남는 법 (2004)
브리짓 존스의 일기 (2001)
블라인드 (2007)
데블 (2010)
오렌지 (2015)
스트롭 에지 (2015)
깨끗하고 연약한 (2013)
하나와 앨리스 (2004)
우리는 밀러 가족 (2013)
혐오스런 마츠코의 일생 (2006)
하나비 (1997)
스윙 걸즈 (2004)
싸이보그 그녀 (2008)
이니시에이션 러브 (2015)
꽃보다 남자 (2008)
데드 사일런스 (2007)
방황하는 칼날 (2014)
지옥의 묵시록 (1979)
거북이는 의외로 빨리 헤엄친다 (2005)
마진 콜 : 24시간, 조작된 진실 (2011)
브레이크다운 (1997)
돌로레스 클레이본 (1995)
더 큐어 (2017)
파이니스트 아워 (2016)
버진 스노우 (2014)
얼라이브 (1993)
21 (2008)
마틸다 (1996)
트레인스포팅 (1996)
스탠 바이 미 (1986)
분노 (2016)
브림스톤 (2016)
멜라니: 인류의 마지막 희망인 소녀 (2016)
모건 (2016)
서바이벌리스트 (2015)
비트 (1997)
톨 맨 (2012)
희망에 빠진 남자들 (2011)
라스트 홀리데이 (2006)
이너프 (2002)
존 말코비치 되기 (1999)
악의 꽃 (1997)
데블스 에드버킷 (1997)
더 팬 (1996)
피아노 (1993)
각설탕 (2006)
킹덤 오브 헤븐 (2005)
플래툰 (1986)
크리미널 (2016)
가디언 (2006)
쏘우 V (2008)
쏘우 4 (2007)
쏘우 3 (2006)
쏘우 2 (2005)
콜럼버스 서클 (2012)
엑스페리먼트 (2010)
환생 (1991)
파이널 데스티네이션 4 (2009)
파이널 데스티네이션 (2006)
검은집 (2007)
기생수 파트2 (2014)
기생수 파트1 (2014)
캐리 (2013)
시간이탈자 (2015)
디스터비아 (2007)
범죄의 여왕 (2016)
이든 레이크 (2008)
유아 넥스트 (2011)
카타콤 : 금지된 구역 (2014)
미스터 브룩스 (2007)
줄리아의 눈 (2010)
베이컨시 (2007)
뱅크잡 (2008)
트랩트 (2002)
레드 드래곤 (2002)
더블 크라임 (1999)
그린 룸 (2015)
천상의 피조물 (1994)
엔젤 하트 (1987)
루인스 (2008)
바톤 핑크 (1991)
오펀: 천사의 비밀 (2009)
럭키 넘버 슬레븐 (2006)
리플리 (1999)
가면의 정사 (1991)
더 도어 (2009)
사일런트 힐 (2006)
이벤트 호라이즌 (1997)
펠론 (2008)
매치스틱 맨 (2003)
머시니스트 (2004)
좀비랜드 (2009)
겟썸 (2008)
더 재킷 (2005)
왓 위민 원트 (2000)
이디오크러시 (2006)
리멤버 타이탄 (2000)
그곳에선 아무도 거짓말을 하지 않는다 (2009)
아메리칸 히스토리 X (1998)
왓 라이즈 비니스 (2000)
언더 워터 (2016)
싸이코 (1960)
타임 랩스 (2014)
레트로액티브 (1997)
크림슨 타이드 (1995)
케이-펙스 (2001)
노킹 온 헤븐스 도어 (1997)
디스커넥트 (2012)
디태치먼트 (2011)
레지던트 이블 3 : 인류의 멸망 (2007)
레지던트 이블 2 (2004)
레지던트 이블 (2002)
그린 마일 (1999)
13구역 : 얼티메이텀 (2009)
디센트: PART2 (2009)
헤드헌터 (2011)
침묵의 목격자 (2013)
도그빌 (2003)
도협 2 - 상해탄도성 (1991)
도협 (1990)
미저리 (1990)
손님은 왕이다 (2006)
로스트 (2012)
더 게임 (1997)
더 바디 (2012)
바닐라 스카이 (2001)
줄무늬 파자마를 입은 소년 (2008)
아이 인사이드 (2003)
프라이멀 피어 (1996)
혜화,동 (2010)
루디 이야기 (1993)
007 북경특급 2 (1996)
패치 아담스 (1998)
대최면술사 (2014)
창수 (2013)
프리퀀시 (2000)
13층 (1999)
집으로 가는 길 (2013)
가문의 영광5 - 가문의 귀환 (2012)
트랜스 시베리아 (2008)
스켈리톤 키 (2005)
나비효과 (2004)
컨빅션 (2010)
데이비드 게일 (2003)
퍼펙트 겟어웨이 (2009)
저스티스 (2012)
바바둑 (2014)
기방도령 (2019)
썸머워즈 (2009)
슬로우 비디오 (2014)
몽키킹 : 손오공의 탄생 (2014)
여름방학 (2013)
미운오리새끼 (2012)
골든슬럼버 (2017)
다운사이징 (2017)
마리안느와 마가렛 (2017)
공범자들 (2017)
킹 아서: 제왕의 검 (2017)
그것: 두 번째 이야기 (2019)
독고다이 (2019)
변신 (2019)
암전 (2018)
더 보이 (2016)
일진 3 (2018)
여곡성 (2018)
용의자X적 헌신 (2017)
연평해전 (2015)
게이트 (2017)
저수지 게임 (2017)
살인소설2: 다시 시작된 저주 (2015)
노크: 초대받지 않은 손님 (2018)
속닥속닥 (2018)
여중생A (2018)
호날두: 세상은 그의 발 아래에 (2014)
태양 아래 (2015)
어떤살인 (2015)
더 플랜 (2017)
업사이드 다운 (2015)
울보 (2015)
사이비 (2013)
짱 (2018)
폭력써클 (2006)
일주일간 친구 (2016)
1급기밀 (2017)
베러 와치 아웃 (2016)
너의 췌장을 먹고 싶어 (2018)
데드 파이트 (2015)
괴물들 (2016)
어린 의뢰인 (2019)
생일 (2018)
언프렌디드: 친구삭제 (2014)
캠 걸스 (2018)
버드 박스 (2018)
우리들의 일기 (2015)
용서받지 못한 자 (2005)
헝거게임 : 모킹제이 (2014)
하루 (2017)
원라인 (2016)
파라노말 액티비티 (2007)
화이트: 저주의 멜로디 (2011)
데자뷰 (2018)
사라진 밤 (2017)
더 타이탄 (2018)
찌라시 : 위험한 소문 (2014)
방가?방가! (2010)
슈렉 3 (2007)
마음이... (2006)
맨발의 기봉이 (2006)
안녕, 형아 (2005)
유열의 음악앨범 (2019)
예스터데이 (2019)
다크 섀도우 (2012)
폭설 (2018)
앱솔루틀리 애니씽 (2015)
버닝 (2019)
블라인드 멜로디 (2018)
더 길티 (2018)
어쩌다, 결혼 (2018)
메리 포핀스 리턴즈 (2018)
갬빗 (2012)
이블 데드 (2013)
크리드 2 (2018)
쇼타임 (2002)
정글쥬스 (2002)
해적, 디스코왕 되다 (2002)
우리 형 (2004)
낭만자객 (2003)
비스티걸스 (2016)
롱 샷 (2019)
진범 (2018)
금붕어, 여자 (2016)
레인 오브 더 수퍼맨 (2019)
걸스 위드 볼스 (2018)
스트리트 파이터 : 춘리의 전설 (2009)
스머프: 비밀의 숲 (2017)
크게 될 놈 (2018)
미스터 쉐프 (2017)
플란다스의 개 (2000)
나를 책임져, 알피 (2004)
배심원들 (2019)
히비키 (2018)
걸캅스 (2018)
캡티브 스테이트 (2018)
나의 특별한 형제 (2018)
숨바꼭질 (2017)
쎈놈 (2019)
트리플 스렛 (2019)
오스틴 파워 (1999)
파이브 피트 (2019)
썬키스 패밀리 (2017)
그린 북 (2018)
A.I. 라이징 (2018)
빌리어네어 보이즈클럽 (2018)
가구야공주 이야기 (2013)
세레니티 (2019)
부시맨 2 (1989)
오만과 편견 그리고 좀비 (2016)
리핑 10개의 재앙 (2007)
헬보이 (2019)
서버비콘 (2017)
더 보이 (2019)
도쿄타워 (2005)
덕수리 5형제 (2014)
아부의 왕 (2012)
내 연애의 기억 (2013)
무도리 (2006)
톱스타 (2013)
요가학원 (2009)
벽 속에 숨은 마법시계 (2018)
리벤져 (2018)
플래닛 헐크 (2010)
천화 (2017)
울언니 (2014)
주노 (2007)
야수 (2006)
나를 차버린 스파이 (2018)
미녀와 야수 (2014)
사다코 대 카야코 (2016)
우리동네 (2007)
노브레싱 (2013)
파르나서스 박사의 상상극장 (2009)
트론 : 새로운 시작 (2010)
로드 투 퍼디션 (2002)
미나문방구 (2013)
킹 아더 (2004)
여배우들 (2009)
크리드 (2015)
호두까기 인형과 4개의 왕국 (2018)
출국 (2018)
거미줄에 걸린 소녀 (2018)
무쌍 (2018)
드래곤 길들이기2 (2014)
황당한 외계인: 폴 (2011)
카우보이의 노래 (2018)
배드 타임즈: 엘 로얄에서 생긴 일 (2018)
맨 온 렛지 (2012)
크리스마스 연대기 (2018)
뮌헨 (2005)
조이 (2015)
맨헌트 (2017)
히야 (2015)
광식이 동생 광태 (2005)
쩨쩨한 로맨스 (2010)
패밀리 맨 (2000)
아이 스파이 (2002)
택시 (1998)
007 여왕 폐하 대작전 (1968)
007 나를 사랑한 스파이 (1977)
007 황금총을 가진 사나이 (1974)
007 다이아몬드는 영원히 (1971)
유령 (1999)
나를 잊지 말아요 (2015)
헤어스프레이 (2007)
피닉스 (2004)
열한번째 엄마 (2007)
만남의 광장 (2007)
소시지 파티 (2016)
역도산 (2004)
오페라의 유령 (2004)
아스테릭스 : 미션 클레오파트라 (2002)
서약 (2012)
패딩턴 2 (2017)
점쟁이들 (2012)
무적자 (2010)
써커 펀치 (2011)
택시 5 (2018)
내 생애 최악의 남자 (2007)
좋은 친구들 (2014)
혈투 (2010)
버티칼 리미트 (2000)
배트맨 (1989)
트랜스포터 (2002)
플라이트 플랜 (2005)
에반 올마이티 (2007)
오드 토머스 (2013)
몬스터 (2003)
마스크 오브 조로 (1998)
메리에겐 뭔가 특별한 것이 있다 (1998)
아이언 마스크 (1998)
베스트 키드 (2010)
페이첵 (2003)
아름다운 청년 전태일 (1995)
프리스트 (2011)
마징가 Z: 인피니티 (2017)
더 인터뷰 (2014)
5백만불의 사나이 (2012)
몬테 크리스토 (2002)
마스크 2 (2005)
그는 당신에게 반하지 않았다 (2009)
스플라이스 (2009)
그날, 바다 (2018)
클레어의 카메라 (2017)
리벤지 (2017)
당신의 부탁 (2017)
스코어: 영화음악의 모든 것 (2016)
요묘전: 레전드 오브 더 데몬 캣 (2017)
수성못 (2017)
하우스 오브 왁스 (2005)
여자, 정혜 (2005)
무간도 II - 혼돈의 시대 (2003)
50가지 그림자: 해방 (2018)
액시던트 맨 (2018)
사과 (2008)
쏘아올린 불꽃, 밑에서 볼까? 옆에서 볼까? (2017)
오늘 밤, 엄마를 찾지 마 (2017)
수어사이드 스쿼드: 헬 투 페이 (2018)
선생님!... 좋아해도 될까요? (2017)
글러브 (2011)
101 달마시안 (1996)
밤은 짧아 걸어 아가씨야 (2017)
천녀유혼 2 - 인간도 (1990)
로건 럭키 (2017)
빅터 프랑켄슈타인 (2015)
운동회 (2016)
엄마의 공책 (2017)
지렁이 (2017)
아이 킬 자이언츠 (2017)
산의 톰씨 (2015)
프라우드 메리 (2018)
원더우먼 스토리 (2017)
위험한 패밀리 (2013)
아스트로 보이 - 아톰의 귀환 (2009)
정글북 (2016)
미션 (1986)
아이언 자이언트 (1999)
영웅본색 2 (1987)
상사부일체 (2007)
개미 (1998)
은장도 (2003)
트릭 (2016)
아메리칸 파이 (1999)
게스트하우스 (2017)
바람이 분다 (2013)
패스파인더 (2007)
고스트 버스터즈 2 (1989)
시티 오브 엔젤 (1998)
봉신연의: 영웅의 귀환 (2016)
원탁의 천사 (2006)
미세스 다웃파이어 (1993)
스탈린이 죽었다! (2017)
두여자 (2010)
좋은 사람 있으면 소개시켜줘 (2002)
돈 존 (2013)
마이티 아프로디테 (1995)
그 후 (2017)
도쿄 맑음 (1997)
마법의 나라 오즈 (1985)
강적 (2006)
더 서클 (2017)
백설공주 (2012)
슈퍼맨이었던 사나이 (2007)
디재스터 아티스트 (2016)
비치 (2000)
그대를 사랑합니다 (2010)
나의 PS 파트너 (2012)
미트 페어런츠 2 (2004)
미인어 (2016)
빨간모자의 진실 2 (2011)
빨간모자의 진실 (2005)
닌자터틀 : 어둠의 히어로 (2016)
기문둔갑 (2017)
백프로 (2013)
소녀X소녀 (2007)
중천 (2006)
숙명 (2008)
스파이더위크가의 비밀 (2008)
스트리트 댄스 (2010)
서기 1년 (2009)
포세이돈 (2006)
플러버 (1997)
스트레스를 부르는 그 이름 직장상사 (2011)
밀리언 웨이즈 (2014)
페인 앤 게인 (2013)
스텝업 4 : 레볼루션 (2012)
은하수를 여행하는 히치하이커를 위한 안내서 (2005)
철의 심장을 가진 남자 (2017)
카모메 식당 (2006)
권순분 여사 납치사건 (2007)
아나콘다 (1997)
아우토반 (2016)
툼 레이더 2 : 판도라의 상자 (2003)
윔블던 (2004)
해변의 여인 (2006)
최강 로맨스 (2006)
누구의 딸도 아닌 해원 (2012)
툼 레이더 (2001)
돈의 맛 (2012)
가을 우체국 (2017)
파리넬리 (1994)
실종2 (2016)
행오버 3 (2013)
덩크 슛 (1992)
거침없이 쏴라! 슛뎀업 (2007)
프로포즈 (2009)
굿 럭 척 (2007)
구세주: 리턴즈 (2017)
순정만화 (2008)
연애 (2005)
백악관을 무너뜨린 사나이 (2017)
넛잡 2 (2017)
국화꽃향기 (2003)
세상에서 가장 아름다운 이별 (2011)
극장전 (2005)
미쓰 홍당무 (2008)
핫칙 (2002)
키리시마가 동아리활동 그만둔대 (2012)
울트라바이올렛 (2006)
드림걸즈 (2006)
거짓말 (2014)
꿈의 제인 (2016)
졸업반 (2016)
스텝포드 와이프 (2004)
위험한 관계 (2012)
블루 라군 - 어웨이크닝 (2012)
그 놈은 멋있었다 (2004)
스텝업 : 올인 (2014)
인연 (1997)
춘향뎐 (2000)
철도원 (1999)
깡철이 (2013)
마이 리틀 히어로 (2012)
분노의 윤리학 (2013)
공범 (2013)
족구왕 (2013)
기다리다 미쳐 (2007)
파리의 한국남자 (2015)
싸움 (2007)
쿵푸요가 (2017)
궁 (2013)
세기말 (1999)
맹부삼천지교 (2004)
마이 파더 (2007)
한반도 (2006)
페이스 메이커 (2011)
노는 계집 창 (1997)
더 킥 (2010)
젠틀맨 리그 (2003)
러블리 본즈 (2009)
발광하는 현대사 (2014)
로망스 (2006)
패시파이어 (2005)
베이트 (2012)
나쁜놈은 죽는다 (2015)
리딕 - 헬리온 최후의 빛 (2004)
불후의 명작 (2000)
트위스터 (1996)
문영 (2015)
블랙 (2005)
쇠파리 (2017)
늑대의 유혹 (2004)
검은 돼지 (2015)
트루맛쇼 (2011)
걸리버 여행기 (2010)
꽃피는 봄이 오면 (2004)
두 남자 (2016)
공정사회 (2012)
스모킹 에이스 2 (2010)
내사랑 싸가지 (2004)
응징자 (2013)
배니싱 트윈 (2000)
레터스 투 줄리엣 (2010)
주글래 살래 (2003)
블루 (2003)
투혼 (2011)
누구나 비밀은 있다 (2004)
약속 (1998)
그레이스 오브 모나코 (2013)
천녀유혼 3 - 도도도 (1991)
세렌디피티 (2001)
아키라 (1988)
도쿄 구울 (2017)
모테키: 모태솔로 탈출기 (2011)
환생 (2003)
나비 (2003)
종려나무숲 (2005)
...ing (2003)
순정 (2015)
오감도 (2009)
맥스 페인 (2008)
헤드 (2011)
쏜다 (2006)
그래, 가족 (2016)
뷰티풀 크리처스 (2013)
마파도 2 (2007)
남자가 사랑할 때 (2014)
신이 보낸 사람 (2013)
귀여운 여인 (1990)
레드카펫 (2013)
행복한 장의사 (2000)
돼지의 왕 (2011)
구름 속의 산책 (1995)
실제상황 (2000)
넘버스 스테이션 (2013)
브릭 맨션: 통제불능 범죄구역 (2014)
라이언 (2016)
엘프 (2003)
거짓말 (1999)
내 사랑 (2007)
더 비지트 (2015)
야간비행 (2014)
유감스러운 도시 (2009)
쓰리 썸머 나잇 (2015)
엘리제궁의 요리사 (2012)
3:10 투 유마 (2007)
리허설 (1995)
냉정과 열정 사이 (2001)
해피 엔드 (1999)
이대로, 죽을 순 없다 (2005)
거미숲 (2004)
결혼은, 미친짓이다 (2002)
안나 카레니나 (2012)
신 고질라 (2016)
다이빙벨 (2014)
우리 선희 (2013)
스톤 (2013)
레드 라이딩 후드 (2011)
프레디 vs. 제이슨 (2003)
록키 5 (1990)
13구역 (2004)
무림여대생 (2008)
날,보러와요 (2015)
묻지마 패밀리 (2002)
된장 (2010)
퀴즈왕 (2010)
로맨틱 헤븐 (2011)
들개 (2013)
핸섬 수트 (2008)
죽여줘! 제니퍼 (2009)
먹고 기도하고 사랑하라 (2010)
오스틴 파워 골드멤버 (2002)
트로픽 썬더 (2008)
뱀파이어와의 인터뷰 (1994)
락 오브 에이지 (2012)
크리스마스 캐롤 (2009)
노리개: 그녀의 눈물 (2012)
더블 (2011)
여배우는 오늘도 (2017)
이웃집 남자 (2009)
시시콜콜한 이야기 (2017)
집나온 남자들 (2009)
이층의 악당 (2010)
우리집에 왜왔니 (2009)
열한시 (2013)
6년째 연애중 (2007)
꽃미남 연쇄 테러사건 (2007)
세븐 파운즈 (2008)
애프터 어스 (2013)
찰스 디킨스의 비밀 서재 (2017)
태양은 없다 (1998)
불량남녀 (2010)
로맨틱 아일랜드 (2008)
구세주 2 (2009)
구세주 (2006)
다찌마와 Lee (2000)
시인의 사랑 (2017)
페르디난드 (2017)
달빛궁궐 (2016)
동창생 (2013)
장기왕: 가락시장 레볼루션 (2016)
마이애미 바이스 (2006)
연인 (2004)
화피 (2008)
록키 발보아 (2006)
하하하 (2010)
퍼펙트 스트레인저 (2007)
버틀러 : 대통령의 집사 (2013)
로맨틱 홀리데이 (2006)
천사와 악마 (2009)
그림스비 (2016)
포제션 : 악령의 상자 (2012)
천일의 스캔들 (2008)
텍사스 전기톱 연쇄살인사건 (2003)
쎄시봉 (2015)
파워레인져스: 더 비기닝 (2017)
배우는 배우다 (2013)
바쿠만 (2014)
자칼이 온다 (2012)
오베라는 남자 (2015)
바이 준 (1998)
라스트 위치 헌터 (2015)
마제스틱 (2001)
베오울프 (2007)
더 퍼지 : 거리의 반란 (2014)
천사몽 (2001)
만신 (2013)
엽기적인 그녀 2 (2015)
디스커버리 (2017)
13 고스트 (2001)
몬스터 (2014)
더 웹툰: 예고살인 (2013)
기담 (2007)
해와 달 (2012)
무서운 이야기 (2012)
무서운 이야기 2 (2013)
체포왕 (2011)
하늘을 걷는 남자 (2015)
드래곤볼 에볼루션 (2009)
적인걸2: 신도해왕의 비밀 (2013)
오늘 (2011)
분홍신 (2005)
사보타지 (2014)
내 머리 속의 지우개 (2004)
작업의 정석 (2005)
뷰티풀 선데이 (2006)
특별수사: 사형수의 편지 (2015)
스노우맨 (2017)
오싹한 연애 (2011)
마법사의 제자 (2010)
머큐리 (1998)
577 프로젝트 (2012)
유리정원 (2017)
퍼펙트 스톰 (2000)
브리짓 존스의 일기 : 열정과 애정 (2004)
덤 앤 더머 투 (2014)
심야식당2 (2016)
셰인 (1953)
슈퍼맨 3 (1983)
슈퍼걸 (1984)
스타워즈: 클론전쟁 (2008)
슈퍼맨 4 : 최강의 적 (1987)
퍼니셔 2 (2008)
프린세스 다이어리 (2001)
걸프렌즈 (2009)
롤러코스터 (2013)
리빙보이 인 뉴욕 (2017)
도리를 찾아서 (2016)
씽 (2016)
아이스 에이지 : 지구 대충돌 (2016)
김광석 (2016)
미씽: 사라진 여자 (2016)
올라프의 겨울왕국 어드벤처 (2017)
허비 첫 시동을 걸다 (2005)
황금나침반 (2007)
감자 심포니 (2008)
티스 (2007)
허브 (2006)
형사: Duelist (2005)
서양골동양과자점 앤티크 (2008)
사랑하기 때문에 (2016)
채비 (2017)
러브, 어게인 (2017)
잡히기만 해봐라 (2016)
고스트 라이더 3D : 복수의 화신 (2012)
영어완전정복 (2003)
동갑내기 과외하기 레슨 II (2007)
장미의 이름 (1986)
동감 (2000)
해프닝 (2008)
살인자 (2013)
보스 베이비 (2017)
개같은 날의 오후 (1995)
위대한 소원 (2015)
오빠 생각 (2015)
마음이2 (2010)
코리아 (2012)
돈 크라이 마미 (2012)
마이펫의 이중생활 (2016)
봉이 김선달 (2015)
라 붐 (1980)
조 블랙의 사랑 (1998)
라비앙 로즈 (2007)
관능의 법칙 (2013)
경주 (2014)
황후花 (2006)
남극의 쉐프 (2009)
블루스톰 (2005)
T2: 트레인스포팅 2 (2017)
내 생애 가장 아름다운 일주일 (2005)
은혼 (2017)
널 기다리며 (2015)
코러스 (2004)
님포매니악 볼륨 2 (2013)
콜드 마운틴 (2003)
포크레인 (2017)
친구와 연인사이 (2011)
사일런스 (2016)
대배우 (2015)
님포매니악 볼륨 1 (2013)
령 (2004)
1724 기방난동사건 (2008)
JFK (1991)
토이 스토리: 공룡 전사들의 도시 (2014)
폴라 익스프레스 (2004)
아폴로 13 (1995)
심슨 가족, 더 무비 (2007)
매디슨 카운티의 다리 (1995)
숲속의 부부 (2017)
리틀 포레스트 2: 겨울과 봄 (2015)
모비딕 (2011)
비밥바룰라 (2018)
여교사 (2015)
패신저스 (2016)
어쌔신: 더 비기닝 (2017)
더 포리너 (2017)
북 오브 러브 (2016)
미옥 (2016)
천하장사 마돈나 (2006)
돌아와요 부산항애(愛) (2017)
크림슨 피크 (2015)
트리플 9 (2015)
10억 (2009)
발레리안: 천 개 행성의 도시 (2017)
이프 온리 (2004)
또 하나의 약속 (2013)
오즈의 마법사 (1939)
캐치미 (2013)
파주 (2009)
연애의 목적 (2005)
평행이론 (2009)
용순 (2016)
흥부: 글로 세상을 바꾼 자 (2017)
리라이프 (2017)
블랙 버터플라이 (2017)
원스 어폰 어 타임... 인 할리우드 (2019)
언더 더 실버 레이크 (2018)
마지막 편지 (2018)
사랑따윈 필요없어 (2006)
맹갑 (2010)
호두까기인형 3D (2010)
행복한 라짜로 (2018)
퀸 오브 하츠 (2019)
데드 위크: 인생마감 7일전 (2018)
스트롱거 (2017)
로스트 인 마운틴 (2017)
수상한 교수 (2018)
피터 팬 (1953)
나의 아름다운 세탁소 (1985)
르누아르 (2012)
나의 가족 나의 도시 (2011)
나의 위대한 친구, 세잔 (2016)
칠드런 액트 (2017)
북클럽 (2018)
몽 가르송 (2017)
청설 (2009)
퍼펙트 타겟 (2019)
돈 워리 (2018)
더 파크랜드 (2013)
화니와 알렉산더 (1982)
제7의 봉인 (1957)
왕과 나 (1956)
사막에서 연어낚시 (2012)
Mr.스타벅 (2011)
이케아 옷장에서 시작된 특별난 여행 (2018)
조 (2018)
파리의 딜릴리 (2018)
아주르와 아스마르 (2006)
로렌스 애니웨이 (2012)
세상을 바꾼 변호인 (2018)
리버 와일드 (1994)
제트 (1969)
노틀담의 꼽추 (1956)
희랍인 조르바 (1964)
쓰리 세컨즈 (2017)
라이온 킹 (2019)
머니 몬스터 (2016)
킬 유어 달링 (2013)
뮤직 박스 (1990)
포스 마쥬어: 화이트 베케이션 (2014)
소오강호 (1990)
누구를 위하여 종은 울리나 (1943)
레이크 (2017)
블랙 47 (2018)
체 게바라: 2부 게릴라 (2008)
체 게바라: 1부 아르헨티나 (2008)
로망 (2019)
원더풀 라이프 (1998)
그리스 (1978)
아이 킬드 마이 마더 (2009)
다운폴 (2004)
욕망이라는 이름의 전차 (1951)
주키퍼스 와이프 (2016)
로지 (2018)
인사이드 잡 (2010)
월 스트리트 : 머니 네버 슬립스 (2010)
몰리스 게임 (2017)
로켓맨 (2019)
씨비스킷 (2003)
파노스와 요르고스 그리고 당나귀 (2015)
러브리스 (2017)
아름다운 세상을 위하여 (2000)
이민자 (2011)
바운티 호 (1984)
인생 후르츠 (2016)
블랙클랜스맨 (2018)
아버지의 이름으로 (1993)
건지 감자껍질파이 북클럽 (2018)
쿠르스크 (2018)
링컨 차를 타는 변호사 (2011)
호밀밭의 반항아 (2017)
부탁 하나만 들어줘 (2018)
B급 며느리 (2017)
에스코바르 (2017)
22 점프 스트리트 (2014)
영광의 날 (2007)
에브리타임 룩 앳 유 (2018)
콜레트 (2018)
비밀과 거짓말 (1996)
허니와 클로버 (2006)
졸업 (1967)
원 데이 (2011)
페르세폴리스 (2007)
더 컴퍼니 맨 (2010)
당신과 함께한 순간들 (2017)
MR.후아유 (2007)
폴란드로 간 아이들 (2018)
80일간의 세계 일주 (1956)
봄날의 곰을 좋아하세요? (2003)
카지노 (1995)
워크 투 리멤버 (2002)
가을로 (2006)
위풍당당 질리 홉킨스 (2016)
언 애듀케이션 (2009)
태양의 제국 (1987)
톰 오브 핀란드 (2017)
충격과 공포 (2017)
헤밍웨이 인 하바나 (2015)
빅토리아 & 압둘 (2017)
스위스 아미 맨 (2016)
마셜 (2017)
어드리프트:우리가 함께한 바다 (2018)
익스토션 (2017)
다키스트 아워 (2017)
맘마미아!2 (2018)
오 루시! (2017)
식구 (2016)
허스토리 (2017)
아이 필 프리티 (2018)
미세스 하이드 (2017)
아일라 (2017)
스탠바이, 웬디 (2017)
마스터마인드 (2016)
안녕, 나의 소녀 (2017)
세라비, 이것이 인생! (2017)
부르고뉴, 와인에서 찾은 인생 (2017)
트립 투 스페인 (2017)
온리 더 브레이브 (2017)
홀로그램 포 더 킹 (2016)
다시... 올래 (2015)
달링 (2017)
나미야 잡화점의 기적 (2017)
오직 사랑뿐 (2016)
세일즈맨 (2016)
삼생삼세 십리도화 (2017)
초행 (2017)
미스 프레지던트 (2017)
MB의 추억 (2012)
벤딩 디 아크: 세상을 바꾸는 힘 (2017)
그들이 진심으로 엮을 때 (2017)
제인 에어 (1996)
로맨스 조 (2011)
예감은 틀리지 않는다 (2017)
노래로 쏘아 올린 기적 (2015)
페니 핀처 (2016)
아티스트 (2011)
파리로 가는 길 (2016)
내일의 안녕 (2015)
사랑에 대한 모든 것 (2014)
7번째 내가 죽던 날 (2017)
송 투 송 (2017)
내가 죽기 전에 가장 듣고 싶은 말 (2017)
반숙소녀 (2016)
너와 100번째 사랑 (2016)
아메리칸 패스토럴 (2016)
이터너티 (2016)
64 파트 1 (2016)
플립 (2010)
헤드윅 (2001)
자백 (2016)
로스트 인 파리 (2016)
댄서 (2016)
레이 (2004)
나는 부정한다 (2016)
지니어스 (2016)
파도가 지나간 자리 (2016)
사랑해, 매기 (2013)
스페이스 비트윈 어스 (2016)
눈길 (2015)
트루스 (2015)
무한대를 본 남자 (2015)
에곤 쉴레: 욕망이 그린 그림 (2016)
디시에르토 (2015)
다가오는 것들 (2016)
플로렌스 (2016)
로얄어페어 (2012)
업 포 러브 (2016)
벅스 라이프 (1998)
카페 6 (2016)
선생님의 일기 (2014)
사랑은 비를 타고 (1952)
호프 스프링즈 (2012)
로렐 (2015)
부모님과 이혼하는 방법 (2015)
하나와 미소시루 (2015)
무드 인디고 (2013)
나의 그리스식 웨딩 2 (2016)
4등 (2014)
최악의 이웃과 사랑에 빠지는 방법 (2015)
글로리아 (2013)
33 (2015)
오 마이 그랜파 (2016)
잡스 (2013)
라스트 탱고 (2015)
마지막 4중주 (2012)
포인트 브레이크 (2015)
브루클린의 멋진 주말 (2014)
가족시네마 (2012)
귀향 (2015)
유스 (2015)
바닷마을 다이어리 (2015)
에브리띵 윌 비 파인 (2015)
어린왕자 (2015)
호텔 르완다 (2004)
쉐프 (2012)
청원 (2010)
극적인 하룻밤 (2015)
스윗 프랑세즈 (2014)
샤인 (1996)
잉글리쉬 페이션트 (1996)
마돈나 (2014)
미라클 벨리에 (2014)
돼지 같은 여자 (2012)
레스트리스 (2011)
블러바드 (2014)
우먼 인 골드 (2015)
러브 앤 머시 (2014)
러덜리스 (2014)
베스트 오브 미 (2014)
스틸 앨리스 (2014)
웨이 백 (2010)
엘리노어 릭비: 그남자 그여자 (2014)
파울볼 (2015)
헬머니 (2014)
장수상회 (2014)
빅 아이즈 (2014)
페이스 오브 러브 (2013)
아버지의 이메일 (2012)
폭풍의 시간 (2018)
그것 (2017)
크레이지, 스투피드, 러브 (2011)
도희야 (2014)
맨 프럼 어스2: 홀로신 (2017)
127시간 (2010)
선택 (2003)
살인마 잭의 집 (2018)
인시디어스 3 (2015)
라스베가스를 떠나며 (1995)
영도 (2014)
잔 다르크 (1999)
거울 속으로 (2003)
마이 뉴 파트너 (2007)
해피 투게더 (2018)
가장 보통의 연애 (2019)
타짜: 원 아이드 잭 (2019)
검우강호 (2010)
가루지기 (1988)
꽃잎 (1996)
독재자 (2012)
무서운 영화 2 (2001)
나의 사랑 나의 신부 (1990)
지.아이. 제인 (1997)
숨바꼭질 (2005)
종횡사해 (1991)
파퍼씨네 펭귄들 (2011)
월드 인베이젼 (2011)
레드 히트 (1988)
너에게 나를 보낸다 (1994)
정무문 (1972)
오프라인 (2008)
데스 위시 (2018)
스승의 은혜 (2006)
알렉산더 (2004)
민우씨 오는 날 (2014)
데드풀 2: 순한맛 (2018)
플래시댄스 (1983)
무수단 (2015)
배트맨 2 (1992)
묵공 (2006)
공공의 적 2 (2005)
꿈은 이루어진다 (2010)
쿼바디스 (1951)
아이스 에이지 2 (2006)
결정적 한방 (2011)
덕구 (2017)
걸스카우트 (2008)
원더 우먼 1984 (2020)
지금 사랑하는 사람과 살고 있습니까? (2007)
더 수어사이드 스쿼드 (2021)
클리프행어 (1993)
코만도 (1985)
나는 공무원이다 (2011)
열혈남아 (2006)
굿모닝 베트남 (1987)
노벰버 맨 (2014)
거짓말을 사랑하는 여자 (2018)
화장 (2014)
모글리 - 정글의 전설 (2018)
나비잠 (2017)
사방지 (1988)
할렐루야 (1997)
돌려차기 (2004)
쿼바디스 (2014)
포스 맨 아웃 (2015)
툴리 (2018)
꿀벌 대소동 (2007)
비우티풀 (2010)
디판 (2015)
필라델피아 (1993)
초콜렛 도넛 (2012)
위켄즈 (2016)
탐욕의 제국 (2013)
어른이 되면 (2018)
런던 프라이드 (2014)
스톤월 (2015)
82년생 김지영 (2019)
러브, 사이먼 (2018)
안녕 히어로 (2016)
스톡홀름 (2018)
어크로스 더 유니버스 (2007)
12명의 죽고 싶은 아이들 (2018)
신 희극지왕 (2019)
언덕길의 아폴론 (2018)
스투버 (2019)
킬러 스쿼드 (2019)
최후의 소녀 (2018)
매니페스토 (2015)
블러드라인 (2018)
바이킹 (1958)
폴라로이드 (2017)
엔젤 오브 마인 (2019)
더 클로브히치 킬러 (2018)
틴 스피릿 (2018)
마리아 칼라스: 세기의 디바 (2017)
강변호텔 (2018)
숫호구 (2012)
시발, 놈: 인류의 시작 (2016)
말로는 힘들어 (2012)
파란입이 달린 얼굴 (2015)
한낮의 피크닉 (2018)
화이트 보이 릭 (2018)
집에 돌아오면, 언제나 아내가 죽은 척을 하고 있다 (2018)
와인 컨트리 (2019)
레드 씨 다이빙 리조트 (2019)
라이드 어롱 (2014)
내 남자 사용법 2 (2014)
캅 카 (2015)
커런트 워 (2017)
퍼스널 이펙츠 (2009)
금홍아 금홍아 (1995)
비뚤어진 집 (2017)
보이스 프롬 더 스톤 (2017)
미워도 다시 한번 (1968)
5 to 7 (2014)
나이트 테러 (2017)
애나벨 집으로 (2019)
피의 연대기 (2017)
48+1 (1995)
산타모니카 인 러브 (2014)
톨킨 (2019)
드래그 (2018)
아더후드 (2019)
사랑의 노예 (2016)
위로공단 (2014)
게임나이트 (2018)
레이디 인 더 워터 (2006)
단지 세상의 끝 (2016)
나는 사랑과 시간과 죽음을 만났다 (2016)
아틀란티스 (2001)
휴게소 (2016)
포커스 (2015)
귀신의 향기 (2019)
엠마뉴엘 2 (1975)
죽는 자를 위한 기도 (1987)
레이서 앤 제일버드 (2017)
트론 (1982)
자유부인 (1956)
쇼콜라 (2016)
글로리아 벨 (2018)
간디 (1982)
버려진 자들의 땅 (2016)
블랙코드 (2015)
비포 더 플러드 (2016)
진실 (1994)
서홍시수부 (2018)
사랑은 너무 복잡해 (2009)
스니커즈 (1992)
나의 딸, 나의 누나 (2015)
런던 필드 (2018)
몬몬몬 몬스터 (2017)
꿈보다 해몽 (2014)
육혈포강도단 (2010)
다우더 (2014)
돈키호테를 죽인 사나이 (2018)
왓 어 원더풀 패밀리! 3: 마이 와이프, 마이 라이프 (2018)
동경가족 : 두 번째 이야기 (2016)
우리 사이 어쩌면 (2019)
나의 마더 (2019)
오래된 정원 (2006)
어메이징 그레이스 (2006)
겨울 여자 (1977)
미스 영의 행방 (1975)
0.0MHz (2018)
오버로드 (2018)
성공시대 (1988)
황진이 (1986)
라스트 페이스 (2016)
더 프로페서 앤 더 매드맨 (2019)
베케이션 (2015)
노스 컨츄리 (2005)
삼공일 삼공이 (1995)
일구사이 (2012)
키싱 부스 (2018)
엄청나게 시끄럽고 믿을 수 없게 가까운 (2011)
지구 최후의 밤 (2018)
스쿠프 (2006)
룩 어웨이 (2018)
당신자신과 당신의 것 (2016)
어벤지먼트 (2019)
스킨 트레이드 (2014)
뱀파이어 (2011)
컷뱅크 (2014)
안개 속 소녀 (2017)
우묵배미의 사랑 (1990)
악마 군단 (1987)
소울 키친 (2009)
노멀 하트 (2014)
내가 사랑했던 모든 남자들에게 (2018)
하이 아트 (1998)
마리아 (2019)
빌리 린의 롱 하프타임 워크 (2016)
셰익스피어 인 러브 (1998)
와일드 카드 (2014)
더 더트 (2019)
삼포가는 길 (1975)
원점 (1967)
화씨 11/9: 트럼프의 시대 (2018)
행잉록에서의 소풍 (1975)
틴틴 : 유니콘호의 비밀 (2011)
파이터 (2010)
경계선 (2018)
피버 피치 (1997)
언더 파이어 (2017)
미스컨덕트 (2016)
그녀의 인생은 잘못이 없어 (2017)
파이널 포트레이트 (2017)
럭키 원스 (2008)
난폭한 기록 (2019)
발광하는 현대사 (2019)
1919 유관순 (2019)
코만도 레알 (2018)
프라이스리스 (2006)
그때 그들 (2018)
트레이터 (2016)
프린세스 브라이드 (1987)
데블스 더블 (2011)
마카담 스토리 (2015)
케사리 (2019)
무스탕: 랄리의 여름 (2015)
지랄발광 17세 (2016)
월 스트리트 (1987)
누드 모델 (1991)
나의 사촌 비니 (1992)
스트레스를 부르는 그 이름 직장상사 2 (2014)
리포 맨 (2010)
내 생애 최고의 데이트 (2004)
유로트립 (2004)
U 턴 (1997)
마더스 데이 (2010)
그때는 그에게 안부 전해줘 (2007)
위 워 솔저스 (2002)
윈드토커 (2002)
킹덤 (2007)
프라미스드 랜드 (2012)
쥬랜더 리턴즈 (2016)
열두명의 웬수들 (2003)
해피 피트 2 (2011)
바니버디 (2011)
메트로폴리스 (1927)
올 이즈 로스트 (2013)
왕이 되려던 사나이 (1975)
매직 아워 (2008)
워터 포 엘리펀트 (2011)
마니 (1964)
샹하이 눈 (2000)
웨딩 크래셔 (2005)
스티브 지소와의 해저생활 (2004)
카 (2006)
80일간의 세계 일주 (2004)
미트 페어런츠 3 (2010)
미트 페어런츠 (2000)
빌 머레이의 맥스군 사랑에 빠지다 (1998)
인턴쉽 (2013)
터키 (2013)
날 미치게하는 남자 (2005)
업라이징 (2001)
결혼하고도 싱글로 남는 법 (2006)
타인의 취향 (2000)
해피리 에버 애프터 (2004)
귀향, 끝나지 않은 이야기 (2017)
배드 맘스 (2016)
소리굽쇠 (2014)
주리 (2012)
조금만 더 가까이 (2010)
조슈아 (2007)
타잔 (1999)
빅 마마 하우스 (2000)
25살의 키스 (1999)
내니맥피 : 우리 유모는 마법사 (2005)
스트레인저 : 무황인담 (2007)
발렛 (2006)
사랑해, 말순씨 (2005)
완벽한 그녀에게 딱 한가지 없는 것 (2004)
뜨거운 오후 (1975)
피콕 (2010)
밍크코트 (2011)
미스터 빈의 홀리데이 (2007)
제5계급 (2013)
한 번 더 해피엔딩 (2014)
래기스 (2014)
트레이드 (2007)
스노우 워커 (2003)
포세이돈 어드벤쳐 (1972)
더 프린스 (2014)
윈 윈 (2011)
더 웨이, 웨이 백 (2013)
환타지아 2000 (1999)
아담스 패밀리 (1991)
톨스토이의 마지막 인생 (2009)
블러드 심플 (1984)
더 저지 (2014)
듀 데이트 (2010)
환상의 발라드 (1987)
고티카 (2003)
채플린 (1992)
온리 유 (1994)
도망자 2 (1998)
내 이야기!! (2015)
일급 살인 (2010)
레인 오버 미 (2007)
박사가 사랑한 수식 (2005)
아버지와 이토씨 (2016)
마고리엄의 장난감 백화점 (2007)
우행록: 어리석은 자의 기록 (2016)
인투 더 와일드 (2007)
첫눈 (2007)
내 첫사랑을 너에게 바친다 (2009)
풀 스피드 (2016)
히로인 실격 (2015)
오늘 밤, 로맨스 극장에서 (2018)
철벽선생 (2018)
오늘, 사랑을 시작합니다 (2012)
연애 징크스!!! (2013)
고교데뷔 (2010)
치하야후루 상편 (2016)
우리들이 있었다 전편 (2011)
더 룸 (2019)
포겟 미 낫 (2015)
하나미즈키 (2010)
핫 로드 (2014)
에노시마 프리즘 (2013)
L·DK (2014)
사쿠라다 리셋 전편 (2017)
근거리 연애 (2014)
쿠로사키군의 말대로는 되지않아 (2016)
모라토리움기의 다마코 (2013)
너에게 밖에 들리지 않아 (2007)
사탄의 인형 (2019)
라이드 (2018)
3D 여자친구 리얼 걸 (2018)
애드 아스트라 (2019)
오큘러스 (2013)
데이브레이커스 (2009)
백컨트리 - 야생곰의 습격 (2014)
노루귀꽃 (2017)
하드 캔디 (2006)
마을에 부는 산들바람 (2007)
비밀의 아코짱 (2012)
그날 본 꽃의 이름을 우리는 아직 모른다 (2013)
반딧불이의 묘 (1988)
피치걸 (2017)
4월은 너의 거짓말 (2016)
한낮의 유성 (2017)
평일 오후 3시의 연인 (2017)
눈의 꽃 (2018)
47미터 2 (2019)
풀 메탈 자켓 (1987)
날아라 허동구 (2006)
10 바이 10 (2018)
태평륜 (2014)
디 엔드? (2017)
8년에 걸친 신부 (2017)
너에게 닿기를 (2010)
츠나구 (2012)
죠시즈 (2014)
요노스케 이야기 (2013)
독수리 오형제 (2013)
그곳에서만 빛난다 (2013)
립반윙클의 신부 (2016)
물에 빠진 나이프 (2016)
하프웨이 (2008)
그녀는 거짓말을 너무 사랑해 (2013)
리버스 엣지 (2018)
헬터 스켈터 (2012)
앱 (2013)
치어 댄스 (2017)
착신아리 (2003)
메종 드 히미코 (2005)
더 킬러: 소녀살인 (2016)
네번째 층 - 어느날 갑자기 두번째 이야기 (2006)
캐리어스 (2009)
케이스 39 (2009)
호텔 아르테미스 (2018)
친애하는 우리 아이 (2017)
자투라 : 스페이스 어드벤쳐 (2005)
꼬마 유령 캐스퍼 (1995)
플로리스 (2007)
리턴 투 센더 (2015)
어른도감 (2017)
극장판 짱구는 못말려: 아뵤! 쿵후보이즈 ~라면 대란~ (2018)
미래의 미라이 (2018)
소녀, 하늘을 날다! (2017)
그 아이의, 포로 (2018)
P와 JK (2017)
마멀레이드 보이 (2018)
각오는 됐나, 거기 여자 (2018)
셀룰러 (2004)
노 굿 디드 (2014)
타워 하이스트 (2011)
마음이 외치고 싶어해 (2017)
잡아야 산다 (2015)
블러드 파더 (2016)
남남북녀 (2003)
여자 전쟁: 봉천동 혈투 (2016)
여자 전쟁: 이사 온 남자 (2016)
인투 더 포레스트 (2015)
스네이크 온 어 플레인 (2006)
섬. 사라진 사람들 (2015)
여자들 (2016)
도망자 (2011)
콜로니: 지구 최후의 날 (2013)
코드네임 : 콜드 워 (2016)
시절인연 (2013)
맨홀 (2014)
갓파쿠와 여름방학을 (2007)
마녀 배달부 키키 (1989)
라스트 에어벤더 (2010)
어느 하녀의 일기 (2015)
매직 마이크 (2012)
매직 마이크 XXL (2015)
드라이브 앵그리 3D (2011)
아주 긴 변명 (2016)
소녀괴담 (2014)
미래를 걷는 소녀 (2008)
소녀 (2013)
애프터 라이프 (2009)
톰보이 리벤저 (2016)
서툴지만, 사랑 (2014)
7번째 아들 (2014)
그녀를 믿지 마세요 (2004)
너는 펫 (2011)
진격의 거인 파트 1 (2015)
도쿄! (2008)
핫 퍼슈트 (2015)
헤이츠 (2012)
엠마 (1996)
사죄의 왕 (2013)
프릭스 (2002)
결혼전야 (2013)
도망자 (1993)
윗치 마운틴 (2009)
전설의 고향 (2007)
리스트 (2013)
라이트 아웃 (2016)
다크 스트레인저 (2015)
트루스 어바웃 엠마누엘 (2013)
아이다호 (1991)
어썰트 13 (2005)
하이 레인 (2009)
킬 커맨드: 드론의 습격 (2016)
47 로닌 (2013)
마이 블랙 미니드레스 (2011)
마법에 걸린 사랑 (2007)
파이널크루 : 칸우 탈출작전 (2016)
콜로설 (2016)
티끌모아 로맨스 (2011)
러브레이스 (2012)
딥워터 호라이즌 (2016)
네버 렛미고 (2010)
너브 (2016)
양지의 그녀 (2013)
썸니아 (2015)
좋은 날 (2014)
최후의 Z (2015)
애월 (2019)
데드 돈 다이 (2019)
우리들의 헤어진 여자친구 (2013)
마 (2019)
욕 (2011)
박치기! LOVE & PEACE (2007)
얼굴들 (2017)
재꽃 (2016)
나만 없어 고양이 (2019)
더 퍼지 (2013)
더 리치 (2014)
안녕 베일리 (2019)
미이라 리턴즈 (2019)
조난자들 (2013)
사랑을 놓치다 (2006)
로맨틱 정글 (2011)
인어전설 (2016)
김복동 (2019)
아웃로 킹 (2018)
왓칭 (2019)
막다른 골목의 추억 (2018)
원펀치 (2019)
예수보다 낯선 (2018)
아틱 (2018)
히치하이크 (2017)
더 웨이 홈 (2019)
하이웨이맨 (2019)
내가 사는 세상 (2018)
왕이 될 아이 (2019)
알파 : 위대한 여정 (2018)
배틀타임트랩: 초시공간여행 (2017)
엘리자베스 하베스트 (2018)
어바웃 슈미트 (2002)
크레이지 리치 아시안 (2018)
미스터 주(가제) (2018)
퍼 (2006)
임을 위한 행진곡 (2018)
거인 (2014)
콜드 스킨 (2017)
늑대의 어둠 (2018)
킹메이커: 선거판의 여우 (2020)
프릭스 오브 네이처 (2015)
구미호 가족 (2006)
무릎과 무릎사이 (1984)
사탄의 베이비시터 (2017)
미드나잇 선 (2017)
언세인 (2018)
메소드 (2017)
튼튼이의 모험 (2017)
우리 지금 만나 (2018)
요로나의 저주 (2019)
내 완벽한 남사친의 비밀 (2016)
나는 악마를 사랑했다 (2019)
커플즈 (2011)
오목소녀 (2018)
미드나잇 맨 (2016)
노무현과 바보들 (2019)
비질란테 (2018)
무법자와 천사들 (2016)
파랑주의보 (2005)
계약연애 (2013)
천재탐정 미타라이: 살인사건의 진실 (2016)
말레피센트 2 (2019)
사무라이 검신 (2018)
주전장 (2018)
엘 시드 (1961)
에너미 라인스 (2001)
말리와 나 (2008)
카 2 (2011)
채식주의자 (2009)
돌이킬 수 없는 (2010)
그림형제 : 마르바덴 숲의 전설 (2005)
길 (2017)
시작은 키스 ! (2011)
7년-그들이 없는 언론 (2016)
네번의 결혼식과 한번의 장례식 (1994)
빅 (2016)
트래쉬 (2014)
뱀파이어 해결사 (1992)
리쎌 웨폰 4 (1998)
러브 & 디스트러스트 (2010)
미스터 하이네켄 (2015)
아메리칸 울트라 (2015)
매스커레이드 호텔 (2018)
터치 (2012)
텐: 시크릿 미션 (2017)
나쁜 산타 2 - 크리스마스엔 진짜 산타가 될까요 (2016)
페이스 (2004)
태양을 쏴라 (2014)
사랑이 무서워 (2011)
위대한 비밀 (2011)
두개의 빛: 릴루미노 (2017)
집결호 (2007)
와일드 씽 3 썸머 비치 (2000)
하프 라이트 (2006)
더 로프트 : 비밀의 방 (2014)
섹슈얼 라이프 (2005)
아웃사이더 (2013)
내일을 향해 쏴라 (1969)
정사 (1998)
맨하탄 녹턴 (2016)
아메리칸 로맨스: 블러디 허니문 (2016)
세인트 빈센트 (2014)
고잉 인 스타일 (2017)
언더 서스피션 (2000)
파이브 건스 (2001)
메디엄 (2009)
파라노이아 (2013)
88분 (2007)
아머드 (2009)
행맨 (2017)
스타게이트 (1994)
태백산맥 (1994)
벤트: 마약의 도시 (2018)
세크리테리엇 (2010)
써드 퍼슨 (2013)
특수기동대 3: 언더 시즈 (2017)
인 더 컷 (2003)
달마야 놀자 (2001)
굿 셰퍼드 (2005)
페이퍼보이 : 사형수의 편지 (2012)
아워 바디 (2018)
벌새 (2018)
흔들리는 물결 (2015)
쿠미코, 더 트레저 헌터 (2014)
그랜드 파더 (2016)
리버럴 아츠 (2012)
모래와 안개의 집 (2003)
레스큐 던 (2006)
후라이드 그린 토마토 (1992)
후아유 (2002)
인게이지먼트 (2004)
스탠바이 캅 (2010)
빙봉협: 중생지문 (2013)
정육점의 비밀 (2003)
트랜스포터 엑스트림 (2005)
무덤의 수호자 (2018)
홍길동의 후예 (2009)
러브픽션 (2011)
트랜스포터 : 라스트 미션 (2008)
배드 브로맨스 (2015)
분노의 핑퐁 (2007)
터네이셔스 D (2006)
알카트라즈 탈출 (1979)
아더라이프 (2017)
세기의 매치 (2014)
필립모리스 (2009)
패밀리 (2002)
제 7기사단 (2015)
피치 퍼펙트: 언프리티 걸즈 (2015)
성난 화가 (2014)
권법형사 : 차이나타운 (2015)
적도 (2014)
무협 (2011)
미안해, 고마워 (2011)
메가마인드 (2010)
더 펜션 (2017)
디테일스 (2011)
네버엔딩스토리 (2011)
이리 (2008)
우유시대 (2010)
복숭아나무 (2012)
키다리 아저씨 (2004)
가상 현실 (1995)
지붕 위의 바이올린 (1971)
일진 시즌 2: 도깨비 (2019)
나이트메어 (2010)
바보선언 (1983)
코다크롬 (2017)
케이블 가이 (1996)
샹하이 나이츠 (2003)
페일 세이프 (2000)
수면의 과학 (2006)
풀잎들 (2018)
경의선 (2006)
비밀애 (2009)
M (2007)
이재수의 난 (1999)
은하비디오 (2015)
메모리즈 (2019)
방 안의 코끼리 (2015)
너와 극장에서 (2017)
인어의 유혹 (2001)
스쿠비 두 (2002)
킹콩 (1933)
도마 안중근 (2004)
두 여자 이야기 (1994)
언니가 간다 (2006)
마일스 (2015)
땡스 포 쉐어링 (2012)
올리버 스톤의 킬러 (1994)
솔로이스트 (2009)
스캐너 다클리 (2006)
이누야샤 - 천하패도의 검 (2003)
귀천도 (1996)
브라보 마이 라이프 (2007)
업사이드 다운 (2012)
위대한 유산 (1998)
오! 해피데이 (2003)
세인트 (1997)
시티오브엠버 : 빛의 도시를 찾아서 (2008)
괴물들이 사는 나라 (2009)
스플래시 (1984)
히든 카드 (2013)
레이디스 나잇 (2017)
타미 (2014)
하우 투 비 싱글 (2016)
영웅본색 4 (2018)
나는 아빠다 (2010)
짐승 (2010)
제미니 맨 (2019)
아이 인 더 스카이 (2015)
로슈포르의 숙녀들 (1967)
레이디호크 (1985)
위도우즈 (2018)
블루 루인 (2013)
크리스틴 (2016)
위 고 온 (2016)
세상 끝에서 우리는 (2017)
아이즈 오브 마이 마더 (2016)
레저 시커 (2017)
디투어 (2016)
파드레 (2018)
K-19 위도우메이커 (2002)
흔적 없는 삶 (2017)
번 애프터 리딩 (2008)
그린 인페르노 (2015)
타임루프 : 벗어날 수 없는 (2017)
여명의 기도 (2017)
저주받은 아이 (2017)
타우 (2018)
우리 사이의 거대한 산 (2017)
사탄의 숭배자 (2017)
애인이 사이코패스일 때 나에게 생기는 일 (2018)
시베리아 (2018)
유 돈 노우 잭 (2010)
좀비버 (2014)
페어게임 (2010)
최면 전문의 (2012)
영혼의 카니발 (1962)
데드 버드 (2004)
더 몬스터 (2016)
어머니 (1926)
유목민들 (1986)
쉘터 (2010)
하울 (2015)
인 어 밸리 오브 바이얼런스 (2015)
베링 더 엑스 (2014)
사이렌 (2017)
보살핌의 정석 (2016)
체스의 여왕 (2016)
다크니스 (2016)
디 엔드 오브 더 투어 (2015)
신시내티 잡 (2016)
생존자들 (2014)
하드카바 (1989)
서클 (2015)
더 베이 (2012)
데드 룸 (2015)
스트레치 (2014)
더 위치 (2015)
텍사스 전기톱 연쇄살인사건 3D (2012)
헤밍웨이와 겔혼 (2012)
아더 사이드 오브 도어: 악령의 문 (2016)
짐과 앤디의 인생과 연기 사이 (2017)
킬링 그라운드 (2016)
더 포킵시 테잎스 (2007)
배트맨과 할리 퀸 (2017)
래디우스 (2017)
브릭스비 베어 (2017)
1922 (2017)
투 더 본 (2017)
다크 밸리 (2014)
샷 콜러 (2017)
아웃레이지 파이널 (2017)
백스태빙 포 비기너스 (2018)
더 시크릿 하우스 (2017)
더 마우스 (2017)
스너프 102 (2007)
서브머전스 (2017)
텍사스 전기톱 학살 (1974)
북 오브 헨리 (2017)
리추얼 - 숲속에 있다 (2017)
5150 엘름스 웨이 (2009)
더 홀 트루스 (2015)
나쁜 산타 (2003)
국가의 탄생 (2016)
크루서픽션:악령의 재림 (2017)
위스키 탱고 폭스트롯 (2016)
카니지 파크 (2016)
더 레이디 인 더 밴 (2015)
더 베일 (2016)
앵커맨 (2004)
비디오드롬 (1983)
피의 피에로 (1990)
테일 라이트 (1992)
키퍼스 (2018)
스테이크 랜드 (2010)
인필트레이터 : 잠입자들 (2016)
퍼펙트 머더 (1998)
글렌게리 글렌 로스 (1992)
굿 메리지 (2014)
내 마음을 벗어난 시간 (2014)
하드코어 헨리 (2015)
킬링 소프틀리 (2012)
시크릿 인 데어 아이즈 (2015)
더 트러스트 (2016)
미스터 홈즈 (2015)
넘버 23 (2007)
무게 (2012)
브라더스 (2009)
아브릴과 조작된 세계 (2015)
블리드 포 디스 (2016)
이그잼 (2009)
갤럭시 퀘스트 (1999)
브룩클린스 파이니스트 (2009)
디 아더 맨 (2008)
더 포저 (2014)
범죄도시 (2008)
크로싱 오버 (2009)
모스맨 (2002)
붉은 거북 (2016)
블레어 위치 (2016)
픽포켓 (2012)
제로법칙의 비밀 (2013)
사랑은 타이핑 중! (2012)
워터 디바이너 (2014)
다크 플레이스 (2014)
선샤인 클리닝 (2008)
블루 벨벳 (1986)
마다가스카의 펭귄 (2014)
드래프트 데이 (2014)
내 인생의 마지막 변화구 (2012)
브릭 (2005)
초(민망한)능력자들 (2009)
베니싱 (2010)
스페셜 포스 (2011)
나이트폴 (2012)
더 레이븐 (2012)
인시디어스: 두번째 집 (2013)
신해혁명 (2011)
솔로몬 케인 (2009)
콜드 라잇 오브 데이 (2012)
사일런스 (2019)
크로노스 (1993)
신궁 (1979)
먹고 기도하고 죽여라 (2014)
151경기 (2014)
헌터스 프레어 (2017)
위시 어폰2: 저주의 주문 (2016)
위시 어폰 (2017)
엑기 (1981)
하라키리 (1962)
충신장 : 47인의 자객 (1962)
황혼의 사무라이 (2002)
더 캐쳐 워즈 어 스파이 (2018)
바탈리언 (1985)
스페이스 카우보이 (2000)
메란타우 (2009)
실종: 비밀의 소녀 (2017)
사파이어 (2012)
뮤직 네버 스탑 (2011)
바람의 검, 신선조 (2002)
아르고 황금 대탐험 (1963)
이레이저 헤드 (1977)
웨이크필드 (2016)
패딩턴 (2014)
버니 (2011)
마스터 앤드 커맨더: 위대한 정복자 (2003)
빅픽처 (2010)
다음 침공은 어디? (2015)
브레이크다운 (2016)
도어스 (1991)
벨벳 골드마인 (1998)
레전드 인 더 스카이 (2018)
프랙처드 (2019)
블랙 독 (1998)
브레이킹 배드 무비: 엘 카미노 (2019)
라파예트 (2006)
라 멜로디 (2017)
런치박스 (2013)
늑대의 살갗 아래 (2017)
투와이스 본 (2012)
블루룸 (2014)
마인 (2016)
끝에서 시작되다 (2017)
밤에 우리 영혼은 (2017)
제럴드의 게임 (2017)
아워즈 (2013)
라자루스 프로젝트 (2008)
스컬스 (2000)
폰 샵 클로니클스 (2013)
비히클 19 -폴 워커 마지막 질주 (2013)
K2 (1991)
운명의 산 낭가 파르밧 (2010)
더 홈즈맨 (2014)
씬 레드 라인 (1998)
스트레인저랜드 (2015)
수부라 게이트 (2015)
지상최대전투:갈리폴리 (2013)
얼리전스 (2011)
그들이 아버지를 죽였다 (2017)
쉘부르의 우산 (1964)
우리에게 내일은 없다 (1967)
태양은 가득히 (1960)
더 와이프 (2017)
욕망의 대지 (2008)
조지아 룰 (2007)
어바웃 어 보이 (2002)
사랑 후에 남겨진 것들 (2008)
시크릿 (2012)
워 머신 (2017)
갱스터 스쿼드 (2013)
스팅 (1973)
아웃 오브 더 퍼니스 (2013)
디어 헌터 (1978)
남아있는 나날 (1993)
마담 프루스트의 비밀정원 (2013)
휘트니 (2018)
샌드 캐슬 (2016)
벨벳 버즈소 (2019)
어거스트: 가족의 초상 (2013)
체인징 레인스 (2002)
야망의 함정 (1993)
트윈스터즈 (2015)
홈프론트 - 하드액션 (2013)
블리딩 스틸 (2017)
맨 오브 타이 치 (2013)
정글리 (2019)
람보 : 라스트 워 (2019)
비지니스 맨 (2012)
마하르쉬 (2019)
엔젤 해즈 폴른 (2019)
앵그리버드 더 무비 (2016)
레고 배트맨 : 더 무비 (2013)
더 워리어: 돌아온 전사 (2018)
공수작전 (2016)
스트로우 독스 (2011)
명탐정 코난: 감청의 권 (2019)
극장판 엉덩이 탐정: 화려한 사건 수첩 (2019)
시라노 (1990)
마지막 액션 히어로 (1993)
라라 선샤인 (2008)
명량: 회오리 바다를 향하여 (2015)
맨? (1995)
청춘만화 (2006)
사라진 여인 (1938)
화이트아웃 (2009)
Re: 제로부터 시작하는 이세계 생활 메모리 스노우 (2018)
원더랜드 (2019)
레드슈즈 (2019)
더 헌팅 (1999)
퀴즈쇼 (1994)
펀치레이디 (2007)
내 청춘에게 고함 (2006)
블룸형제 사기단 (2008)
고스트 맘마 (1996)
찜 (1998)
네온 속으로 노을지다 (1995)
레이크 하우스 (2006)
가필드 (2004)
에브리데이 (2018)
몬스터 호텔 3 (2018)
이토 준지의 공포의 물고기 (2012)
양자탄비 (2010)
이별의 아침에 약속의 꽃을 장식하자 (2018)
옷코는 초등학생 사장님! (2018)
극장판 울려라! 유포니엄 ~전하고 싶은 멜로디~ (2017)
카고 (2017)
뮤턴트 워 (2018)
지옥화 (2014)
아오 오니 (2017)
챔프 (2011)
퇴마전: 마령검의 비밀 (2015)
직지코드 (2017)
그렌델 (2016)
미시카: 어 퀘스트 포 히어로즈 (2014)
인 드림스 (1999)
리차드 3세 (1995)
스피시즈 (1995)
키스의 전주곡 (1992)
붓다 : 싯다르타 왕자의 모험 (2011)
인랑 (1999)
워킹 톨 (2004)
유, 미 앤 듀프리 (2006)
퍼펙트 웨딩 (2005)
핑크 팬더 (2006)
런, 팻 보이, 런 (2007)
버드케이지 (1996)
피구의 제왕 (2004)
아메리칸 스윗하트 (2001)
미스테리 맨 (1999)
셀러브리티 (1998)
눈부신 하루 (2005)
러브 이즈 매직 (1999)
주드 로의 첫사랑 (1998)
레이징 헬렌 (2004)
쇼핑걸 (2005)
바운스 (2000)
나, 너 그리고 우리 (2005)
빅 화이트 (2005)
미소 (2003)
파리의 연인들 (2006)
생, 날선생 (2006)
매직 스워드 (1998)
가필드 2 (2006)
섀기 독 (2006)
럭키 유 (2007)
노래하는 탐정 (2003)
터널 3D (2014)
어밴던드 (2015)
엘카미노 크리스마스 (2017)
장난스런 키스 (2018)
드래곤 길들이기 3 (2019)
두번할까요 (2018)
호날두 (2015)
엄마 까투리 (2010)
돌아오라 개구리 소년 (1992)
퍼펙트맨 (2019)
브링 더 소울 : 더 무비 (2019)
러브 유어셀프 인 서울 (2018)
번 더 스테이지: 더 무비 (2018)
영웅본색 3 (1989)
용형호제 (1986)
사제출마 (1980)
존 웨인의 철인들 (1969)
엘 핀 델 문도 (2012)
에이리언 컨버전스 (2017)
흡혈형사 나도열 (2006)
홈 얼론: 더 홀리데이 하이스트 (2012)
십계 (1956)
마당위의 아이 (2008)
뽀로로 극장판 슈퍼썰매 대모험 (2013)
아더 크리스마스 (2011)
겨울왕국 2 (2019)
시선 사이 (2015)
느루 (2018)
조한 (2008)
콜드 워 (2012)
난 지구 반대편 나라로 가버릴테야 (2014)
극장판 진격의 거인 2기: 각성의 포효 (2018)
높은 풀 속에서 (2019)
이사벨 (2018)
토미 리 존스의 쓰리 베리얼 (2005)
슬로터하우스 룰즈 (2018)
해피타임 스파이 (2018)
비전스 (2016)
헬 (2011)
날 용서해줄래요? (2018)
윌러드 (2003)
뻔뻔한 딕 & 제인 (2005)
쟈니 잉글리쉬 3: 스트라이크 어게인 (2018)
배드 사마리안 (2018)
다 큰 녀석들 (2010)
영원스 (2014)
얼리맨 (2018)
나이트 리스너 (2006)
여인잔혹사 물레야 물레야 (1983)
데드랜드 (2014)
맨디 (2018)
스피닝 맨 (2018)
미들 맨 (2009)
잇 로컬 (2016)
적인걸3: 사대천왕 (2018)
서유복요편 (2017)
복수의 사도 (2018)
악마와의 조우 (2012)
귀신 이야기 (2017)
1월의 두 얼굴 (2013)
롭 더 몹 (2014)
악인 (2010)
트레이터 (2008)
닌자의 나라 (2017)
클로버필드 패러독스 (2018)
무서운 꿈 (2017)
더블: 달콤한 악몽 (2013)
블레스 더 차일드 (2000)
베이직 (2003)
블레임 (2017)
슬레이어 (1998)
만덜레이 (2005)
필사의검 토리사시 (2010)
백트랙 (2015)
리브 바이 나이트 (2016)
제독: 미힐 드 로이테르 (2015)
추운 곳에서 온 스파이 (1965)
콘스탄트 가드너 (2005)
미결처리반 Q (2013)
도사하산 (2015)
프로포지션 (2005)
지옥의 모텔 (1980)
우리가 불속에서 잃어버린 것들 (2007)
나는 비밀을 알고 있다 (1956)
해리의 소동 (1955)
누명 쓴 사나이 (1956)
더 팩토리 (2011)
데빌스 노트 (2013)
드림캐쳐 (2003)
애니멀 킹덤 (2010)
줄루 범죄도시 (2013)
프로즌 그라운드 (2013)
버스 657 (2015)
이중간첩 (2002)
얼굴 (1999)
프라이버시 (2013)
4발가락 (2002)
테일 오브 테일즈 (2015)
로큰롤라 (2008)
차일드 44 (2015)
데드폴 (2012)
런던 블러바드 (2010)
써스피션 (1992)
더 드롭 (2014)
골든 에이지 (2007)
여왕 마고 (1994)
더 로버 (2014)
데인저러스 메소드 (2011)
고스트 쉽 (2002)
왕의 이름으로 (2007)
내 심장이 건너뛴 박동 (2005)
콜레라 시대의 사랑 (2007)
미스터 클라인 (1976)
의개운천 (1986)
브로큰 시티 (2013)
가시나무왕 (2010)
네 무덤에 침을 뱉어라 (2010)
지상 최고의 아빠 (2009)
하트브레이크 키드 (2007)
희생 (1986)
자헤드 - 그들만의 전쟁 (2005)
라디오맨 (2012)
코드 네임 콘돌 (1975)
두 개의 달 (2012)
헌티드 (2003)
리틀 오데싸 (1994)
더 박스 (2009)
올드스쿨 (2003)
비밀작전 (2010)
도미노 (2005)
대한민국 1% (2010)
레드벨트 (2008)
더 야드 (2000)
유혹은 밤 그림자처럼 (1990)
스트리트 킹 (2008)
더북샵 (2017)
사랑의 가위바위보 (2013)
불이신탐 (2013)
기동순찰대 (2017)
스윗하트 (2018)
신강시선생 (2018)
레프트 비하인드: 휴거의 시작 (2014)
험한 교육 (2011)
쿵푸연맹: 사대천왕 (2018)
와이 힘? (2016)
피스트 파이트 (2017)
마이어로위츠 (2017)
폴카 킹 (2017)
해가 서쪽에서 뜬다면 (1998)
워킹 데드 나잇 (2018)
가슴 달린 남자 (1993)
나두야 간다 (2004)
메이터와 도깨비 불 (2006)
서러브레드 (2017)
IO (2018)
쏘리 투 보더 유 (2018)
몬스터 트럭 (2017)
죽어야 사는 여자 (1992)
클로즈 (2019)
열차의 도착 (1895)
플래시드 (1999)
선지자의 밤 (2014)
오퍼레이션 피날레 (2018)
빠삐용 (2017)
마린 6: 격투 (2018)
Mr. 로빈 꼬시기 (2006)
레테의 연가 (1987)
지구가 끝장 나는 날 (2013)
부엉이의 눈 (2014)
요짐보 (1961)
디서비디언스 (2017)
태그 (2018)
파이널 스코어 (2018)
라이프 오브 더 파티 (2018)
클라운 (2014)
작은 영혼의 쉼터 (2012)
더 보이스 (2014)
인투 더 샤크스톰 (2017)
더 큐어드 (2017)
퓨쳐 월드 (2018)
더 도메스틱스 (2018)
엔테베 작전 (2018)
그날이 오면 (2018)
화분 (1972)
늑대들 (2013)
환상속의 그대 (2013)
백년해로외전 (2009)
수지 (2014)
센트럴 인텔리전스 (2016)
엑스트라 (1998)
원펀치 2 (2016)
군 (2011)
LOL (2012)
잘 되길 바라 (2010)
들국화는 피었는데 (1974)
데스 콜 (2016)
위스키 걸로어! (2016)
배드 맘스 크리스마스 (2017)
금옥만당 (1995)
변검 (1995)
레 미제라블 (1998)
킬 스위치 (2017)
우주의 크리스마스 (2015)
사랑의 레시피 (2007)
이웃집 빅풋 (2017)
위대한 탄생 (2006)
12피트 (2016)
달려라 자전거 (2008)
아이 씽크 위아 얼론 나우 (2018)
존 큐 (2002)
내겐 너무 가벼운 그녀 (2001)
스튜어트 리틀 (1999)
더 월 (2017)
플랫라이너 (2017)
천녀유혼 (2011)
체인지 업 (2011)
틴 토이 (1988)
안드레와 월리 꿀벌의 모험 (1984)
레드의 꿈 (1987)
프레스토 (2008)
아래층 사람들 (2016)
원 맨 밴드 (2005)
더 리벤지 (2017)
겨울왕국 열기 (2015)
마이크의 새 차 (2002)
블랙 타이드 (2018)
룩소 2세 (1986)
디스 이즈 포티 (2012)
장식품 (1989)
잭-잭의 공격 (2005)
XX (2017)
게리의 게임 (1997)
안녕, 나의 소울메이트 (2016)
전선 위의 참새 (2000)
인 허 플레이스 (2014)
물고기 자리 (2000)
점프 (2003)
루터 (2003)
버려진 청춘 (1982)
싱귤래리티 (2017)
가문의 위기 (2005)
가질 수 있다면 (2017)
납치해주세요 (2017)
장옥의 편지 (2017)
달마야, 서울 가자 (2004)
괜찮아요, 미스터 브래드 (2017)
그녀를 모르면 간첩 (2004)
커피와 담배 (2003)
쿵푸 캅 (2015)
루스에게 생긴 일 (2017)
협도연맹: 도둑들의 전쟁 (2017)
부시윅 (2017)
어웨이크닝 조디악 (2017)
필그리미지 (2017)
남자의 일생 (2014)
맥북이면 다 되지요 (2016)
더 프로미스 (2016)
더 하우스 (2017)
식스 빌로우 (2017)
스내치드 (2017)
레이디 블루 상하이 (2010)
슈퍼 홍길동 2 - 공초 도사와 슈퍼 홍길동 (1988)
바닷가에서 (1915)
빈 (1997)
풍운대전 (2017)
청춘그루브 (2010)
작쩐 (2016)
로즈 (2017)
나의 사촌 레이첼 (2017)
가족은 괴로워 2 (2017)
영 메시아 (2016)
도프 (2015)
땐뽀걸즈 (2017)
가문의 부활 - 가문의 영광3 (2006)
똥례...하면 죽는다 (2015)
혼노지 (2017)
그랑프리 (2010)
펜스 (2016)
슬리더 (2006)
바이러스 (2016)
스킵트레이스: 합동수사 (2016)
리멤버 (2015)
메이즈 헌터 : 살인곰의 습격 (2014)
와호장룡: 운명의 검 (2016)
맹룡과강 (1972)
쿼런틴 2 : 죽음의 공항 (2011)
플라이트 7500 (2013)
리메이닝 (2014)
드래곤 블레이드: 천장웅사 (2015)
턱시도 (2002)
위험한 상견례 2 (2015)
끝과 시작 (2013)
강철대오 : 구국의 철가방 (2011)
마이 프리텐드 와이프 (2011)
가문의 영광4 - 가문의 수난 (2011)
카우보이 & 에이리언 (2011)
무등산타잔, 박흥숙 (2005)
마마 (2011)
삼국지: 명장 관우 (2011)
적과의 동침 (2011)
뮬란: 전사의 귀환 (2009)
타임코드 (2005)
반가운 살인자 (2010)
위대한 독재자 (1940)
8인 : 최후의 결사단 (2009)
여름, 속삭임 (2008)
아이스 에이지 3 : 공룡시대 (2009)
노트 온 어 스캔달 (2006)
캐딜락 레코드 (2008)
난징! 난징! (2009)
쏘우 - 여섯 번의 기회 (2009)
반두비 (2009)
크로싱 (2008)
커플테라피 : 대화가 필요해 (2009)
웨딩드레스 (2009)
프롬파리 위드러브 (2010)
하늘에서 음식이 내린다면 (2009)
앨빈과 슈퍼밴드 2 (2009)
앨빈과 슈퍼밴드 (2007)
뉴욕 아이러브유 (2009)
카페, 한 사람을 기다리다 (2014)
리지 (2018)
산다 (2014)
사랑 없는 숲 (2019)
좀비 워 (2018)
그링고 (2018)
28세 미성년 (2016)
메이트 (2017)
인어공주 (2004)
애프터 (2019)
스테이션 7 (2017)
톰 소여의 모험 (1938)
외야의 천사들 (1994)
미스터 3000 (2004)
팀 버튼의 화성침공 (1996)
신데렐라 (2015)
투씨 (1982)
유치원에 간 사나이 (1990)
고인돌 가족 플린스톤 (1994)
칼릴 지브란의 예언자 (2014)
슈퍼맨 (1978)
프로스트 vs 닉슨 (2008)
쉬즈 더 맨 (2006)
왝 더 독 (1997)
뉴욕은 언제나 사랑 중 (2008)
울학교 이티 (2008)
러브 어페어 (1994)
선물 (2001)
내 여자친구를 소개합니다 (2004)
모노폴리 (2006)
후크 (1991)
바이센테니얼 맨 (1999)
로미오 머스트 다이 (2000)
내셔널 트레져: 비밀의 책 (2007)
피터 팬 (2003)
사랑도 통역이 되나요? (2003)
매치 포인트 (2005)
머니 핏 (1986)
톰 행크스의 볼케이노 (1990)
유브 갓 메일 (1998)
댓 씽 유 두 (1996)
로맨틱 크라운 (2011)
영 앤 이노센트 (1937)
보물성 (2002)
무비 43 (2013)
빅 웨딩 (2013)
두 번의 결혼식과 한 번의 장례식 (2012)
엑시덴탈 러브 (2015)
데이브 속 데이브 (2008)
메이저 리그 (1989)
세레니티 (2005)
극장판 파워레인저: 애니멀포스 VS 닌자포스 미래에서 온 메시지 (2017)
프렌즈 위드 베네핏 (2011)
무숙자 (1973)
블리치 (2018)
오스틴 파워 : 제로 (1997)
어쩌다 룸메이트 (2018)
삼국지: 황건적의 난 (2018)
니나 (1993)
뽕 (1985)
뽕 2 (1988)
밤치기 (2017)
소림족구 (2016)
셧 인 (2016)
삼국지 : 용의부활 (2008)
남자가 여자를 사랑할 때 (1993)
프린세스 다이어리 2 (2004)
카3: 새로운 도전 (2017)
꼬리치는 남자 (1995)
아스팔트위의 동키호테 (1988)
카를로스 (2010)
쥬니어 (1994)
비오는 날의 수채화 (1989)
고래 사냥 2 (1985)
영원한 제국 (1995)
킹핀 (1996)
래리 플린트 (1996)
코드네임 제로니모 (2012)
지존무상 (1989)
용서받지 못한 자 (1992)
비틀쥬스 (1988)
킬러스 (2010)
늑대 개 (1994)
발레리나 (2016)
모두가 초능력자 (2015)
라 빠르망 (1996)
더 테너 리리코 스핀토 (2014)
미스 푸줏간 (2016)
인디안 썸머 (2001)
디스 이즈 디 엔드 (2013)
5년째 약혼 중 (2012)
아나스타샤 (1997)
리오 2 (2014)
은밀한 유혹 (1993)
연산일기 (1987)
모텔 선인장 (1997)
데이브 (1993)
똑바로 살아라 (1997)
기막힌 사내들 (1998)
아들 (2007)
준벅 (2005)
쟈니 잉글리쉬 (2003)
킨제이 보고서 (2004)
음치클리닉 (2012)
아다다 (1987)
워킹 걸 (1988)
나쁜 나라 (2015)
나의 결혼원정기 (2005)
50가지 그림자:심연 (2017)
도신 - 정전자 (1989)
겁나는 여친의 완벽한 비밀 (2006)
들어는 봤니? 모건부부 (2009)
긴급 명령 (1994)
나인 (2009)
추락하는 것은 날개가 있다 (1989)
어느 멋진 순간 (2006)
34번가의 기적 (1994)
터너와 후치 (1989)
그들만의 리그 (1992)
레이디킬러 (2004)
랭고 (2011)
베토벤 (1992)
엑스 파일 : 나는 믿고 싶다 (2008)
손톱 (1994)
밴디다스 (2006)
일단 뛰어 (2002)
아파트 (2006)
발몽 (1989)
웨더 맨 (2005)
브레이브 원 (2007)
바람 부는 날이면 압구정동에 가야 한다 (1993)
토이즈 (1992)
하루 (2000)
하면 된다 (2000)
단적비연수 (2000)
커튼콜 (2016)
신장개업 (1999)
피터와 드래곤 (2016)
S 다이어리 (2004)
철원기행 (2014)
나의 그리스식 웨딩 (2002)
편지 (1997)
소시민 (2015)
캐논볼 (1981)
캐논볼 2 (1984)
스위니 토드: 어느 잔혹한 이발사 이야기 (2007)
스위치 (1991)
수잔 브링크의 아리랑 (1991)
프랭키와 쟈니 (1991)
마지막 보이 스카웃 (1991)
분노의 역류 (1991)
어니스트 3 - 감옥에 가다 (1990)
헨리 밀러의 북회귀선 (1990)
그렘린 2 (1990)
전선 위의 참새 (1990)
젊은 날의 초상 (1990)
니드 포 스피드 (2014)
라스트베가스 (2013)
나쁜 이웃들 (2014)
약장수 (2014)
남부군 (1990)
리쎌 웨폰 3 (1992)
리쎌 웨폰 2 (1989)
로렌조 오일 (1992)
취화선 (2002)
고래사냥 (1984)
포도나무를 베어라 (2006)
핑크 (2011)
바다 쪽으로, 한 뼘 더 (2009)
굿바이 보이 (2010)
히치콕 트뤼포 (2015)
크리스마스에 기적을 만날 확률 (2003)
블렌디드 (2014)
튜브 (2003)
방과후 옥상 (2005)
대한민국 헌법 제1조 (2002)
키스할까요 (1998)
신부수업 (2004)
분신사바 (2004)
고스톱 살인 (2013)
재밌는 영화 (2002)
플래쉬 오브 지니어스 (2008)
마다가스카 3 : 이번엔 서커스다! (2012)
로빈과 마리안 (1976)
라스트 콘서트 (1976)
올드미스 다이어리_극장판 (2006)
우리, 사랑일까요? (2005)
아름답다 (2007)
더티 댄싱 -하바나 나이트 (2004)
다이얼 M을 돌려라 (1954)
팅커벨 4 : 날개의 비밀 (2012)
프로젝트 X (2012)
배틀 인 시애틀 (2007)
루키 (2002)
쇼를 사랑한 남자 (2013)
어네스트와 셀레스틴 (2012)
화성 아이, 지구 아빠 (2007)
플라이트 93 (2006)
미라클 프롬 헤븐 (2016)
페어런트 트랩 (1998)
명왕성 (2012)
세븐 싸이코패스 (2012)
피플 라이크 어스 (2012)
애니 홀 (1977)
발렌타인 데이 (2010)
카핑 베토벤 (2006)
타임 머신 (1960)
폭풍의 언덕 (1992)
스토커 (2002)
꿈의 구장 (1989)
위아영 (2014)
내 이름은 튜니티 (1970)
6월의 일기 (2005)
해피 피트 (2006)
척 앤 래리 (2007)
콰이강의 다리 (1957)
올 더 킹즈 맨 (2006)
레고 무비 (2014)
에픽:숲속의 전설 (2013)
킹 뉴욕 (1990)
사랑도 리콜이 되나요 (2000)
밀크 (2008)
위트니스 (1985)
코미디의 왕 (1983)
투 브라더스 (2004)
헨젤과 그레텔 (2007)
사이드웨이 (2004)
천국의 속삭임 (2006)
가디언의 전설 (2010)
원피스 : 저주받은 성검 (2004)
원피스 : 데드엔드의 모험 (2003)
극장판 명탐정 코난 : 탐정들의 진혼가 (2006)
가을날의 동화 (1987)
그라운드의 이방인 (2014)
어느 멋진 날 (1996)
마이 시스터즈 키퍼 (2009)
영광의 길 (1957)
센스, 센서빌러티 (1995)
스테이션 에이전트 (2003)
성질 죽이기 (2003)
새벽의 7인 (1975)
소울 서퍼 (2011)
잭 (1996)
파파 (2011)
라스베가스에서만 생길 수 있는 일 (2008)
츠레가 우울증에 걸려서 (2011)
허공에의 질주 (1988)
청춘 스케치 (1994)
라자르 선생님 (2011)
역전에 산다 (2003)
자본주의: 러브스토리 (2009)
롤라 (2007)
천국에 다녀온 소년 (2014)
크레이지 핸드 (1999)
알파독 (2006)
캣츠 & 독스 (2001)
코블러 (2014)
키스 키스 뱅 뱅 (2005)
더 가드 (2011)
스페셜 시큐리티 : 라스트 미션 (2017)
리브 앤 다이 (1985)
언컨셔스 (2015)
개구쟁이 스머프 2 (2013)
개구쟁이 스머프 (2011)
마이펫의 이중생활 2 (2019)
허당 해적단 (2012)
39 계단 (1935)
토이 스토리 오브 테러 (2013)
시크릿 세탁소 (2019)
다즐링 주식회사 (2007)
졸업 연습 (1995)
짱구는 못말려 : 폭풍을 부르는 정글 (2000)
화해의 조건 (2018)
원피스 극장판 - 진기한 동물섬의 쵸파 왕국 (2002)
원피스 : 네지마키 섬의 모험 (2001)
원피스 : 황금의 대해적 우난 (2000)
미스 포터 (2006)
그녀들을 도와줘 (2018)
미워할 수 없는 녀석들 (2018)
우리집 (2019)
좋아요 스타 (2019)
신데렐라 (1950)
백설공주와 일곱 난쟁이 (1937)
메기 (2018)
미드 90 (2018)
앙코르 (2005)
폴락 (2000)
뷰티풀 보이 (2018)
소름 (2001)
달세계 여행 (1902)
인 마이 슬립 (2010)
보이 이레이즈드 (2018)
아사코 (2018)
높이 나는 새 (2019)
아니마 (2019)
벤 이즈 백 (2018)
클루리스 (1995)
미스터 스마일 (2018)
바람의 저편 (2018)
레토 (2018)
렛 더 선샤인 인 (2017)
할로윈 (2018)
양의 나무 (2017)
세 번째 살인 (2017)
더그의 특별 임무 (2009)
번-E (2008)
털 (2004)
마세티 킬즈 (2013)
굿 다이노 (2015)
미생 프리퀄 (2013)
텍사스 전기톱 연쇄살인사건 : 0(제로) (2006)
몬스터 vs 에이리언 (2009)
찰리 바틀렛 (2007)
바운티 헌터 (2010)
알러뷰 맨 (2009)
사랑은 언제나 진행중 (2009)
아메리칸 파이 7 : 사랑의 금서 (2009)
신부들의 전쟁 (2009)
스위트룸 (2005)
어글리 트루스 (2009)
브라이즈헤드 리비지티드 (2008)
쥬랜더 (2001)
해양경찰 마르코 (2012)
초급쾌체 (2016)
송지효의 심천연가 (2016)
도터 (가제) (2019)
데모닉 (2015)
신데렐라 스토리 (2004)
레드 아이 (2004)
나이트메어 시네마 (2018)
불렛 헤드: 파멸의 시작 (2017)
디아볼릭 (1996)
레드라이트 (2012)
썸머 솔스티스 (2008)
보딩 스쿨: 기숙학교 (2018)
그랜드 피아노 (2013)
13일의 금요일 (2009)
미결처리반 Q: 순수의 배신 (2018)
멜리스 (2015)
엑스칼리버 (1981)
타임 투 킬 (1996)
무서운 영화 3 (2003)
콩고 (1995)
나이트메어 3 - 꿈의 전사 (1987)
대폭격 (2018)
폐쇄병동 (2017)
칼라 퍼플 (1985)
디스토티드 (2018)
정상회담 살인사건 (2016)
범죄와 비행 (1989)
서스펙트 제로 (2004)
뮤지엄 (2016)
데드 걸즈 (2014)
악령의 집 (2014)
케이트 맥콜 (2013)
제시벨 (2014)
페티쉬 (2008)
미결처리반 Q: 믿음의 음모 (2016)
죽음을 부르는 밤 (2017)
더 볼트 (2017)
안티갱 스쿼드 (2015)
저주의 시작 (2015)
여고괴담5 (2009)
스위트 버지니아 (2017)
비포 앤 애프터 (1996)
더블샤크 (2012)
오스 (2016)
은밀한 교육의 비밀 (2017)
네온 데몬 (2016)
캐빈 피버 : 블러디 홀리데이 (2016)
더 사운드 (2017)
베헤모스 : 괴물의 습격 (2011)
새벽의 저주 온 더 플레인 (2007)
나이트 오브 데몬스 (2009)
더 포그 (2005)
리저너블 다우트 (2014)
님프, 피의 요정 (2014)
비데블: 저주의 어플 (2016)
어론 인 더 다크 (2005)
목요일이었던 남자 (2016)
파일 : 4022일의 사육 (2014)
미결처리반 Q: 도살자들 (2014)
내 무덤에 침을 뱉어라 (1978)
무서운 이야기 3: 화성에서 온 소녀 (2016)
킬러 무비 (2008)
하드 라이드 투 헬 (2010)
캠퍼스 킬러 (2008)
유령 마을 (1989)
행맨 (2015)
해부학 교실 (2007)
폴터가이스트 (2015)
앵귀시: 소녀의 저주 (2015)
인 데어 스킨 (2012)
소중한 날의 꿈 (2011)
청춘연애 (2016)
쥬만지:넥스트 레벨 (2019)
집 이야기 (2019)
영하의 바람 (2018)
아이리시맨 (2019)
블랙머니 (2019)
데이트 앤 스위치 (2014)
엘비스와 대통령 (2015)
쉬 원츠 미 (2012)
원 나잇 리멤버 (2011)
올리버 트위스트 (2005)
화씨 911 (2004)
노먼: 더 마더레이트 라이즈 앤드 트래직 폴 오브 어 뉴욕 픽서 (2016)
룰라바이 (2014)
더 걸 후 인벤티드 키싱 (2016)
마마듀크 (2010)
빅 이어 (2011)
쉬즈 퍼니 댓 웨이 (2014)
챔피언의 아침 (1999)
셰터드 글래스 (2003)
크레이들 윌 락 (1999)
폴리와 함께 (2004)
그로스 포인트 블랭크 (1997)
심슨 가족 (1999)
소은이의 무릎 (2017)
연인들 (2008)
디어 마이 프렌드 (2018)
포드 V 페라리 (2019)
스노우 화이트 (2019)
모리스 (1987)
라스트 크리스마스 (2019)
구해줘! (2011)
내 맘도 몰라주고 (2010)
결정적 순간 (2010)
이것이 우리의 끝이다 (2013)
누에치던 방 (2016)
동행 (2015)
오늘영화 (2014)
잭 앤 다이앤 (2012)
위민 인 트러블 (2009)
줄리아 (2008)
타이탄 A. E. (2000)
아마츄어들 (2005)
베이브는 외출 중 (1999)
소년은 울지않는다 (2008)
4인의 프로페셔널 (1966)
컴플리트 언노운 (2016)
보이콰이어 (2014)
이스마엘의 유령 (2017)
달나라에 사는 여인 (2016)
엔젤페이스 (2018)
닥터 두리틀 (2020)
락 앤 롤 보트 (2009)
아름다운 날들 (2016)
더 디너 (2017)
막달라 마리아: 부활의 증인 (2018)
좀비랜드: 더블 탭 (2019)
더 글래스 캐슬 (2017)
시라크 (2015)
리브 어게인 (2015)
더블 스파이 (2009)
나는 비밀을 알고 있다 (1934)
살인 (1930)
하숙인 (1927)
쾌락의 정원 (1925)
비밀 첩보원 (1936)
협박 (1929)
패러딘 부인의 사랑 (1947)
더 콘서트 (2009)
마지막 쇼 (1990)
크라임 오브 패션 (1984)
시카고 캡 (1998)
스탑로스 (2008)
헷지 (2006)
셜록 홈즈 3 (2021)
도미노 (2019)
유카탄 (2013)
키스를 빌려드립니다 (1988)
홈 포 더 할리데이 (1995)
진저브레드 맨 (1998)
뱅뱅 (1994)
투 걸스 (1997)
찰리 채플린의 인생, 그리고 예술 (2003)
앨리의 사랑 만들기 (1997)
스포트라이트 (1991)
당신의 성인을 알아보는 법 (2006)
에로스 (2004)
굿나잇 앤 굿럭 (2005)
오토 모티브스 (2000)
천사의 선택 (1989)
에어 아메리카 (1990)
레스터레이션 (1995)
암흑의 차이나타운 (1989)
데인저 존 (1996)
숏컷 (1993)
원더 보이즈 (2000)
회색 도시 (1987)
백 투 스쿨 (1986)
1969 (1988)
원 나잇 스탠드 (1997)
블랙 앤 화이트 (1999)
터프 (1985)
사랑의 동반자 (1993)
데이라잇 (1996)
악인은 살아 있다 (2014)
소울 오브 브레드 (2012)
홀패스 - 일주일의 자유 (2011)
아메리칸 하이스트 (2014)
밀리언 달러 암 (2014)
토마스와 친구들 - 극장판 3 (2010)
팔괘장: 무림쟁패 (2016)
신의 한 수: 귀수편 (2019)
루나 (2017)
나부야 나부야 (2018)
바더 마인호프 (2008)
손오공 : 색즉시공 (2018)
레고 무비2 (2019)
극장판 헬로 카봇: 백악기 시대 (2018)
극장판 헬로 카봇: 옴파로스 섬의 비밀 (2018)
무간도 외전 (2018)
강력 3반 (2005)
체크 메이트 캅 (2019)
사랑은 없다 (2015)
오토기리소우 (2001)
아이스케키 (2006)
은혼2: 규칙은 깨라고 있는 것 (2018)
엘리엇과 산타 썰매단 (2018)
위시업 (2018)
우리 학교 (2006)
경계도시2 (2009)
소녀의 세계 (2018)
삼국-무영자 (2018)
더 파티 (2017)
극장판 가면라이더 vs 파워레인저 슈퍼히어로 대전 (2012)
극장판 파워레인저 트레인포스 VS 다이노포스 THE MOVIE (2015)
반도 (2019)
드림 쏭 (2016)
슬리핑 위드 아더 피플 (2015)
러닝 위드 더 데빌 (2019)
더 머시 (2017)
마이클 잭슨의 디스 이즈 잇 (2009)
사회인 (2019)
이별계약 (2013)
행복의 나라 (2018)
낙원 - 파라다이스 (2009)
너를 만난 여름 (2019)
판소리 복서 (2018)
계절과 계절 사이 (2018)
아더 우먼 (2014)
사랑해! 진영아 (2013)
디 아티쿠스 인스티튜트 (2015)
세상의 끝까지 21일 (2012)
아리조나 (2018)
버즈 오브 프레이(할리퀸의 황홀한 해방) (2020)
오늘도 위위 (2018)
신문기자 (2019)
캣츠 (2019)
마이 라이프 (1993)
리플리컨트 (2001)
작은 사탄 (2017)
도리안 그레이 (2009)
스피어 (1998)
타임 투 리브 (2005)
싱글맨 (2009)
블러드 라인 (1998)
랭고리얼 (1995)
퀵실버 (1986)
유혹의 선 (1990)
플루토에서 아침을 (2005)
고스포드 파크 (2001)
당신을 오랫동안 사랑했어요 (2008)
승리호 (가제) (2019)
하얀 궁전 (1990)
날나리 종부전 (2008)
데스 레이스 4: 비욘드 아나키 (2018)
바틀 로켓 (1996)
와인스타인 (2019)
체인지오버 (2017)
블루노트 레코드 (2018)
미스 스티븐스 (2016)
어떤 시선 (2013)
블루밍 러브 (2014)
오션스 일레븐 (1960)
어떤 손님 (2019)
우디 앨런:우리가 몰랐던 이야기 (2012)
아주 특별한 손님 (2006)
소와 함께 여행하는 법 (2010)
가벼운 잠 (2008)
그의 진실이 전진한다 (2002)
줄탁동시 (2011)
필름시대사랑 (2015)
왓에버 웍스 (2009)
브로큰 플라워 (2005)
지구의 끝까지 (2019)
돈 컴 노킹 (2005)
보트 (1921)
대열차 강도 (1903)
다이빙벨 그후 (2018)
앵그리스트맨 (2013)
월터 교수의 마지막 강의 (2015)
더 보스 (2016)
아이스 에이지 (2002)
다락방의 외계인 (2009)
리트릿 (2011)
쿼런틴 (2008)
우쵸우텐 호텔 (2005)
스트레인지 매직 (2015)
대디 보이 (2012)
락아웃 : 익스트림미션 (2012)
메이 (2002)
잇츠 퍼니 스토리 (2010)
아기와 나 (2008)
난 그녀와 키스했다 (2015)
너 어느 별에서 왔니? (2000)
리틀 칠드런 (2006)
아리 (2017)
귀환 (2019)
쓰나미 LA (2018)
기적의 소년 (2019)
미스터 캣 (2016)
나인스 라이프 (2016)
미 투 (2009)
금계SSS (2014)
스쿠프! (2016)
나오코 (2008)
노바디 원츠 더 나이트 (2015)
시민 노무현 (2018)
라이프 온 더 라인 (2015)
당신 없는 일주일 (2014)
디어 엘리너 (2016)
그리다 (2017)
사랑이 이긴다 (2014)
메이킹 패밀리 (2016)
뉴욕에서 온 남자, 파리에서 온 여자 (2007)
칠곡 가시나들 (2019)
우리, 운명일까? (2018)
퍼미션 (2017)
갈매기 (2018)
테이킹 우드스탁 (2009)
천국에서의 5분간 (2009)
성난 군중으로부터 멀리 (2015)
미드나잇 스페셜 (2016)
프랑코포니아 (2015)
빵과 장미 (2000)
우리 손자 베스트 (2016)
메루, 한계를 향한 열정 (2015)
라 루나 (2011)
페이퍼맨 (2012)
프리실라 (1994)
해리 파괴하기 (1997)
케빈 하트 - 왓 나우? (2016)
치유 (1917)
사랑에 눈뜰 때 (1985)
리노의 도박사 (1996)
BMW 단편 프로젝트 - 틱커 (2002)
지구 (2007)
해피 고 럭키 (2008)
출출한 여자 (2013)
마이 블루베리 나이츠 (2007)
밀리언즈 (2004)
텐 미니츠 - 첼로 (2002)
아마도 악마가 (1977)
어떤방문 : 디지털삼인삼색2009 (2009)
열차 안의 낯선 자들 (1951)
구명 보트 (1944)
시간의 춤 (2009)
깃 (2004)
심판 (1999)
이것이 스파이널 탭이다 (1984)
에디슨 시티 (2005)
빅 카후나 (1999)
쉬핑 뉴스 (2001)
당신이 섹스에 대해 알고 싶었던 모든 것 (1972)
1984 (1984)
제2의 연인 (1986)
어웨이크닝 (2011)
빅 미라클 (2012)
플라워즈 (2010)
행복의 스위치 (2006)
웃음의 대학 (2004)
사보타주 (1936)
스탠리 큐브릭: 영화 속의 인생 (2001)
새 (1963)
스펠바운드 (1945)
금지된 사랑 (1989)
콘돌은 날아간다 (2012)
키스 (2011)
콩가네 (2012)
뜨거운 안녕 (2013)
쇼퍼홀릭 (2009)
윔피 키드 (2010)
셋업 (2011)
피프티 데드 맨 워킹 (2008)
구구는 고양이다 (2008)
화이팅 패밀리 (2012)
더 이글 (2011)
국경의 남쪽 (2006)
Mr. 아이돌 (2011)
천국의 우편배달부 (2009)
여섯 개의 시선 (2003)
리카운트 (2008)
러브 송 포 바비 롱 (2004)
멋진 인생 (2011)
오이시맨 (2008)
꼭 껴안고 눈물 핑 (2009)
사랑할 때 이야기하는 것들 (2006)
마법사들 (2005)
범죄의 요소 (1984)
친정엄마 (2010)
흑심모녀 (2008)
심장이 뛴다 (2010)
당신이 잠든 사이에 (2008)
달콤한 거짓말 (2008)
도둑맞곤 못살아 (2002)
오프로드 (2007)
시선 1318 (2008)
푸른 강은 흘러라 (2008)
킬미 (2009)
비상 (2009)
헬로우 마이 러브 (2009)
나는 나비 (2009)
다른 길이 있다 (2015)
기억, 발꿈치를 들다 (2003)
반짝반짝 두근두근 (2014)
더 매니저 (2013)
그 놈, 그녀를 만나다 (2012)
삽질 (2018)
피서지에서 생긴 일 (1959)
풍뎅이뎅이 (2017)
결백 (2019)
돌멩이 (2017)
에이프릴의 딸 (2017)
물속에서 숨 쉬는 법 (2017)
언더독 (2018)
브라더 오브 더 이어 (2018)
춘천, 춘천 (2016)
레인보우 (2009)
소리꾼 (2020)
에움길 (2019)
아담 (2009)
킬링 군터 (2017)
대탈주 (1963)
베리 굿 걸 (2013)
런던 시계탑 밑에서 사랑을 찾을 확률 (2015)
라듸오 데이즈 (2007)
대통령의 연인 (1995)
마더 앤 차일드 (2009)
나의 사랑, 그리스 (2015)
믹스 (2017)
다시 태어나도 우리 (2016)
베스트 엑조틱 메리골드 호텔 (2011)
세이빙 MR. 뱅크스 (2013)
오버 더 펜스 (2016)
라이어 (2004)
나우 이즈 굿 (2012)
조이 럭 클럽 (1993)
아사히나구 (2017)
거짓말은 자란다 (2015)
우리, 사랑해도 되나요? (2005)
레드 노즈 데이 액츄얼리 (2017)
리틀 이태리 (2018)
버티고 (2018)
20분의 사랑 (1914)
워 독스 (2016)
스타스키와 허치 (2004)
지구 최후의 날 (1951)
볼링 포 콜럼바인 (2002)
위 오운 더 나잇 (2007)
스카페이스 (1932)
로저와 나 (1989)
빅 원 (1997)
웨스트 사이드 스토리 (1961)
라스트 왈츠 (1978)
슈퍼 사이즈 미 (2004)
그린치 (2018)
레고 배트맨 무비 (2017)
어글리 돌 (2019)
덤보 (2019)
쿠보와 전설의 악기 (2016)
라스트 킹: 왕가의 혈투 (2016)
햄버거 힐 (1987)
아기배달부 스토크 (2016)
홈 (2015)
미조 (2014)
스누피: 더 피너츠 무비 (2015)
몬스터 호텔 2 (2015)
박스트롤 (2014)
필로미나의 기적 (2013)
하늘에서 음식이 내린다면 2 (2013)
리오 (2011)
크루즈 패밀리 (2013)
송 포 유 (2012)
더 허슬 (2019)
신오룡원지소요강호 (2018)
소시대 : 청목시대 (2013)
소시대3 : 자금시대 (2014)
소시대 (2013)
만달레이로 가는 길 (2016)
극장판 오소마츠 6쌍둥이 (2019)
나의 히어로 아카데미아 더 무비: 두 명의 히어로 (2018)
로빈슨 가족 (2007)
상처의 해석 (2019)
저스틴 (2013)
명탐정 코난 : 천공의 난파선 (2010)
천재강아지 미스터 피바디 (2014)
점박이: 한반도의 공룡 3D (2012)
킹스맨: 퍼스트 에이전트 (2020)
아메리칸 히어로 (2015)
더 퍼스트 퍼지 (2018)
무서운 영화 5 (2013)
엔드 오브 디 어스 (2013)
이모티: 더 무비 (2017)
아스테릭스: 신들의 전당 (2014)
메리, 퀸 오브 스코틀랜드 (2018)
두 번째 여름, 두 번 다시 만날 수 없는 너 (2017)
언셀러 (2014)
논스톱: 다마스커스 타겟 (2018)
게임 체인저 (2015)
폴 블라트 : 몰 캅 2 (2015)
와일드 로즈 (2018)
그루지 매치 (2013)
라이딩 업힐 (2018)
투 윅스 노티스 (2002)
팔려가는 소녀들 - 추악한 진실 (2017)
저니스 엔드 (2017)
세르지오 앤 세르게이 (2017)
킬 더 메신저 (2014)
샌디 웩슬러 (2017)
먼 훗날 우리 (2018)
뮤트 (2017)
모나리자 스마일 (2003)
어느 허무명랑한 인생 (2018)
넘버원 전화사기단 (2015)
더 건맨 (2014)
무사의 레시피 (2013)
레이스 (2016)
컨스피러시 (2001)
더 브론즈 (2015)
도서관 전쟁 : 혁명의 날개 (2012)
어느 비행사에 대한 추억 (2011)
세인트☆영맨 (2013)
겁쟁이 페달: 더 무비 (2015)
브레이브 스토리 (2006)
미요리의 숲 (2007)
도서관 전쟁 (2013)
백일홍 (2015)
맨츄리안 캔디데이트 (2004)
아웃레이지 비욘드 (2012)
나의 로맨틱 가이드 (2009)
위핏 (2009)
저스트 라이크 헤븐 (2005)
찰리 윌슨의 전쟁 (2007)
하비의 마지막 로맨스 (2008)
귀 없는 토끼 (2007)
러브 매니지먼트 (2008)
부산 (2009)
엘레지 (2008)
줄리 & 줄리아 (2009)
프리덤 (2014)
크리미널 게임: 보석 사기단 (2018)
웨어드 유 고, 버나뎃 (2019)
더 우먼 인 더 윈도우 (2020)
라이프가드 (2013)
우먼 인 할리우드 (2018)
안티버스 (2016)
헬로 케이티 (2016)
미스 줄리 (2014)
찰리스 앤젤스 (2019)
6 언더그라운드 (2019)
패밀리 (2018)
터미네이터: 다크 페이트 (2019)
갓 헬프 더 걸 (2014)
SAS: 레드 노티스 (2020)
프로포즈 데이 (2010)
언플랜드 (2019)
러브 인 클라우즈 (2004)
블루스 인 인디아 (2017)
저스트 머시 (2020)
베로니카의 이중생활 (1991)
고질라 vs 콩 (2020)
디스트로이어 (2018)
나를 미치게 하는 여자 (2015)
에버 애프터 (1998)
애프터 워 (2019)
오필리아 (2018)
더 메들러 (2015)
미스터 라잇 (2015)
우리는 언제나 성에 살았다 (2018)
나이트 오브 컵스 (2015)
당신이 사랑하는 동안에 (2004)
더 리듬 섹션 (2019)
내가 죽던 날 (2019)
복스 럭스 (2018)
피치 퍼펙트3 (2017)
내 인생을 훔친 사랑스러운 도둑녀 (2013)
아스널: 리로디드 (2017)
프롬 나이트 (2008)
아랑 (2006)
베시 (2015)
바람을 길들인 풍차소년 (2018)
그녀가 모르는 그녀에 관한 소문 (2005)
코마 (2005)
리클레임 (2014)
100일 동안 100가지로 100퍼센트 행복찾기 (2018)
디어리스트 (2014)
코멧 (2014)
나이트 퓨리의 선물 (2011)
퓨처라마: 인투 더 와일드 그린 욘더 (2009)
결혼 이야기 (2019)
익스큐즈 미 포 리빙 (2012)
조조 래빗 (2019)
더 버터플라이 (2007)
코퍼러트 애니멀스 (2019)
브라운 슈가 (2002)
핑크빛 연인 (1986)
국경의 왕 (2017)
맥카닉: 마지막 추격 (2013)
더 패키지 (2018)
더 포이즌 로즈 (2019)
특파원 (2016)
프라이빗 워 (2018)
번 아웃 (2017)
그리움과 함께 사는 법 (2015)
푸른 노을 (2017)
인 더 히어로 (2014)
어바웃 리키 (2015)
빅 게임 (2014)
계몽영화 (2009)
욕정이 활활 (2015)
경축! 우리사랑 (2007)
나를 찾아서 (2014)
러브 소니아 (2017)
럭키 (2017)
황야 (2017)
겟 하드 (2015)
90 미니츠 인 헤븐 (2015)
일렉트릭 슬라이드 (2014)
미스테리 알라스카 (1999)
텀 라이프 (2016)
나는 고양이로소이다 (2016)
디스트럭션 베이비 (2016)
비블리아 고서당 사건수첩 (2018)
매리 (2019)
올 이즈 트루 (2018)
레드 핫 (1993)
인크레더블 버트 원더스톤 (2013)
핵전략 사령부 (1964)
솔저 블루 (1970)
루인드 하트: 킬러와 창녀의 러브스토리 (2014)
킹 페타르: 세계대전의 서막 (2018)
쏜: 슬리피헤드 (2010)
웬디와 루시 (2008)
한나 아렌트 (2012)
안개속의 풍경 (1988)
인테로게이션 (2018)
그 남자의 사랑법 (2008)
스킨 (2018)
적과의 동침 (1991)
테이크 미 홈 (2011)
라스트 부루맨 (1977)
슬리퍼스 (1996)
그레이트 레이드 (2005)
나는 예수님이 싫다 (2018)
장 폴 고티에: 프릭 앤 시크 (2019)
파리에선 로맨스 (2018)
섹스 - 애나벨 청 스토리 (1999)
앳 이터너티스 게이트 (2018)
이터널 윈터 여자 포로수용소 (2018)
라스트 배틀 (2019)
독수리 요새 (1968)
숨겨진 요새의 세 악인 (1958)
리멤버 (2011)
화이트 라이언 찰리 (2018)
라스트 플래그 플라잉 (2017)
제인 오스틴 북클럽 (2007)
히틀러를 죽인 남자 (2018)
소년과 개 (1975)
캘리포니아 타이프라이터 (2016)
이지 러브 (2019)
이타미 준의 바다 (2019)
홀리 랜드 (2019)
머큐리 13 (2018)
호크니 (2014)
오! 그레이스 (2000)
인도로 가는 길 (1984)
포 페더스 (2002)
발라드 이름 없는 사랑의 노래 (2009)
오델로 (1995)
환타스틱 모던가야그머 (2011)
야생마와 죄수 (2019)
빌 스트리트가 말할 수 있다면 (2018)
왓 어 걸 원츠 (2003)
21그램 (2003)
비욘세의 홈커밍 (2019)
다크 크라임스 (2016)
사브리나 (1995)
허리케인: 배틀 오브 브리튼 (2018)
나의 작은 시인에게 (2018)
돈을 갖고 튀어라 (1969)
랜드 오브 플렌티 (2004)
라플라스의 마녀 (2018)
웰컴 투 마웬 (2018)
허비 행콕 : 무한한 가능성 (2006)
광란의 시간 (1990)
디스 크레이지 하트 (2017)
프론트 러너 (2018)
더 헤이트 유 기브 (2018)
운명 (2017)
최첨단 편집: 영화편집의 마술 (2004)
엘라 인챈티드 (2004)
사랑할 때 버려야 할 아까운 것들 (2003)
네브라스카 (2013)
플라이 미 투 더 문 (2012)
뉴욕 스토리 (1989)
시스터스 브라더스 (2018)
호스 위스퍼러 (1998)
바운더리스 (2018)
자마 (2017)
하이 크라임 (2002)
프라이빗 라이프 (2018)
천사탈주 (1989)
사랑의 기적 (1990)
작은 아씨들 (1994)
내가 찍은 그녀는 최고의 슈퍼스타 (2006)
시드니 홀의 실종 (2017)
넬 (1994)
켈리의 영웅들 (1970)
어느 날 인생이 엉켰다 (2018)
데블스 오운 (1997)
폭스트롯 (2017)
도그마 (1999)
애도하는 사람 (2014)
제임스 브라운 (2014)
무사의 가계부 (2010)
오빠의 불꽃놀이 (2010)
앞서 걷는 여인 (2017)
더 홀 (1997)
피파 리의 특별한 로맨스 (2009)
어제 오늘 그리고 내일 (1993)
드림 빅 - 세상을 바꾸는 엔지니어링 (2017)
아틀란틱 시티 (1980)
인 어 월드... (2013)
최저 (2017)
뷰티풀 그린 (1996)
브로드웨이를 쏴라 (1993)
언프리티 소셜 스타 (2017)
진링의 13소녀 (2011)
대디스 홈 2 (2017)
마에스트로! (2015)
미세스 헨더슨 프리젠츠 (2005)
멋진 악몽 (2011)
대공항 2013 (2013)
스모크 (1995)
네드 켈리 (2003)
더티 프리티 씽 (2002)
어싸인먼트 (1997)
럼블 피쉬 (1983)
카이로의 붉은 장미 (1985)
스웹트 어웨이 (2002)
한여름의 방정식 (2013)
방황하는 칼날 (2009)
새 구두를 사야해 (2012)
아트 오브 겟팅 바이 (2011)
스페셜 포스 : 블러드 마운틴 (2016)
더 웨이 (2010)
배드 컨트리 (2014)
마이 러브 리키 (1998)
그 규칙은 당신에게 적용되지 않아요 (2016)
굿바이 그레이스 (2007)
티모시 그린의 이상한 삶 (2012)
황색눈물 (2007)
드론 컨트롤러 (2017)
언피니시드 (2010)
터치 오브 라이트 (2012)
소년은 울지 않는다 (1999)
와인 미라클 (2008)
머신건 프리처 (2011)
베니스의 상인 (2004)
콰이어트 맨 (2007)
보포트 (2007)
올 위 해드 (2016)
벨라 (2006)
로맨스와 담배 (2005)
파리 폴리 (2014)
바나나 공화국 (1971)
나의 판타스틱 데뷔작 (2007)
미스 페티그루의 어느 특별한 하루 (2008)
루르드 (2009)
브리치 (2007)
비지터 (2007)
오퍼레이션 메콩 (2016)
러브 아일랜드 (2014)
얼론 인 베를린 (2016)
비욘드 더 씨 (2004)
집행자 - 목자이자 도살자 (2016)
포커 하우스 (2008)
한여름 밤의 섹스 코메디 (1982)
붙어야 산다 (2003)
기요스 회의 (2013)
탈룰라 (2016)
핫 라드 (2007)
마더스 데이 (2016)
섹시 비스트 (2000)
바람의 형제들 (2015)
모니카 벨루치의 돌아보지 마 (2009)
카드보드 복서 (2016)
씨 오브 트리스 (2015)
연을 쫓는 아이 (2007)
스테이지 뷰티 (2004)
비터 문 (1992)
아이 쏘우 더 라이트 (2015)
터치 오브 스파이스 (2003)
모즈 (2015)
라이크 선데이, 라이크 레인 (2014)
대디스 홈 (2015)
리버레이터 : 자유를 위해 (2013)
인 유어 아이즈 (2013)
마지막 영화관 (1971)
프레지던트 메이커 (2015)
에피 그레이 (2014)
드론전쟁 : 굿 킬 (2014)
페어웰, 마이 퀸 (2012)
천일의 앤 (1969)
리디큘러스 6 (2015)
트래픽 (2000)
로스트 인 더 선 (2015)
프레리 홈 컴패니언 (2006)
스푹스:MI5 (2015)
웨딩 링어 (2015)
맥스 (2015)
나 없는 내 인생 (2003)
서브마린 (2010)
베스트 엑조틱 메리골드 호텔 2 (2015)
롱기스트 라이드 (2015)
해피엔딩 프로젝트 (2012)
레이첼, 결혼하다 (2008)
데이즈 앤 나이츠 (2014)
스콰터스 (2014)
매치 (2014)
만능감정사 Q -모나리자의 눈동자- (2014)
맨, 우먼 & 칠드런 (2014)
머나먼 다리 (1977)
렛츠 비 캅스 (2014)
저지 보이즈 (2014)
어 워크 인 더 우즈 (2015)
에코스 오브 워 (2015)
바비 (2006)
프렌즈 : 하얀 거짓말 (2010)
파인딩 포레스터 (2000)
애정의 조건 (1983)
썸머 인 페브루어리 (2012)
투 포 더 머니 (2005)
럭키 원 (2012)
당신에게 (2012)
라스베가스의 공포와 혐오 (1998)
피셔 킹 (1991)
레일웨이 맨 (2013)
앵커맨 2 : 레전드 컨티뉴 (2013)
더 와일디스트 드림 (2010)
뉴욕의 연인들 (2011)
무사 노보우: 최후의 결전 (2011)
나는 살고 싶다 (1958)
찰리 컨트리맨 (2013)
킨키 부츠 (2005)
발명의 아버지 (2010)
세크리터리 (2002)
보이즈 앤 후드 (1991)
키핑 더 페이스 (2000)
전쟁과 한 여자 (2012)
마이크 뉴웰의 위대한 유산 (2012)
알 파치노의 뉴욕 광시곡 (1996)
아버지를 위한 노래 (2011)
베로니카, 죽기로 결심하다 (2009)
전쟁 주식회사 (2008)
라스트 나잇 (2010)
론리 플레이스 투 다이 (2011)
햄릿 (1996)
귀향 (2006)
익스트림 게임 : 서울어택 (2014)
내겐 너무 아찔한 그녀 (2004)
음모자 (2009)
아메리칸 오지 (2011)
나쁜 이웃들 2 (2016)
퀸카가 아니어도 좋아 (2015)
스파이 키드 4: 올 더 타임 인 더 월드 (2011)
수상한 가족 (2009)
그린 호넷 (2011)
스몰 타운 크라임 (2017)
여배우는 오늘도 (2014)
애프터 썬셋 (2004)
인터스테이트 (2002)
달콤한 신부들 (1988)
어쩌다 로맨스 (2019)
5.18 힌츠페터 스토리 (2018)
스몰풋 (2018)
데스노트 (2017)
우리 연애의 이력 (2015)
미안해 사랑해 고마워 (2014)
빅 마마 하우스 : 라이크 파더, 라이크 선 (2011)
당신은 몇번째인가요? (2011)
라운드 업 (2010)
내 여자친구의 결혼식 (2011)
돈비 어프레이드 - 어둠 속의 속삭임 (2011)
러브 앤 프렌즈 (2011)
여대생 기숙사 (2009)
에라곤 (2006)
온천탕 타임머신 (2010)
고스트 오브 걸프렌즈 패스트 (2009)
비스틀리 (2011)
제로 포커스 (2009)
러셀 크로우의 아이언 피스트 (2012)
해안가로의 여행 (2015)
신주쿠 스완 2 (2017)
라우더 댄 밤즈 (2015)
파이어월 (2006)
후처업의 여자 (2016)
바비 (2011)
히어로 일본 대침공 (2018)
하이힐을 신고 달리는 여자 (2011)
사요나라 이츠카 (2010)
별을 바라보는 개 (2011)
내니 다이어리 (2007)
나리, 이자이옵니다! (2016)
슬라이딩 도어즈 (1998)
라이어 게임 : 더 파이널 스테이지 (2009)
아, 황야 (2017)
아, 황야 2 (2017)
콘트라밴드 (2012)
식스틴 블럭 (2006)
프리덤랜드 (2006)
인포먼트 (2009)
시리아나 (2005)
스윗 앤 로다운 (1999)
도감에 없는 곤충 (2007)
펠레: 버스 오브 어 레전드 (2016)
너는 착한 아이 (2015)
히어로 (2007)
아이리스 : 더 무비 (2009)
맨하탄 (1979)
리얼 완전한 수장룡의 날 (2013)
돈많은 친구들 (2006)
상하이 (2010)
트루 크라임 (1999)
미스터 추: 기발한 미국 유학기 (2014)
추즈 (2010)
바이스: 범죄도시 (2015)
비바 (2015)
블랙버드 (2014)
엔들리스 러브 (2014)
사랑은 마법처럼 (2012)
인 블룸 (2007)
오즈 그레이트 앤드 파워풀 (2013)
티쳐 인 옥타곤 (2012)
어느 날, 사랑이 걸어왔다 (2010)
명탐정 코난 : 은빛 날개의 마술사 (2004)
토처드 (2010)
나쁜 피 (2011)
라스트 러브 인 뉴욕 (2006)
더 스토리 : 세상에 숨겨진 사랑 (2012)
디 애퍼리션 (2012)
엣지 오브 타임 (2010)
파이어프루프 - 사랑의 도전 (2008)
트랜짓 (2012)
쇼핑몰 캅 (2009)
할머니는 일학년 (2012)
통통한 혁명 (2012)
세 번째 사랑 (2010)
하울링: 리본 (2011)
룸메이트 (2011)
알파 앤 오메가 (2010)
이고르와 귀여운 몬스터 이바 (2008)
테라3D : 인류 최후의 전쟁 (2007)
22블렛 (2010)
베드타임 스토리 (2008)
아더와 미니모이 : 제1탄 비밀 원정대의 출정 (2006)
비니스 (2007)
임펄스 (2008)
콰이어트 (2005)
페이트 스테이 나이트 헤븐즈필 제2장 로스트 버터플라이 (2019)
펭귄 하이웨이 (2018)
비천무 (2000)
머니 트레인 (1995)
하나와 앨리스: 살인사건 (2015)
더 크리스마스 (2017)
체인 리액션 (1996)
13번째 전사 (1999)
新극장판 이니셜D: 레전드3 -몽현- (2016)
신비아파트: 금빛 도깨비와 비밀의 동굴 (2018)
티라노의 발톱 (1994)
워터 호스 (2007)
명탐정 코난 : 순흑의 악몽 (2016)
넛잡: 땅콩 도둑들 (2013)
고스트 헌터: 얼음 몬스터의 부활 (2015)
저스티스 리그: 다크 (2017)
나쵸 리브레 (2006)
공작 부인: 세기의 스캔들 (2008)
맹글혼 (2014)
태평륜 피안 (2015)
벤허 (2003)
천년학 (2006)
몬테 카를로 (2011)
플립 (2015)
블링 링 (2013)
나는 아직도 네가 지난 여름에 한 일을 알고 있다 (1998)
코드명 J (1995)
산타 클로스 (1994)
마스코트 (2016)
에브리씽 유브 갓 하우 두 유 노우 (2010)
캔디 상자 (2018)
오프닝 나이트 (2016)
미스터 루스벨트 (2017)
미드웨이 (2019)
하늘과 바다 (2009)
사랑한다, 사랑하지 않는다 (2011)
2025 지구전쟁: 얼리전스 오브 파워 (2016)
신을 믿습니까? (2015)
애니 레보비츠: 렌즈를 통해 들여다본 삶 (2006)
인휴먼즈 (2017)
달콤한 백수와 사랑만들기 (2006)
알리바이 닷 컴 (2016)
월드 트레이드 센터 (2006)
하얀방 (2002)
히어로 (2013)
사랑하니까, 괜찮아 (2006)
공주와 개구리 (2009)
60일의 썸머 (2017)
헌팅 오브 힐하우스 (2019)
파인딩 스티브 맥퀸 (2019)
톤-데프 (2019)
리틀 우즈 (2018)
건달티처 (2019)
블로커스 (2018)
트와일라잇 조디악 (2019)
슈퍼미니 2 (2018)
레드배드 (2018)
가로 : 신의 어금니 (2017)
넥스트 젠 (2018)
뎁트 콜렉터 : 스페셜 에이전트 (2018)
불능범 (2017)
트래저디 걸스 (2017)
오퍼레이션 레드 씨 (2018)
콜드 블러드 레거시 (2019)
인어공주 (2018)
플레이 오어 다이 (2019)
포인트 블랭크 (2019)
Sum1 (2017)
건 샤이 (2017)
비욘드 엣지: 카지노를 털어라 (2018)
니콜라스 케이지의 나 혼자 간다 (2016)
워리어스 게이트 (2016)
스트라튼 (2016)
3월의 라이온 후편 (2017)
오토만 루테넌트 (2016)
게임의 규칙 (2017)
트릭 (2014)
재패니스 걸스 네버 다이 (2016)
역시영구 (2017)
에스피오나지 투나잇 (2017)
몬스터 프로젝트 (2017)
컴, 투게더 (2017)
보이카: 언디스퓨티드 파이널 (2016)
원스텝 (2016)
서핑업 2: 웨이브 마니아 (2017)
더 할로우 포인트 (2016)
로봇 오버로드 (2014)
펀하우스 매서커 (2015)
변태 가면2: 잉여들의 역습 (2016)
론섬 도브 처치 (2014)
갤럭시 히어로즈: 라쳇 앤 클랭크 (2016)
테라포마스 (2016)
아빠 부대 (2016)
라이드 어롱 2 (2016)
앨빈과 슈퍼밴드: 악동 어드벤처 (2015)
두 오버 (2016)
도성풍운 3 (2016)
퍼세이컨 (2015)
12 라운드 3 록다운 (2015)
월 스트리트: 분노의 복수 (2013)
잃어버린 세계를 찾아 2015 (2009)
라이프 애프터 베스 (2014)
페이퍼 타운 (2015)
인피니: 에이펙스의 비밀 (2015)
션샤인 러브 (2013)
생 로랑 (2014)
이겨라 승리호! (2008)
루팡 3세 무삭제판 (2014)
혼스 (2013)
좀비스쿨 (2014)
스위트 알리바이 (2014)
데드엔드 (2013)
패션, 위험한 열정 (2012)
리코일 (2011)
라스트 송 (2010)
더 뮬: 죽음의 질주 (2013)
화양: 당대최고수전 (2012)
춤추는 대수사선 4 (2012)
레이징 피닉스 (2009)
스피드 엔젤 (2010)
스테이 얼라이브 (2006)
왓치 (2012)
맥시멈 컨빅션 (2012)
귀 鬼 (2010)
웨딩스캔들 (2012)
마이 소울 투 테이크 (2010)
대한이, 민국씨 (2007)
솔로탈출귀 (2015)
회복 (2009)
분장 (2016)
어덜트 월드 (2013)
밤과 함께 (2015)
미스 유 올레디 (2015)
뉴욕에서 착하게 살아가는 법 (2010)
마이크롭 앤 가솔린 (2015)
앱솔루트 파워 (1997)
마강호텔 (2006)
환절기 (2018)
잃어버린 세계를 찾아서 (2019)
이상한 나라의 앨리스 (2018)
사랑과 음악사이 (2014)
양양 (2017)
오징어와 고래 (2005)
요시 (2012)
보이즈 오브 아부 그라이브 (2014)
원나잇 온리 (2014)
와일드 영 (2003)
무산일기 (2010)
엄마에게 (2011)
더 블랙 (2018)
부서진 밤 (2010)
한복자 (2013)
토르: 러브 앤 썬더 (2021)
전학생 (2015)
세친구 (1996)
히마와리와 나의 7일 (2013)
엉덩이 요정 마일로 (2013)
송강호의 조카 (2016)
고독이 몸부림칠 때 (2004)
팡파레 (2019)
가시꽃 (2012)
난장이가 쏘아올린 작은 공 (1981)
오발탄 (1961)
사랑과 거짓말 (2017)
X세대 연애 방식 (1992)
쉿! 오늘부터 거기만 남자! (2016)
정상회담 (2019)
유어 프렌즈 (2007)
미녀 파이터 : 그녀들의 전쟁 (2014)
타부: 새누나 (2016)
아담스 패밀리 2 (1993)
명탐정 코난 : 이차원의 저격수 (2014)
어글리 멜라니 (2008)
오케이! 마담 (2019)
카르페 디엠 (2009)
하트브레이커 (2010)
샬레이 걸 (2011)
사랑은 당신 (2012)
와일드 인 블루 (2014)
유혹의 기술 (2013)
이치조 사유리의 젖은 욕망 (1972)
여자의 정사 (2009)
내 남자의 이중생활 (2013)
라우더 댄 워즈 (2013)
러빙이비자: 섹슈얼아일랜드 (2013)
배꼽 (2009)
바운티 킬러 (2013)
해피니스 네버 컴즈 얼론 (2012)
퍼즐 러브 (2010)
에브리바디 올라잇 (2010)
리틀 빗 오브 헤븐 (2011)
베이타운 디스코 (2012)
소피의 연애매뉴얼 (2009)
퍼시픽 하이츠 (1990)
마녀 (2013)
사랑의 용기 (1992)
귀여워 (2004)
나비 효과 2 (2006)
지골로 인 뉴욕 (2013)
러브 미 이프 유 데어 (2003)
내 친구의 소원 (2009)
한번도 안해본 여자 (2013)
더 리버 (1951)
빅 바운스 (2004)
두 얼굴의 탐정 (1989)
출옥자 (1978)
케인호의 반란 (1954)
크람푸스 (2015)
겨울이야기 (2004)
명자 아끼꼬 쏘냐 (1992)
바다 탐험대 옥토넛 시즌4: 아슬아슬 구조대작전 (2015)
해커즈 (1995)
프렌치 캉캉 (1954)
위기의 암호명 (1986)
신병 교육대 (1980)
더 레이디 (2011)
디지몬 어드벤처 트라이 : 제4장 상실 (2017)
디지몬 어드벤처 트라이 제3장: 고백 (2016)
디지몬 어드벤처 tri 제2장: 결의 (2016)
디지몬 어드벤처 트라이 제1장: 재회 (2015)
짱구는 못말려 극장판 : 태풍을 부르는 황금스파이 대작전 (2011)
고스트 : 보이지 않는 사랑 (2010)
4.4.4. (2007)
날아라 펭귄 (2009)
게스 후? (2005)
명탐정 코난 : 화염의 해바라기 (2015)
캔디 케인 2 : 데드 어헤드 (2008)
발레교습소 (2004)
토막살인범의 고백 (2018)
점박이 한반도의 공룡2 : 새로운 낙원 (2018)
블랙 미러 - 화이트 크리스마스 (2014)
우리 만난 적 있나요 (2009)
벨아미 (2012)
내 남자 사용법 (2012)
69세 (2019)
방랑의 천사 (1978)
킬러 : 살수구양분재 (2011)
기억속에 퍼즐 (2012)
고닌 사가: 5인의 복수 (2015)
아말피 여신의 보수 (2009)
12금압 (2015)
스파이 파파 (2011)
더 위저드 오브 라이즈 (2017)
베를린 천사의 시 (1987)
처녀들의 저녁식사 (1998)
허영의 불꽃 (1990)
이터널스 (2020)
배트맨 (1966)
레고 : 클러치 파워의 모험 (2010)
선샤인 온 리스 (2013)
둠스데이 2014 (2010)
요크 상사 (1941)
츠바키 산주로 (1962)
백두산 (2019)
러블리, 스틸 (2008)
섹스 앤 더 시티 (2008)
그린치 (2000)
파리의 아메리카인 (1951)
아메리칸 파이 : 19금 동창회 (2012)
남주기 아까운 그녀 (2008)
S러버 (2009)
보더 2 : 속죄 (2017)
보더 : 충동 (2017)
미스 발라 (2019)
흐린 하늘에 웃다 (2018)
치하야후루 -끝맺음- (2018)
양과자점 코안도르 (2011)
인생의 약속 (2015)
베리만 통과하기 (2013)
비벌리 힐스 치와와 (2008)
언럭키맨 (2015)
블랙 위도우 (2020)
킬러의 보디가드 2 (2020)
링스 어드벤처 (2008)
뮬란 2 (2004)
쿠스코? 쿠스코! (2000)
하와이 여행 (2011)
명탐정 코난 : 침묵의 15분 (2011)
베놈 2 (2020)
보글보글 스폰지밥 (2004)
닥터 스트레인지 2
크루즈 패밀리 2 (2020)
아바타 2 (2018)
정글북 2
라틴 러버가 되는 법 (2017)
트라이앵글 (2009)
알렐루야 (2014)
후쿠오카 (2019)
감쪽같은 그녀 (2019)
왓 데이 해드 (2018)
후난성 전투 (2017)
핫 봇 (2016)
러브 펀치 (2013)
미워하고 사랑하고 (2013)
배틀트립 투 그리스 (2013)
마이원 앤 온리 (2009)
코파카바나 (2010)
미스터 우드콕 (2007)
슈퍼 히어로 (2008)
마이클 콜린스 (1996)
리틀 액시던트 (2014)
멜린다와 멜린다 (2004)
VHS 3 (2014)
그레이티스트 (2009)
파라다이스 로스트: 마약 카르텔의 왕 (2014)
기타리스트: 열정을 부르는 선율 (2008)
더 듀크 오브 버건디 (2014)
겜블러 (2014)
해파리 공주 (2014)
레이디 수잔 (2016)
저스트 어 이어 (2013)
핸즈 오브 스톤 (2015)
블랙웨이 (2015)
갤럭시 가도 (2015)
뷰티풀 프래니 (2015)
하복 (2005)
더 클럽 (2008)
곰돌이 푸 (2011)
슬랙 베이:바닷가 마을의 비밀 (2016)
조지 클루니의 표적 (1998)
노 브레인 레이스 (2001)
리멤버 미 (2010)
마이 독 스킵 (2000)
드릴빗 테일러 : 저예산 보디가드 (2008)
더 굽 (2014)
미드나잇 가든 (1997)
브로큰 데이트 (2010)
결단의 3시 10분 (1957)
러브 인 코리아 (2010)
후쿠시마의 미래 (2013)
나홀로 휴가 (2015)
슬기로운 해법 (2013)
달밤체조 2015 (2018)
I AM. (2011)
지푸라기라도 잡고 싶은 짐승들 (2018)
풍경 (2013)
그댄 나의 뱀파이어 (2014)
시티 오브 크레인 (2009)
로니를 찾아서 (2009)
꼬방동네 사람들 (1982)
짝코 (1980)
열여덟,열아홉 (2010)
수녀 수련 기간 (2017)
미성년 (2014)
대통령의 7시간 (2019)
내 친구의 사생활 (2008)
스쿠비-두 2 : 몬스터 대소동 (2004)
택시 : 더 맥시멈 (2004)
젊은 남자 (1994)
모리와 함께 한 화요일 (1999)
더 베일 (2017)
이별 (1973)
사람의 아들 (1980)
빗 속의 연인들 (1976)
진짜 진짜 잊지마 (1976)
파더 피겨스 (2017)
피스트 (2014)
우주전사 버즈 (2000)
올리브 키터리지 (2014)
삼총사 (1993)
러브 구루 (2008)
살인의 함정 (2008)
나는 네가 캠퍼스에서 한 일을 알고 있다 (2009)
어 싸우전드 워즈 (2012)
하이드 파크 온 허드슨 (2012)
드렁크 스톤드 브릴리언트 데드 : 더 스토리 오브 더 내셔널 램푼 (2015)
마스터 클렌즈 (2015)
성형일기 (2014)
우리 가족은 외박 중 (2015)
링크 (2011)
그녀는 날 싫어해 (2004)
헌티드 맨션 (2003)
길소뜸 (1985)
못말리는 결혼 (2007)
색화동 (2007)
할 수 있는 자가 구하라 (2010)
남산의 부장들 (2018)
도마뱀 (2006)
바람의 언덕 (2019)
아이들을 주의하라 (2019)
사랑이 이끄는 대로 (2015)
홍상수 영화를 찍기로 했다 (2016)
고려 아리랑: 천산의 디바 (2016)
추억의 이름으로 (1989)
시바, 인생을 던져 (2013)
스틸 플라워 (2015)
나만 없는 집 (2017)
죽어도 해피엔딩 (2007)
그녀가 부른다 (2012)
어두워질 때까지 (1967)
허슬러 (2019)
폭력의 법칙: 나쁜 피 두 번째 이야기 (2016)
블러드타이즈 (2013)
리코더 시험 (2011)
사람들 (2017)
갈 수 없는 나라 (2017)
수영장으로 간 남자들 (2018)
구스 베이비 (2018)
베니스 70 : 미래 재장전 (2013)
아름다운 팔도강산 (1971)
썸원 그레이트 (2019)
스위트니스 인 더 벨리 (2019)
이쁜 것들이 되어라 (2013)
그 밤의 술 맛 (2014)
온리 갓 포기브스 (2013)
나는 행복합니다 (2008)
마이 쎄시 걸 (2008)
수요기도회 (2016)
새들이 돌아오는 시간 (2016)
이장 (2019)
연애경험 (2016)
공동정범 (2016)
아무도 없는 곳 (2019)
침팬지 (2012)
모든 것은 바다가 된다 (2009)
시선 너머 (2010)
오카 (2011)
킹 오브 프리즘 -프라이드 더 히어로- (2017)
킹 오브 프리즘 한국어판 (2016)
앵그리 버드 2: 독수리 왕국의 침공 (2019)
어페어 투 리멤버 (1957)
미녀 첩보원 D.E.B.S. (2004)
사랑보다 황금 (2008)
스타트 포 텐 (2006)
러브 앤 피스 (2015)
고잉 더 디스턴스 (2010)
은하 (2015)
슈퍼 프렌즈 (2016)
인피니틀리 폴라 베어 (2014)
놈이 온다 (2013)
스파이 인 디스가이즈 (2019)
씨내리 (1993)
대부업자: 소울 앤 캐시 (2016)
허니문 호텔 살인사건 (2016)
레전드 오브 더 네버비스트 (2014)
정글북 (2016)
징기스칸 (2009)
가라데로 죽여라 (2016)
쿠티스 (2014)
진격의 거인 파트 2 (2015)
온워드 (2020)
북간도의 십자가 (2019)
뱅드림! 필름 라이브 (2019)
마블: 슈퍼히어로 군단의 비밀 (2014)
나이브스 아웃 (2019)
내 여자의 남자친구 (2007)
